id_commune;annee;insee_pop;insee_log
69001;2016;358;163
69001;2017;369;167
69001;2018;379;170
69001;2019;391;176
69001;2020;393;178
69001;2021;395;180
69001;2022;397;180
69001;2023;397;180
69001;2024;397;180
69002;2016;251;198
69002;2017;248;195
69002;2018;246;193
69002;2019;245;193
69002;2020;244;193
69002;2021;243;193
69002;2022;239;193
69002;2023;239;193
69002;2024;239;193
69003;2016;2833;1129
69003;2017;2880;1160
69003;2018;2911;1191
69003;2019;2947;1206
69003;2020;2982;1221
69003;2021;2991;1231
69003;2022;3013;1231
69003;2023;3013;1231
69003;2024;3013;1231
69004;2016;758;293
69004;2017;763;293
69004;2018;768;294
69004;2019;768;295
69004;2020;766;295
69004;2021;766;296
69004;2022;772;296
69004;2023;772;296
69004;2024;772;296
69005;2016;571;220
69005;2017;578;222
69005;2018;586;224
69005;2019;584;224
69005;2020;589;227
69005;2021;607;235
69005;2022;629;235
69005;2023;629;235
69005;2024;629;235
69006;2016;5024;2724
69006;2017;4976;2690
69006;2018;4929;2657
69006;2019;4919;2676
69006;2020;4906;2692
69006;2021;4840;2679
69006;2022;4858;2679
69006;2023;4858;2679
69006;2024;4858;2679
69007;2016;2712;1241
69007;2017;2713;1249
69007;2018;2715;1256
69007;2019;2749;1278
69007;2020;2743;1281
69007;2021;2751;1301
69007;2022;2760;1301
69007;2023;2760;1301
69007;2024;2760;1301
69008;2016;628;286
69008;2017;640;289
69008;2018;653;292
69008;2019;668;298
69008;2020;675;300
69008;2021;677;300
69008;2022;674;300
69008;2023;674;300
69008;2024;674;300
69009;2016;7094;2915
69009;2017;7178;2951
69009;2018;7443;3064
69009;2019;7538;3104
69009;2020;7754;3209
69009;2021;7947;3316
69009;2022;8139;3316
69009;2023;8139;3316
69009;2024;8139;3316
69010;2016;6421;3092
69010;2017;6398;3105
69010;2018;6418;3140
69010;2019;6410;3161
69010;2020;6437;3224
69010;2021;6453;3289
69010;2022;6469;3289
69010;2023;6469;3289
69010;2024;6469;3289
69012;2016;627;292
69012;2017;622;288
69012;2018;616;284
69012;2019;611;284
69012;2020;606;284
69012;2021;603;285
69012;2022;616;285
69012;2023;616;285
69012;2024;616;285
69013;2016;3686;1512
69013;2017;3778;1547
69013;2018;3847;1578
69013;2019;3897;1601
69013;2020;4063;1673
69013;2021;4215;1772
69013;2022;4408;1772
69013;2023;4408;1772
69013;2024;4408;1772
69014;2016;1136;463
69014;2017;1127;461
69014;2018;1126;463
69014;2019;1129;467
69014;2020;1122;468
69014;2021;1115;470
69014;2022;1108;470
69014;2023;1108;470
69014;2024;1108;470
69016;2016;121;85
69016;2017;120;85
69016;2018;121;85
69016;2019;121;85
69016;2020;121;89
69016;2021;122;88
69016;2022;122;88
69016;2023;122;88
69016;2024;122;88
69017;2016;705;334
69017;2017;731;343
69017;2018;739;345
69017;2019;745;347
69017;2020;745;346
69017;2021;752;353
69017;2022;758;353
69017;2023;758;353
69017;2024;758;353
69018;2016;2122;1193
69018;2017;2157;1210
69018;2018;2155;1216
69018;2019;2148;1220
69018;2020;2144;1226
69018;2021;2123;1238
69018;2022;2103;1238
69018;2023;2103;1238
69018;2024;2103;1238
69019;2016;12776;5765
69019;2017;12971;5857
69019;2018;13057;5914
69019;2019;13314;5972
69019;2020;13336;6031
69019;2021;13542;6117
69019;2022;13767;6117
69019;2023;13767;6117
69019;2024;13767;6117
69020;2016;635;251
69020;2017;631;251
69020;2018;661;265
69020;2019;681;275
69020;2020;693;280
69020;2021;705;285
69020;2022;717;285
69020;2023;717;285
69020;2024;717;285
69021;2016;2266;1034
69021;2017;2293;1084
69021;2018;2317;1099
69021;2019;2340;1113
69021;2020;2346;1126
69021;2021;2348;1137
69021;2022;2351;1137
69021;2023;2351;1137
69021;2024;2351;1137
69022;2016;574;258
69022;2017;575;258
69022;2018;566;271
69022;2019;558;267
69022;2020;549;263
69022;2021;542;263
69022;2022;543;263
69022;2023;543;263
69022;2024;543;263
69023;2016;1583;688
69023;2017;1631;705
69023;2018;1630;704
69023;2019;1635;706
69023;2020;1646;710
69023;2021;1669;725
69023;2022;1692;725
69023;2023;1692;725
69023;2024;1692;725
69024;2016;3966;1814
69024;2017;4037;1849
69024;2018;4088;1965
69024;2019;4122;1971
69024;2020;4157;1976
69024;2021;4155;2000
69024;2022;4143;2000
69024;2023;4143;2000
69024;2024;4143;2000
69026;2016;524;211
69026;2017;530;211
69026;2018;537;211
69026;2019;548;213
69026;2020;542;215
69026;2021;535;216
69026;2022;528;216
69026;2023;528;216
69026;2024;528;216
69027;2016;11265;5063
69027;2017;11434;5117
69027;2018;11697;5238
69027;2019;12097;5414
69027;2020;12403;5605
69027;2021;12388;5713
69027;2022;12330;5713
69027;2023;12330;5713
69027;2024;12330;5713
69028;2016;6067;2501
69028;2017;6174;2543
69028;2018;6315;2622
69028;2019;6478;2710
69028;2020;6589;2778
69028;2021;6661;2814
69028;2022;6718;2814
69028;2023;6718;2814
69028;2024;6718;2814
69029;2016;41060;18941
69029;2017;41543;19212
69029;2018;42216;19601
69029;2019;42244;19574
69029;2020;42442;19649
69029;2021;43049;19831
69029;2022;42850;19831
69029;2023;42850;19831
69029;2024;42850;19831
69030;2016;818;396
69030;2017;816;397
69030;2018;813;398
69030;2019;818;399
69030;2020;819;398
69030;2021;826;400
69030;2022;823;400
69030;2023;823;400
69030;2024;823;400
69031;2016;1373;571
69031;2017;1376;583
69031;2018;1377;583
69031;2019;1379;584
69031;2020;1374;583
69031;2021;1376;585
69031;2022;1378;585
69031;2023;1378;585
69031;2024;1378;585
69032;2016;2021;876
69032;2017;1982;869
69032;2018;1990;882
69032;2019;1988;890
69032;2020;2005;907
69032;2021;2076;934
69032;2022;2144;934
69032;2023;2144;934
69032;2024;2144;934
69033;2016;2642;1028
69033;2017;2722;1062
69033;2018;2803;1100
69033;2019;2883;1137
69033;2020;2879;1137
69033;2021;2937;1161
69033;2022;2951;1161
69033;2023;2951;1161
69033;2024;2951;1161
69034;2016;42915;21798
69034;2017;43187;21985
69034;2018;42847;22132
69034;2019;43294;22385
69034;2020;43355;22696
69034;2021;43572;23180
69034;2022;43479;23180
69034;2023;43479;23180
69034;2024;43479;23180
69035;2016;399;242
69035;2017;391;241
69035;2018;383;240
69035;2019;381;240
69035;2020;379;240
69035;2021;376;240
69035;2022;393;240
69035;2023;393;240
69035;2024;393;240
69036;2016;1123;490
69036;2017;1128;498
69036;2018;1133;496
69036;2019;1138;493
69036;2020;1135;494
69036;2021;1138;498
69036;2022;1135;498
69036;2023;1135;498
69036;2024;1135;498
69037;2016;833;450
69037;2017;839;450
69037;2018;836;460
69037;2019;833;449
69037;2020;830;437
69037;2021;831;441
69037;2022;819;441
69037;2023;819;441
69037;2024;819;441
69038;2016;939;515
69038;2017;938;510
69038;2018;938;504
69038;2019;928;502
69038;2020;924;503
69038;2021;919;504
69038;2022;923;504
69038;2023;923;504
69038;2024;923;504
69039;2016;669;341
69039;2017;682;353
69039;2018;688;355
69039;2019;694;357
69039;2020;697;357
69039;2021;700;362
69039;2022;703;362
69039;2023;703;362
69039;2024;703;362
69040;2016;5603;2802
69040;2017;5526;2771
69040;2018;5570;2794
69040;2019;5748;2885
69040;2020;5749;2887
69040;2021;5936;3025
69040;2022;6124;3025
69040;2023;6124;3025
69040;2024;6124;3025
69042;2016;578;237
69042;2017;573;236
69042;2018;568;235
69042;2019;566;236
69042;2020;570;239
69042;2021;568;240
69042;2022;566;240
69042;2023;566;240
69042;2024;566;240
69043;2016;8577;3616
69043;2017;8717;3690
69043;2018;8790;3743
69043;2019;8846;3772
69043;2020;8887;3794
69043;2021;9052;3914
69043;2022;9217;3914
69043;2023;9217;3914
69043;2024;9217;3914
69044;2016;5016;2244
69044;2017;5067;2408
69044;2018;5119;2482
69044;2019;5170;2555
69044;2020;5237;2612
69044;2021;5311;2673
69044;2022;5272;2673
69044;2023;5272;2673
69044;2024;5272;2673
69045;2016;1240;547
69045;2017;1240;553
69045;2018;1243;556
69045;2019;1248;560
69045;2020;1253;564
69045;2021;1265;574
69045;2022;1269;574
69045;2023;1269;574
69045;2024;1269;574
69046;2016;4529;1800
69046;2017;4541;1865
69046;2018;4552;1875
69046;2019;4563;1884
69046;2020;4585;1910
69046;2021;4606;1935
69046;2022;4670;1935
69046;2023;4670;1935
69046;2024;4670;1935
69047;2016;1062;476
69047;2017;1057;481
69047;2018;1054;482
69047;2019;1051;483
69047;2020;1047;484
69047;2021;1039;486
69047;2022;1031;486
69047;2023;1031;486
69047;2024;1031;486
69049;2016;2775;1173
69049;2017;2784;1188
69049;2018;2793;1203
69049;2019;2791;1207
69049;2020;2833;1231
69049;2021;2828;1234
69049;2022;2901;1234
69049;2023;2901;1234
69049;2024;2901;1234
69050;2016;2158;996
69050;2017;2137;992
69050;2018;2117;989
69050;2019;2113;995
69050;2020;2114;1003
69050;2021;2115;1011
69050;2022;2184;1011
69050;2023;2184;1011
69050;2024;2184;1011
69051;2016;1117;474
69051;2017;1116;477
69051;2018;1139;481
69051;2019;1170;491
69051;2020;1200;500
69051;2021;1208;503
69051;2022;1215;503
69051;2023;1215;503
69051;2024;1215;503
69052;2016;4130;1795
69052;2017;4130;1819
69052;2018;4131;1811
69052;2019;4132;1803
69052;2020;4153;1820
69052;2021;4164;1833
69052;2022;4270;1833
69052;2023;4270;1833
69052;2024;4270;1833
69053;2016;551;291
69053;2017;545;290
69053;2018;544;294
69053;2019;543;289
69053;2020;542;285
69053;2021;538;285
69053;2022;534;285
69053;2023;534;285
69053;2024;534;285
69054;2016;327;250
69054;2017;321;249
69054;2018;332;240
69054;2019;343;243
69054;2020;354;246
69054;2021;361;248
69054;2022;365;248
69054;2023;365;248
69054;2024;365;248
69055;2016;1451;614
69055;2017;1453;617
69055;2018;1448;619
69055;2019;1448;623
69055;2020;1505;652
69055;2021;1506;659
69055;2022;1504;659
69055;2023;1504;659
69055;2024;1504;659
69056;2016;2056;819
69056;2017;2063;821
69056;2018;2085;829
69056;2019;2107;836
69056;2020;2080;845
69056;2021;2069;853
69056;2022;2058;853
69056;2023;2058;853
69056;2024;2058;853
69057;2016;545;265
69057;2017;557;266
69057;2018;570;271
69057;2019;582;276
69057;2020;583;276
69057;2021;587;277
69057;2022;586;277
69057;2023;586;277
69057;2024;586;277
69058;2016;401;231
69058;2017;391;230
69058;2018;387;230
69058;2019;384;231
69058;2020;380;231
69058;2021;398;236
69058;2022;416;236
69058;2023;416;236
69058;2024;416;236
69059;2016;1520;655
69059;2017;1515;660
69059;2018;1533;670
69059;2019;1537;674
69059;2020;1550;682
69059;2021;1591;694
69059;2022;1633;694
69059;2023;1633;694
69059;2024;1633;694
69060;2016;664;377
69060;2017;635;394
69060;2018;605;387
69060;2019;576;380
69060;2020;570;382
69060;2021;564;384
69060;2022;557;384
69060;2023;557;384
69060;2024;557;384
69061;2016;1170;574
69061;2017;1167;575
69061;2018;1178;586
69061;2019;1188;581
69061;2020;1199;577
69061;2021;1204;583
69061;2022;1198;583
69061;2023;1198;583
69061;2024;1198;583
69062;2016;765;320
69062;2017;769;327
69062;2018;774;329
69062;2019;778;331
69062;2020;782;334
69062;2021;791;339
69062;2022;794;339
69062;2023;794;339
69062;2024;794;339
69063;2016;4054;1903
69063;2017;4052;1923
69063;2018;4181;1933
69063;2019;4315;1979
69063;2020;4448;2024
69063;2021;4517;2052
69063;2022;4604;2052
69063;2023;4604;2052
69063;2024;4604;2052
69064;2016;3877;1933
69064;2017;3897;2007
69064;2018;3927;2029
69064;2019;3957;2052
69064;2020;3949;2062
69064;2021;3933;2068
69064;2022;3945;2068
69064;2023;3945;2068
69064;2024;3945;2068
69065;2016;927;411
69065;2017;942;420
69065;2018;954;425
69065;2019;965;429
69065;2020;977;434
69065;2021;984;439
69065;2022;993;439
69065;2023;993;439
69065;2024;993;439
69066;2016;4519;2786
69066;2017;4449;2779
69066;2018;4379;2772
69066;2019;4390;2784
69066;2020;4366;2773
69066;2021;4352;2773
69066;2022;4329;2773
69066;2023;4329;2773
69066;2024;4329;2773
69067;2016;1094;578
69067;2017;1118;575
69067;2018;1142;573
69067;2019;1168;586
69067;2020;1169;587
69067;2021;1172;589
69067;2022;1178;589
69067;2023;1178;589
69067;2024;1178;589
69068;2016;2559;1146
69068;2017;2516;1143
69068;2018;2472;1139
69068;2019;2454;1134
69068;2020;2455;1139
69068;2021;2452;1142
69068;2022;2541;1142
69068;2023;2541;1142
69068;2024;2541;1142
69069;2016;11158;5082
69069;2017;11067;5158
69069;2018;11125;5232
69069;2019;11248;5334
69069;2020;11453;5483
69069;2021;11903;5707
69069;2022;12170;5707
69069;2023;12170;5707
69069;2024;12170;5707
69070;2016;1268;650
69070;2017;1266;655
69070;2018;1258;657
69070;2019;1266;668
69070;2020;1296;680
69070;2021;1327;692
69070;2022;1357;692
69070;2023;1357;692
69070;2024;1357;692
69071;2016;1170;487
69071;2017;1172;492
69071;2018;1175;497
69071;2019;1179;496
69071;2020;1182;495
69071;2021;1179;496
69071;2022;1186;496
69071;2023;1186;496
69071;2024;1186;496
69072;2016;8617;3586
69072;2017;8600;3607
69072;2018;8675;3752
69072;2019;8752;3820
69072;2020;8829;3888
69072;2021;8828;3911
69072;2022;8980;3911
69072;2023;8980;3911
69072;2024;8980;3911
69074;2016;1467;635
69074;2017;1513;656
69074;2018;1531;688
69074;2019;1550;696
69074;2020;1568;704
69074;2021;1564;707
69074;2022;1574;707
69074;2023;1574;707
69074;2024;1574;707
69075;2016;194;83
69075;2017;186;83
69075;2018;189;84
69075;2019;193;86
69075;2020;191;86
69075;2021;194;88
69075;2022;196;88
69075;2023;196;88
69075;2024;196;88
69076;2016;2580;1070
69076;2017;2576;1058
69076;2018;2573;1047
69076;2019;2595;1076
69076;2020;2551;1077
69076;2021;2519;1083
69076;2022;2607;1083
69076;2023;2607;1083
69076;2024;2607;1083
69077;2016;957;381
69077;2017;956;383
69077;2018;954;385
69077;2019;965;392
69077;2020;1035;414
69077;2021;1106;435
69077;2022;1178;435
69077;2023;1178;435
69077;2024;1178;435
69078;2016;823;366
69078;2017;829;367
69078;2018;830;366
69078;2019;837;368
69078;2020;839;370
69078;2021;840;372
69078;2022;842;372
69078;2023;842;372
69078;2024;842;372
69080;2016;1771;697
69080;2017;1799;707
69080;2018;1841;723
69080;2019;1901;746
69080;2020;1914;756
69080;2021;1927;765
69080;2022;1940;765
69080;2023;1940;765
69080;2024;1940;765
69081;2016;18097;8240
69081;2017;18517;8549
69081;2018;18587;8692
69081;2019;18948;8877
69081;2020;18789;8949
69081;2021;18361;9034
69081;2022;18019;9034
69081;2023;18019;9034
69081;2024;18019;9034
69082;2016;251;138
69082;2017;259;144
69082;2018;268;150
69082;2019;270;150
69082;2020;277;153
69082;2021;281;154
69082;2022;278;154
69082;2023;278;154
69082;2024;278;154
69083;2016;1186;465
69083;2017;1169;463
69083;2018;1169;471
69083;2019;1164;467
69083;2020;1159;463
69083;2021;1169;471
69083;2022;1169;471
69083;2023;1169;471
69083;2024;1169;471
69084;2016;1256;714
69084;2017;1265;729
69084;2018;1275;743
69084;2019;1282;747
69084;2020;1300;757
69084;2021;1320;768
69084;2022;1351;768
69084;2023;1351;768
69084;2024;1351;768
69085;2016;1435;615
69085;2017;1449;618
69085;2018;1464;622
69085;2019;1492;636
69085;2020;1491;638
69085;2021;1501;645
69085;2022;1549;645
69085;2023;1549;645
69085;2024;1549;645
69086;2016;2356;947
69086;2017;2334;988
69086;2018;2312;986
69086;2019;2290;984
69086;2020;2272;986
69086;2021;2287;1003
69086;2022;2299;1003
69086;2023;2299;1003
69086;2024;2299;1003
69087;2016;3070;1158
69087;2017;3052;1155
69087;2018;3053;1166
69087;2019;3033;1168
69087;2020;3015;1171
69087;2021;3043;1213
69087;2022;3070;1213
69087;2023;3070;1213
69087;2024;3070;1213
69088;2016;7001;3421
69088;2017;7069;3448
69088;2018;7068;3574
69088;2019;7066;3550
69088;2020;7065;3527
69088;2021;7047;3543
69088;2022;7005;3543
69088;2023;7005;3543
69088;2024;7005;3543
69089;2016;14278;6014
69089;2017;14198;6099
69089;2018;14656;6252
69089;2019;14906;6405
69089;2020;14821;6489
69089;2021;15204;6565
69089;2022;15664;6565
69089;2023;15664;6565
69089;2024;15664;6565
69090;2016;818;341
69090;2017;815;342
69090;2018;814;344
69090;2019;809;344
69090;2020;841;354
69090;2021;873;364
69090;2022;905;364
69090;2023;905;364
69090;2024;905;364
69091;2016;19312;8584
69091;2017;19975;8686
69091;2018;20121;8818
69091;2019;20285;8925
69091;2020;20672;8973
69091;2021;20654;9114
69091;2022;20943;9114
69091;2023;20943;9114
69091;2024;20943;9114
69092;2016;7473;3427
69092;2017;7472;3437
69092;2018;7470;3447
69092;2019;7496;3465
69092;2020;7495;3471
69092;2021;7614;3533
69092;2022;7824;3533
69092;2023;7824;3533
69092;2024;7824;3533
69093;2016;1163;649
69093;2017;1181;661
69093;2018;1184;664
69093;2019;1187;667
69093;2020;1185;666
69093;2021;1198;671
69093;2022;1212;671
69093;2023;1212;671
69093;2024;1212;671
69094;2016;5629;2539
69094;2017;5734;2586
69094;2018;5838;2632
69094;2019;6062;2752
69094;2020;6029;2754
69094;2021;6094;2802
69094;2022;6284;2802
69094;2023;6284;2802
69094;2024;6284;2802
69095;2016;809;374
69095;2017;815;376
69095;2018;821;378
69095;2019;827;382
69095;2020;824;382
69095;2021;829;386
69095;2022;831;386
69095;2023;831;386
69095;2024;831;386
69096;2016;9615;4173
69096;2017;9662;4220
69096;2018;9675;4228
69096;2019;9706;4243
69096;2020;9739;4260
69096;2021;9851;4258
69096;2022;9941;4258
69096;2023;9941;4258
69096;2024;9941;4258
69097;2016;791;327
69097;2017;785;325
69097;2018;777;324
69097;2019;772;324
69097;2020;773;327
69097;2021;756;321
69097;2022;739;321
69097;2023;739;321
69097;2024;739;321
69098;2016;493;217
69098;2017;492;217
69098;2018;505;222
69098;2019;508;224
69098;2020;496;224
69098;2021;488;223
69098;2022;481;223
69098;2023;481;223
69098;2024;481;223
69099;2016;1450;679
69099;2017;1444;679
69099;2018;1442;681
69099;2019;1442;684
69099;2020;1436;692
69099;2021;1431;700
69099;2022;1425;700
69099;2023;1425;700
69099;2024;1425;700
69100;2016;8609;3599
69100;2017;8641;3634
69100;2018;8695;3695
69100;2019;8750;3741
69100;2020;8805;3787
69100;2021;8867;3821
69100;2022;8909;3821
69100;2023;8909;3821
69100;2024;8909;3821
69102;2016;683;329
69102;2017;691;334
69102;2018;713;337
69102;2019;734;332
69102;2020;756;327
69102;2021;751;327
69102;2022;753;327
69102;2023;753;327
69102;2024;753;327
69103;2016;915;497
69103;2017;909;496
69103;2018;906;494
69103;2019;899;492
69103;2020;886;494
69103;2021;885;496
69103;2022;883;496
69103;2023;883;496
69103;2024;883;496
69104;2016;439;283
69104;2017;435;283
69104;2018;433;284
69104;2019;432;286
69104;2020;454;284
69104;2021;475;282
69104;2022;496;282
69104;2023;496;282
69104;2024;496;282
69105;2016;948;396
69105;2017;972;435
69105;2018;997;446
69105;2019;1021;456
69105;2020;1007;458
69105;2021;1027;475
69105;2022;1029;475
69105;2023;1029;475
69105;2024;1029;475
69106;2016;1086;449
69106;2017;1118;455
69106;2018;1149;463
69106;2019;1181;472
69106;2020;1209;481
69106;2021;1264;501
69106;2022;1334;501
69106;2023;1334;501
69106;2024;1334;501
69107;2016;1048;551
69107;2017;1048;550
69107;2018;1049;552
69107;2019;1055;557
69107;2020;1049;555
69107;2021;1055;556
69107;2022;1051;556
69107;2023;1051;556
69107;2024;1051;556
69108;2016;1020;470
69108;2017;1021;472
69108;2018;1041;484
69108;2019;1043;487
69108;2020;1043;488
69108;2021;1062;498
69108;2022;1082;498
69108;2023;1082;498
69108;2024;1082;498
69109;2016;887;404
69109;2017;880;404
69109;2018;870;419
69109;2019;861;423
69109;2020;851;426
69109;2021;854;431
69109;2022;851;431
69109;2023;851;431
69109;2024;851;431
69110;2016;1857;871
69110;2017;1853;873
69110;2018;1848;877
69110;2019;1862;889
69110;2020;1848;903
69110;2021;1834;917
69110;2022;1820;917
69110;2023;1820;917
69110;2024;1820;917
69111;2016;664;286
69111;2017;667;282
69111;2018;670;287
69111;2019;673;291
69111;2020;681;293
69111;2021;691;296
69111;2022;699;296
69111;2023;699;296
69111;2024;699;296
69112;2016;5450;2266
69112;2017;5793;2550
69112;2018;6137;2686
69112;2019;6480;2822
69112;2020;6510;2852
69112;2021;6508;2867
69112;2022;6541;2867
69112;2023;6541;2867
69112;2024;6541;2867
69113;2016;932;373
69113;2017;922;385
69113;2018;911;388
69113;2019;901;391
69113;2020;900;392
69113;2021;903;395
69113;2022;907;395
69113;2023;907;395
69113;2024;907;395
69114;2016;3686;1502
69114;2017;3753;1551
69114;2018;3841;1591
69114;2019;3907;1618
69114;2020;3951;1639
69114;2021;3975;1650
69114;2022;4079;1650
69114;2023;4079;1650
69114;2024;4079;1650
69115;2016;4754;2006
69115;2017;4803;2026
69115;2018;4843;2042
69115;2019;4871;2053
69115;2020;4830;2077
69115;2021;4790;2102
69115;2022;4749;2102
69115;2023;4749;2102
69115;2024;4749;2102
69116;2016;3675;1625
69116;2017;3664;1640
69116;2018;3648;1653
69116;2019;3648;1674
69116;2020;3742;1733
69116;2021;3838;1794
69116;2022;3933;1794
69116;2023;3933;1794
69116;2024;3933;1794
69117;2016;3116;1324
69117;2017;3122;1363
69117;2018;3128;1377
69117;2019;3134;1390
69117;2020;3157;1408
69117;2021;3188;1430
69117;2022;3193;1430
69117;2023;3193;1430
69117;2024;3193;1430
69118;2016;2559;1132
69118;2017;2559;1137
69118;2018;2605;1163
69118;2019;2618;1174
69118;2020;2660;1185
69118;2021;2698;1197
69118;2022;2736;1197
69118;2023;2736;1197
69118;2024;2736;1197
69119;2016;961;418
69119;2017;977;423
69119;2018;975;425
69119;2019;977;429
69119;2020;977;432
69119;2021;964;433
69119;2022;951;433
69119;2023;951;433
69119;2024;951;433
69120;2016;597;302
69120;2017;595;305
69120;2018;594;307
69120;2019;595;307
69120;2020;596;307
69120;2021;595;306
69120;2022;592;306
69120;2023;592;306
69120;2024;592;306
69121;2016;2639;1194
69121;2017;2626;1200
69121;2018;2737;1265
69121;2019;2729;1275
69121;2020;2880;1346
69121;2021;3031;1416
69121;2022;3182;1416
69121;2023;3182;1416
69121;2024;3182;1416
69122;2016;1820;750
69122;2017;1808;752
69122;2018;1864;792
69122;2019;1916;819
69122;2020;1969;847
69122;2021;2051;888
69122;2022;2068;888
69122;2023;2068;888
69122;2024;2068;888
69123;2016;515695;299289
69123;2017;516092;301474
69123;2018;518635;304840
69123;2019;522969;308301
69123;2020;522228;311619
69123;2021;522250;315790
69123;2022;520774;315790
69123;2023;520774;315790
69123;2024;520774;315790
69124;2016;455;280
69124;2017;462;278
69124;2018;463;281
69124;2019;459;280
69124;2020;457;281
69124;2021;455;282
69124;2022;452;282
69124;2023;452;282
69124;2024;452;282
69125;2016;870;405
69125;2017;875;405
69125;2018;890;419
69125;2019;876;419
69125;2020;880;428
69125;2021;942;441
69125;2022;1004;441
69125;2023;1004;441
69125;2024;1004;441
69126;2016;709;306
69126;2017;726;313
69126;2018;755;325
69126;2019;768;330
69126;2020;805;348
69126;2021;842;367
69126;2022;879;367
69126;2023;879;367
69126;2024;879;367
69127;2016;3736;1734
69127;2017;3657;1753
69127;2018;3603;1546
69127;2019;3549;1549
69127;2020;3495;1553
69127;2021;3644;1597
69127;2022;3711;1597
69127;2023;3711;1597
69127;2024;3711;1597
69130;2016;239;146
69130;2017;237;145
69130;2018;234;144
69130;2019;233;144
69130;2020;232;147
69130;2021;229;146
69130;2022;226;146
69130;2023;226;146
69130;2024;226;146
69131;2016;3371;1411
69131;2017;3381;1450
69131;2018;3392;1461
69131;2019;3402;1472
69131;2020;3523;1534
69131;2021;3543;1552
69131;2022;3565;1552
69131;2023;3565;1552
69131;2024;3565;1552
69132;2016;852;377
69132;2017;850;377
69132;2018;849;377
69132;2019;847;378
69132;2020;843;378
69132;2021;850;383
69132;2022;855;383
69132;2023;855;383
69132;2024;855;383
69133;2016;4341;1835
69133;2017;4331;1845
69133;2018;4324;1936
69133;2019;4318;1946
69133;2020;4313;1957
69133;2021;4350;1995
69133;2022;4323;1995
69133;2023;4323;1995
69133;2024;4323;1995
69134;2016;201;106
69134;2017;210;108
69134;2018;218;110
69134;2019;227;112
69134;2020;230;113
69134;2021;233;115
69134;2022;243;115
69134;2023;243;115
69134;2024;243;115
69135;2016;1904;1242
69135;2017;1905;1243
69135;2018;1909;1252
69135;2019;1911;1254
69135;2020;1914;1257
69135;2021;1914;1261
69135;2022;1923;1261
69135;2023;1923;1261
69135;2024;1923;1261
69136;2016;2892;1220
69136;2017;2959;1253
69136;2018;3056;1282
69136;2019;3118;1290
69136;2020;3180;1299
69136;2021;3200;1312
69136;2022;3212;1312
69136;2023;3212;1312
69136;2024;3212;1312
69137;2016;491;196
69137;2017;502;204
69137;2018;507;203
69137;2019;516;204
69137;2020;534;209
69137;2021;532;212
69137;2022;530;212
69137;2023;530;212
69137;2024;530;212
69138;2016;457;228
69138;2017;456;229
69138;2018;452;230
69138;2019;445;228
69138;2020;445;228
69138;2021;446;229
69138;2022;447;229
69138;2023;447;229
69138;2024;447;229
69139;2016;1392;728
69139;2017;1385;728
69139;2018;1379;728
69139;2019;1378;731
69139;2020;1379;734
69139;2021;1386;738
69139;2022;1393;738
69139;2023;1393;738
69139;2024;1393;738
69140;2016;1975;835
69140;2017;1970;837
69140;2018;2005;856
69140;2019;1995;856
69140;2020;2086;899
69140;2021;2176;942
69140;2022;2267;942
69140;2023;2267;942
69140;2024;2267;942
69141;2016;5725;2559
69141;2017;5938;2687
69141;2018;6050;2778
69141;2019;6144;2815
69141;2020;6238;2851
69141;2021;6274;2889
69141;2022;6261;2889
69141;2023;6261;2889
69141;2024;6261;2889
69142;2016;6320;3463
69142;2017;6334;3460
69142;2018;6431;3633
69142;2019;6524;3672
69142;2020;6617;3710
69142;2021;6595;3721
69142;2022;6554;3721
69142;2023;6554;3721
69142;2024;6554;3721
69143;2016;7435;3764
69143;2017;7514;3835
69143;2018;7560;3889
69143;2019;7562;3921
69143;2020;7635;4039
69143;2021;7721;4157
69143;2022;7807;4157
69143;2023;7807;4157
69143;2024;7807;4157
69145;2016;930;424
69145;2017;927;432
69145;2018;924;438
69145;2019;921;444
69145;2020;932;449
69145;2021;938;451
69145;2022;943;451
69145;2023;943;451
69145;2024;943;451
69148;2016;2408;1029
69148;2017;2444;1049
69148;2018;2448;1054
69148;2019;2541;1099
69148;2020;2549;1107
69148;2021;2590;1134
69148;2022;2633;1134
69148;2023;2633;1134
69148;2024;2633;1134
69149;2016;37005;18573
69149;2017;36663;18699
69149;2018;37044;18820
69149;2019;36950;19005
69149;2020;37502;19146
69149;2021;37628;19347
69149;2022;37928;19347
69149;2023;37928;19347
69149;2024;37928;19347
69151;2016;1566;664
69151;2017;1587;671
69151;2018;1555;692
69151;2019;1524;680
69151;2020;1492;668
69151;2021;1488;672
69151;2022;1496;672
69151;2023;1496;672
69151;2024;1496;672
69153;2016;1297;429
69153;2017;1332;449
69153;2018;1355;458
69153;2019;1377;456
69153;2020;1400;455
69153;2021;1403;460
69153;2022;1394;460
69153;2023;1394;460
69153;2024;1394;460
69154;2016;2512;972
69154;2017;2637;1022
69154;2018;2761;1071
69154;2019;2845;1108
69154;2020;2868;1119
69154;2021;2974;1165
69154;2022;2966;1165
69154;2023;2966;1165
69154;2024;2966;1165
69155;2016;1145;470
69155;2017;1145;473
69155;2018;1141;474
69155;2019;1132;473
69155;2020;1131;478
69155;2021;1132;483
69155;2022;1133;483
69155;2023;1133;483
69155;2024;1133;483
69156;2016;2605;1084
69156;2017;2637;1098
69156;2018;2664;1110
69156;2019;2713;1131
69156;2020;2685;1140
69156;2021;2657;1150
69156;2022;2629;1150
69156;2023;2629;1150
69156;2024;2629;1150
69157;2016;5095;2275
69157;2017;5133;2307
69157;2018;5234;2359
69157;2019;5279;2387
69157;2020;5280;2403
69157;2021;5282;2420
69157;2022;5283;2420
69157;2023;5283;2420
69157;2024;5283;2420
69160;2016;1099;629
69160;2017;1102;631
69160;2018;1084;659
69160;2019;1065;658
69160;2020;1047;658
69160;2021;1036;658
69160;2022;1027;658
69160;2023;1027;658
69160;2024;1027;658
69161;2016;450;368
69161;2017;468;371
69161;2018;477;367
69161;2019;487;364
69161;2020;485;365
69161;2021;481;365
69161;2022;477;365
69161;2023;477;365
69161;2024;477;365
69162;2016;1322;712
69162;2017;1325;715
69162;2018;1329;719
69162;2019;1331;722
69162;2020;1354;735
69162;2021;1355;737
69162;2022;1382;737
69162;2023;1382;737
69162;2024;1382;737
69163;2016;3453;1413
69163;2017;3467;1428
69163;2018;3480;1442
69163;2019;3495;1454
69163;2020;3502;1463
69163;2021;3549;1488
69163;2022;3620;1488
69163;2023;3620;1488
69163;2024;3620;1488
69164;2016;317;288
69164;2017;319;289
69164;2018;321;291
69164;2019;322;292
69164;2020;323;292
69164;2021;318;292
69164;2022;311;292
69164;2023;311;292
69164;2024;311;292
69165;2016;1114;538
69165;2017;1119;541
69165;2018;1124;542
69165;2019;1126;544
69165;2020;1137;546
69165;2021;1148;548
69165;2022;1159;548
69165;2023;1159;548
69165;2024;1159;548
69166;2016;316;145
69166;2017;322;147
69166;2018;324;146
69166;2019;328;146
69166;2020;334;147
69166;2021;321;147
69166;2022;307;147
69166;2023;307;147
69166;2024;307;147
69167;2016;578;253
69167;2017;579;253
69167;2018;585;255
69167;2019;589;256
69167;2020;588;257
69167;2021;588;259
69167;2022;588;259
69167;2023;588;259
69167;2024;588;259
69168;2016;1518;615
69168;2017;1528;622
69168;2018;1532;633
69168;2019;1536;638
69168;2020;1540;643
69168;2021;1543;646
69168;2022;1546;646
69168;2023;1546;646
69168;2024;1546;646
69169;2016;631;355
69169;2017;636;358
69169;2018;641;361
69169;2019;639;361
69169;2020;645;365
69169;2021;641;364
69169;2022;650;364
69169;2023;650;364
69169;2024;650;364
69170;2016;1176;508
69170;2017;1162;506
69170;2018;1153;506
69170;2019;1157;512
69170;2020;1160;518
69170;2021;1164;520
69170;2022;1167;520
69170;2023;1167;520
69170;2024;1167;520
69171;2016;2299;1126
69171;2017;2316;1140
69171;2018;2362;1168
69171;2019;2363;1174
69171;2020;2434;1196
69171;2021;2501;1218
69171;2022;2568;1218
69171;2023;2568;1218
69171;2024;2568;1218
69172;2016;809;379
69172;2017;791;375
69172;2018;773;370
69172;2019;761;369
69172;2020;766;377
69172;2021;763;380
69172;2022;789;380
69172;2023;789;380
69172;2024;789;380
69173;2016;995;460
69173;2017;1002;485
69173;2018;1009;476
69173;2019;1016;467
69173;2020;1002;468
69173;2021;987;469
69173;2022;979;469
69173;2023;979;469
69173;2024;979;469
69174;2016;628;275
69174;2017;612;271
69174;2018;613;274
69174;2019;614;278
69174;2020;612;279
69174;2021;617;280
69174;2022;621;280
69174;2023;621;280
69174;2024;621;280
69175;2016;2017;904
69175;2017;2009;938
69175;2018;2003;933
69175;2019;1996;927
69175;2020;1988;934
69175;2021;1975;939
69175;2022;1970;939
69175;2023;1970;939
69175;2024;1970;939
69176;2016;4473;1834
69176;2017;4515;1856
69176;2018;4557;1878
69176;2019;4590;1892
69176;2020;4613;1901
69176;2021;4645;1912
69176;2022;4652;1912
69176;2023;4652;1912
69176;2024;4652;1912
69177;2016;2013;854
69177;2017;2029;859
69177;2018;2045;864
69177;2019;2064;874
69177;2020;2083;884
69177;2021;2094;890
69177;2022;2098;890
69177;2023;2098;890
69177;2024;2098;890
69178;2016;808;362
69178;2017;813;363
69178;2018;816;363
69178;2019;825;366
69178;2020;806;370
69178;2021;786;374
69178;2022;767;374
69178;2023;767;374
69178;2024;767;374
69179;2016;3973;1621
69179;2017;4013;1636
69179;2018;4061;1642
69179;2019;4055;1651
69179;2020;4074;1671
69179;2021;4135;1712
69179;2022;4198;1712
69179;2023;4198;1712
69179;2024;4198;1712
69180;2016;284;129
69180;2017;284;128
69180;2018;286;129
69180;2019;288;130
69180;2020;283;128
69180;2021;279;132
69180;2022;274;132
69180;2023;274;132
69180;2024;274;132
69181;2016;207;114
69181;2017;213;116
69181;2018;219;119
69181;2019;223;121
69181;2020;229;123
69181;2021;235;126
69181;2022;235;126
69181;2023;235;126
69181;2024;235;126
69182;2016;356;268
69182;2017;356;269
69182;2018;357;271
69182;2019;356;271
69182;2020;361;272
69182;2021;367;273
69182;2022;372;273
69182;2023;372;273
69182;2024;372;273
69183;2016;310;232
69183;2017;313;232
69183;2018;317;233
69183;2019;317;233
69183;2020;316;233
69183;2021;316;233
69183;2022;311;233
69183;2023;311;233
69183;2024;311;233
69184;2016;988;464
69184;2017;980;464
69184;2018;986;485
69184;2019;991;485
69184;2020;997;486
69184;2021;992;489
69184;2022;981;489
69184;2023;981;489
69184;2024;981;489
69186;2016;227;148
69186;2017;226;148
69186;2018;220;149
69186;2019;213;149
69186;2020;207;149
69186;2021;204;147
69186;2022;205;147
69186;2023;205;147
69186;2024;205;147
69187;2016;638;316
69187;2017;640;321
69187;2018;643;326
69187;2019;654;333
69187;2020;653;334
69187;2021;654;336
69187;2022;669;336
69187;2023;669;336
69187;2024;669;336
69188;2016;903;379
69188;2017;909;381
69188;2018;909;398
69188;2019;908;394
69188;2020;907;391
69188;2021;911;397
69188;2022;904;397
69188;2023;904;397
69188;2024;904;397
69189;2016;1932;1175
69189;2017;1909;1161
69189;2018;1886;1148
69189;2019;1884;1164
69189;2020;1986;1245
69189;2021;1953;1243
69189;2022;1994;1243
69189;2023;1994;1243
69189;2024;1994;1243
69190;2016;1923;802
69190;2017;1939;812
69190;2018;1956;823
69190;2019;2028;862
69190;2020;2065;886
69190;2021;2059;892
69190;2022;2109;892
69190;2023;2109;892
69190;2024;2109;892
69191;2016;5545;2392
69191;2017;5576;2417
69191;2018;5721;2497
69191;2019;5747;2522
69191;2020;5686;2531
69191;2021;5900;2744
69191;2022;6113;2744
69191;2023;6113;2744
69191;2024;6113;2744
69192;2016;141;64
69192;2017;145;65
69192;2018;149;66
69192;2019;153;67
69192;2020;153;67
69192;2021;153;67
69192;2022;156;67
69192;2023;156;67
69192;2024;156;67
69193;2016;1324;516
69193;2017;1306;535
69193;2018;1287;534
69193;2019;1269;534
69193;2020;1272;539
69193;2021;1275;544
69193;2022;1273;544
69193;2023;1273;544
69193;2024;1273;544
69194;2016;6650;2786
69194;2017;6785;2874
69194;2018;6951;2976
69194;2019;7006;3019
69194;2020;7124;3065
69194;2021;7265;3111
69194;2022;7405;3111
69194;2023;7405;3111
69194;2024;7405;3111
69196;2016;616;299
69196;2017;616;304
69196;2018;617;302
69196;2019;617;300
69196;2020;609;299
69196;2021;605;300
69196;2022;603;300
69196;2023;603;300
69196;2024;603;300
69197;2016;2191;927
69197;2017;2207;938
69197;2018;2209;958
69197;2019;2210;964
69197;2020;2212;971
69197;2021;2206;972
69197;2022;2236;972
69197;2023;2236;972
69197;2024;2236;972
69198;2016;743;348
69198;2017;741;348
69198;2018;749;351
69198;2019;756;353
69198;2020;764;354
69198;2021;769;357
69198;2022;783;357
69198;2023;783;357
69198;2024;783;357
69199;2016;18566;7852
69199;2017;18802;7910
69199;2018;19254;8007
69199;2019;19617;8074
69199;2020;19500;8135
69199;2021;19360;8147
69199;2022;19549;8147
69199;2023;19549;8147
69199;2024;19549;8147
69200;2016;1493;712
69200;2017;1486;716
69200;2018;1473;717
69200;2019;1472;724
69200;2020;1494;733
69200;2021;1516;742
69200;2022;1538;742
69200;2023;1538;742
69200;2024;1538;742
69201;2016;1286;744
69201;2017;1281;746
69201;2018;1284;757
69201;2019;1286;768
69201;2020;1287;768
69201;2021;1291;770
69201;2022;1292;770
69201;2023;1292;770
69201;2024;1292;770
69202;2016;21995;10325
69202;2017;22012;10416
69202;2018;22141;10507
69202;2019;22175;10628
69202;2020;22077;10736
69202;2021;21858;10787
69202;2022;21893;10787
69202;2023;21893;10787
69202;2024;21893;10787
69203;2016;1052;520
69203;2017;1041;510
69203;2018;1030;499
69203;2019;1018;501
69203;2020;1000;500
69203;2021;987;501
69203;2022;986;501
69203;2023;986;501
69203;2024;986;501
69204;2016;21545;9336
69204;2017;21217;9349
69204;2018;21019;9365
69204;2019;20914;9438
69204;2020;20971;9580
69204;2021;20929;9721
69204;2022;21329;9721
69204;2023;21329;9721
69204;2024;21329;9721
69205;2016;4879;2019
69205;2017;4984;2071
69205;2018;5036;2090
69205;2019;5158;2139
69205;2020;5229;2167
69205;2021;5300;2197
69205;2022;5370;2197
69205;2023;5370;2197
69205;2024;5370;2197
69206;2016;4363;1969
69206;2017;4378;2035
69206;2018;4394;2056
69206;2019;4409;2077
69206;2020;4403;2084
69206;2021;4461;2121
69206;2022;4533;2121
69206;2023;4533;2121
69206;2024;4533;2121
69207;2016;3135;1334
69207;2017;3085;1364
69207;2018;3043;1336
69207;2019;3001;1308
69207;2020;2981;1309
69207;2021;2978;1318
69207;2022;3037;1318
69207;2023;3037;1318
69207;2024;3037;1318
69208;2016;2267;885
69208;2017;2265;935
69208;2018;2264;928
69208;2019;2262;922
69208;2020;2247;927
69208;2021;2245;937
69208;2022;2252;937
69208;2023;2252;937
69208;2024;2252;937
69209;2016;588;416
69209;2017;582;410
69209;2018;577;416
69209;2019;566;417
69209;2020;556;418
69209;2021;568;416
69209;2022;581;416
69209;2023;581;416
69209;2024;581;416
69212;2016;408;167
69212;2017;432;188
69212;2018;455;199
69212;2019;479;211
69212;2020;476;212
69212;2021;479;216
69212;2022;472;216
69212;2023;472;216
69212;2024;472;216
69214;2016;1220;527
69214;2017;1214;554
69214;2018;1209;548
69214;2019;1204;541
69214;2020;1196;544
69214;2021;1187;546
69214;2022;1175;546
69214;2023;1175;546
69214;2024;1175;546
69215;2016;842;395
69215;2017;854;399
69215;2018;867;403
69215;2019;879;408
69215;2020;897;417
69215;2021;902;423
69215;2022;936;423
69215;2023;936;423
69215;2024;936;423
69216;2016;562;293
69216;2017;562;295
69216;2018;565;297
69216;2019;566;298
69216;2020;570;301
69216;2021;587;302
69216;2022;605;302
69216;2023;605;302
69216;2024;605;302
69217;2016;752;454
69217;2017;747;454
69217;2018;747;462
69217;2019;748;458
69217;2020;748;453
69217;2021;743;454
69217;2022;743;454
69217;2023;743;454
69217;2024;743;454
69218;2016;1030;487
69218;2017;1040;492
69218;2018;1049;496
69218;2019;1048;497
69218;2020;1042;496
69218;2021;1046;499
69218;2022;1051;499
69218;2023;1051;499
69218;2024;1051;499
69219;2016;2134;922
69219;2017;2139;935
69219;2018;2137;954
69219;2019;2133;952
69219;2020;2129;951
69219;2021;2132;960
69219;2022;2120;960
69219;2023;2120;960
69219;2024;2120;960
69220;2016;1857;889
69220;2017;1827;888
69220;2018;1817;894
69220;2019;1805;899
69220;2020;1798;906
69220;2021;1883;935
69220;2022;1950;935
69220;2023;1950;935
69220;2024;1950;935
69225;2016;509;236
69225;2017;524;241
69225;2018;538;246
69225;2019;541;248
69225;2020;539;248
69225;2021;543;251
69225;2022;568;251
69225;2023;568;251
69225;2024;568;251
69227;2016;3886;1798
69227;2017;3865;1806
69227;2018;3885;1834
69227;2019;3853;1837
69227;2020;3860;1860
69227;2021;3891;1889
69227;2022;3917;1889
69227;2023;3917;1889
69227;2024;3917;1889
69228;2016;4174;1800
69228;2017;4183;1805
69228;2018;4212;1818
69228;2019;4224;1829
69228;2020;4223;1871
69228;2021;4249;1912
69228;2022;4274;1912
69228;2023;4274;1912
69228;2024;4274;1912
69229;2016;792;479
69229;2017;790;478
69229;2018;797;482
69229;2019;800;484
69229;2020;792;481
69229;2021;784;478
69229;2022;776;478
69229;2023;776;478
69229;2024;776;478
69230;2016;332;161
69230;2017;324;158
69230;2018;320;157
69230;2019;320;159
69230;2020;314;159
69230;2021;322;162
69230;2022;330;162
69230;2023;330;162
69230;2024;330;162
69231;2016;2636;1140
69231;2017;2635;1145
69231;2018;2615;1168
69231;2019;2596;1166
69231;2020;2576;1163
69231;2021;2587;1174
69231;2022;2586;1174
69231;2023;2586;1174
69231;2024;2586;1174
69233;2016;1200;508
69233;2017;1211;513
69233;2018;1221;523
69233;2019;1228;523
69233;2020;1235;523
69233;2021;1238;526
69233;2022;1241;526
69233;2023;1241;526
69233;2024;1241;526
69234;2016;1558;736
69234;2017;1560;739
69234;2018;1567;745
69234;2019;1583;755
69234;2020;1619;764
69234;2021;1661;773
69234;2022;1703;773
69234;2023;1703;773
69234;2024;1703;773
69235;2016;1844;905
69235;2017;1889;916
69235;2018;1934;926
69235;2019;1967;942
69235;2020;1972;945
69235;2021;1980;949
69235;2022;1990;949
69235;2023;1990;949
69235;2024;1990;949
69236;2016;581;252
69236;2017;579;252
69236;2018;583;252
69236;2019;590;252
69236;2020;596;252
69236;2021;600;254
69236;2022;598;254
69236;2023;598;254
69236;2024;598;254
69238;2016;3654;1906
69238;2017;3682;1944
69238;2018;3687;1957
69238;2019;3710;1980
69238;2020;3704;1987
69238;2021;3712;1991
69238;2022;3749;1991
69238;2023;3749;1991
69238;2024;3749;1991
69239;2016;1176;561
69239;2017;1192;568
69239;2018;1201;571
69239;2019;1212;574
69239;2020;1190;576
69239;2021;1169;577
69239;2022;1147;577
69239;2023;1147;577
69239;2024;1147;577
69240;2016;644;456
69240;2017;630;450
69240;2018;623;451
69240;2019;617;453
69240;2020;612;455
69240;2021;620;449
69240;2022;627;449
69240;2023;627;449
69240;2024;627;449
69241;2016;2530;1023
69241;2017;2539;1037
69241;2018;2548;1052
69241;2019;2590;1074
69241;2020;2637;1098
69241;2021;2628;1098
69241;2022;2657;1098
69241;2023;2657;1098
69241;2024;2657;1098
69242;2016;972;366
69242;2017;976;369
69242;2018;952;390
69242;2019;927;379
69242;2020;903;368
69242;2021;894;371
69242;2022;908;371
69242;2023;908;371
69242;2024;908;371
69243;2016;10532;5545
69243;2017;10582;5526
69243;2018;10587;5494
69243;2019;10490;5528
69243;2020;10572;5593
69243;2021;10428;5643
69243;2022;10881;5643
69243;2023;10881;5643
69243;2024;10881;5643
69244;2016;22356;11031
69244;2017;22297;11115
69244;2018;22403;11214
69244;2019;22286;11372
69244;2020;22475;11492
69244;2021;22676;11560
69244;2022;22819;11560
69244;2023;22819;11560
69244;2024;22819;11560
69245;2016;670;341
69245;2017;684;344
69245;2018;697;351
69245;2019;710;357
69245;2020;712;359
69245;2021;724;366
69245;2022;747;366
69245;2023;747;366
69245;2024;747;366
69246;2016;1205;555
69246;2017;1247;561
69246;2018;1274;570
69246;2019;1295;577
69246;2020;1324;588
69246;2021;1309;594
69246;2022;1293;594
69246;2023;1293;594
69246;2024;1293;594
69248;2016;6036;3453
69248;2017;6031;3459
69248;2018;6027;3465
69248;2019;6020;3470
69248;2020;5944;3466
69248;2021;5869;3463
69248;2022;5794;3463
69248;2023;5794;3463
69248;2024;5794;3463
69249;2016;3032;1364
69249;2017;3050;1373
69249;2018;3068;1382
69249;2019;3053;1388
69249;2020;3111;1428
69249;2021;3131;1450
69249;2022;3268;1450
69249;2023;3268;1450
69249;2024;3268;1450
69250;2016;4061;1878
69250;2017;4050;1889
69250;2018;4040;1900
69250;2019;4117;1942
69250;2020;4249;2009
69250;2021;4272;2026
69250;2022;4460;2026
69250;2023;4460;2026
69250;2024;4460;2026
69252;2016;731;292
69252;2017;737;292
69252;2018;740;295
69252;2019;745;299
69252;2020;746;301
69252;2021;735;301
69252;2022;723;301
69252;2023;723;301
69252;2024;723;301
69253;2016;617;265
69253;2017;617;269
69253;2018;617;273
69253;2019;637;281
69253;2020;646;285
69253;2021;647;285
69253;2022;650;285
69253;2023;650;285
69253;2024;650;285
69254;2016;932;455
69254;2017;952;458
69254;2018;970;465
69254;2019;971;465
69254;2020;973;464
69254;2021;983;471
69254;2022;994;471
69254;2023;994;471
69254;2024;994;471
69255;2016;5571;2398
69255;2017;5734;2453
69255;2018;5896;2507
69255;2019;6080;2590
69255;2020;6082;2592
69255;2021;6091;2601
69255;2022;6198;2601
69255;2023;6198;2601
69255;2024;6198;2601
69256;2016;48497;18785
69256;2017;49658;19078
69256;2018;50823;19368
69256;2019;52795;19709
69256;2020;51761;19970
69256;2021;52139;20354
69256;2022;52448;20354
69256;2023;52448;20354
69256;2024;52448;20354
69257;2016;1087;500
69257;2017;1087;505
69257;2018;1088;509
69257;2019;1086;513
69257;2020;1108;522
69257;2021;1131;532
69257;2022;1153;532
69257;2023;1153;532
69257;2024;1153;532
69258;2016;322;200
69258;2017;321;199
69258;2018;322;200
69258;2019;322;200
69258;2020;320;200
69258;2021;317;200
69258;2022;315;200
69258;2023;315;200
69258;2024;315;200
69259;2016;65405;27404
69259;2017;65894;28136
69259;2018;67129;28803
69259;2019;67285;29178
69259;2020;66765;29490
69259;2021;66363;29813
69259;2022;66701;29813
69259;2023;66701;29813
69259;2024;66701;29813
69260;2016;4872;1906
69260;2017;4998;1969
69260;2018;5001;1988
69260;2019;4999;2006
69260;2020;5105;2070
69260;2021;5140;2110
69260;2022;5175;2110
69260;2023;5175;2110
69260;2024;5175;2110
69261;2016;104;33
69261;2017;101;32
69261;2018;104;33
69261;2019;104;33
69261;2020;103;33
69261;2021;110;34
69261;2022;117;34
69261;2023;117;34
69261;2024;117;34
69263;2016;889;445
69263;2017;883;439
69263;2018;879;442
69263;2019;881;448
69263;2020;880;452
69263;2021;894;461
69263;2022;908;461
69263;2023;908;461
69263;2024;908;461
69264;2016;37266;19141
69264;2017;36857;19239
69264;2018;36288;19210
69264;2019;36291;19196
69264;2020;36009;19274
69264;2021;35913;19597
69264;2022;36224;19597
69264;2023;36224;19597
69264;2024;36224;19597
69265;2016;814;383
69265;2017;806;381
69265;2018;804;382
69265;2019;802;383
69265;2020;803;385
69265;2021;811;388
69265;2022;820;388
69265;2023;820;388
69265;2024;820;388
69266;2016;149019;82778
69266;2017;147712;83272
69266;2018;150659;84104
69266;2019;152212;85193
69266;2020;154781;87061
69266;2021;156928;89282
69266;2022;162207;89282
69266;2023;162207;89282
69266;2024;162207;89282
69267;2016;2109;967
69267;2017;2111;1009
69267;2018;2124;1022
69267;2019;2137;1035
69267;2020;2129;1037
69267;2021;2127;1042
69267;2022;2132;1042
69267;2023;2132;1042
69267;2024;2132;1042
69268;2016;3375;1411
69268;2017;3411;1414
69268;2018;3400;1429
69268;2019;3367;1435
69268;2020;3402;1470
69268;2021;3374;1472
69268;2022;3353;1472
69268;2023;3353;1472
69268;2024;3353;1472
69269;2016;1038;527
69269;2017;1022;515
69269;2018;1005;503
69269;2019;992;506
69269;2020;980;510
69269;2021;965;512
69269;2022;980;512
69269;2023;980;512
69269;2024;980;512
69270;2016;4212;1738
69270;2017;4273;1773
69270;2018;4336;1808
69270;2019;4355;1825
69270;2020;4411;1862
69270;2021;4465;1898
69270;2022;4519;1898
69270;2023;4519;1898
69270;2024;4519;1898
69271;2016;10234;4132
69271;2017;10359;4232
69271;2018;10498;4277
69271;2019;10638;4322
69271;2020;10844;4481
69271;2021;11092;4639
69271;2022;11214;4639
69271;2023;11214;4639
69271;2024;11214;4639
69272;2016;4175;1700
69272;2017;4197;1714
69272;2018;4219;1728
69272;2019;4242;1750
69272;2020;4455;1851
69272;2021;4508;1887
69272;2022;4524;1887
69272;2023;4524;1887
69272;2024;4524;1887
69273;2016;11209;4201
69273;2017;11050;4217
69273;2018;11108;4234
69273;2019;11196;4250
69273;2020;11161;4264
69273;2021;10932;4313
69273;2022;11196;4313
69273;2023;11196;4313
69273;2024;11196;4313
69275;2016;27851;12455
69275;2017;28602;12657
69275;2018;28604;12687
69275;2019;28930;12799
69275;2020;28913;12931
69275;2021;29731;13345
69275;2022;29905;13345
69275;2023;29905;13345
69275;2024;29905;13345
69276;2016;9879;4011
69276;2017;9857;4417
69276;2018;9879;4410
69276;2019;9902;4404
69276;2020;9926;4477
69276;2021;9850;4504
69276;2022;9727;4504
69276;2023;9727;4504
69276;2024;9727;4504
69277;2016;12624;5200
69277;2017;12734;5307
69277;2018;13022;5388
69277;2019;13181;5462
69277;2020;13195;5542
69277;2021;13483;5626
69277;2022;13446;5626
69277;2023;13446;5626
69277;2024;13446;5626
69278;2016;5446;2293
69278;2017;5470;2337
69278;2018;5490;2346
69278;2019;5509;2355
69278;2020;5519;2369
69278;2021;5520;2379
69278;2022;5632;2379
69278;2023;5632;2379
69278;2024;5632;2379
69279;2016;5838;2234
69279;2017;5903;2342
69279;2018;5989;2379
69279;2019;6076;2417
69279;2020;6083;2441
69279;2021;6160;2494
69279;2022;6109;2494
69279;2023;6109;2494
69279;2024;6109;2494
69280;2016;1467;518
69280;2017;1487;561
69280;2018;1508;580
69280;2019;1528;598
69280;2020;1537;607
69280;2021;1530;610
69280;2022;1594;610
69280;2023;1594;610
69280;2024;1594;610
69281;2016;1649;671
69281;2017;1688;690
69281;2018;1831;753
69281;2019;1912;791
69281;2020;1947;804
69281;2021;1963;817
69281;2022;1979;817
69281;2023;1979;817
69281;2024;1979;817
69282;2016;32996;13503
69282;2017;33477;13711
69282;2018;34151;14063
69282;2019;34640;14502
69282;2020;35134;14870
69282;2021;35882;15151
69282;2022;36437;15151
69282;2023;36437;15151
69282;2024;36437;15151
69283;2016;13244;5117
69283;2017;13542;5309
69283;2018;13665;5432
69283;2019;13707;5514
69283;2020;13684;5534
69283;2021;13707;5549
69283;2022;13716;5549
69283;2023;13716;5549
69283;2024;13716;5549
69284;2016;3087;1172
69284;2017;3142;1229
69284;2018;3186;1249
69284;2019;3230;1268
69284;2020;3205;1269
69284;2021;3249;1298
69284;2022;3270;1298
69284;2023;3270;1298
69284;2024;3270;1298
69285;2016;4063;1548
69285;2017;4114;1575
69285;2018;4110;1570
69285;2019;4191;1597
69285;2020;4190;1593
69285;2021;4172;1604
69285;2022;4145;1604
69285;2023;4145;1604
69285;2024;4145;1604
69286;2016;29885;12338
69286;2017;30012;12444
69286;2018;30410;12670
69286;2019;30697;12830
69286;2020;30887;12943
69286;2021;31247;13137
69286;2022;31479;13137
69286;2023;31479;13137
69286;2024;31479;13137
69287;2016;6827;2622
69287;2017;6800;2630
69287;2018;6875;2705
69287;2019;6875;2720
69287;2020;6876;2736
69287;2021;6920;2770
69287;2022;6988;2770
69287;2023;6988;2770
69287;2024;6988;2770
69288;2016;5380;2220
69288;2017;5377;2303
69288;2018;5417;2331
69288;2019;5458;2360
69288;2020;5609;2440
69288;2021;5621;2461
69288;2022;5651;2461
69288;2023;5651;2461
69288;2024;5651;2461
69289;2016;4521;1857
69289;2017;4520;1869
69289;2018;4541;1921
69289;2019;4579;1933
69289;2020;4616;1944
69289;2021;4598;1948
69289;2022;4588;1948
69289;2023;4588;1948
69289;2024;4588;1948
69290;2016;45844;19863
69290;2017;46207;20229
69290;2018;46510;20693
69290;2019;46927;21216
69290;2020;48318;21926
69290;2021;48822;22429
69290;2022;49193;22429
69290;2023;49193;22429
69290;2024;49193;22429
69291;2016;5706;2515
69291;2017;5735;2539
69291;2018;5780;2571
69291;2019;5789;2598
69291;2020;5850;2637
69291;2021;5965;2678
69291;2022;6076;2678
69291;2023;6076;2678
69291;2024;6076;2678
69292;2016;5926;2869
69292;2017;5934;2872
69292;2018;6267;3035
69292;2019;6497;3147
69292;2020;6678;3250
69292;2021;6858;3353
69292;2022;7039;3353
69292;2023;7039;3353
69292;2024;7039;3353
69293;2016;2346;880
69293;2017;2360;888
69293;2018;2374;896
69293;2019;2369;899
69293;2020;2409;920
69293;2021;2423;931
69293;2022;2418;931
69293;2023;2418;931
69293;2024;2418;931
69294;2016;2626;1149
69294;2017;2664;1187
69294;2018;2703;1225
69294;2019;2772;1261
69294;2020;2906;1328
69294;2021;2981;1368
69294;2022;3057;1368
69294;2023;3057;1368
69294;2024;3057;1368
69295;2016;1769;710
69295;2017;1812;732
69295;2018;1799;732
69295;2019;1810;741
69295;2020;1823;751
69295;2021;1855;779
69295;2022;1886;779
69295;2023;1886;779
69295;2024;1886;779
69296;2016;2916;1198
69296;2017;2922;1209
69296;2018;2939;1224
69296;2019;2986;1252
69296;2020;3034;1270
69296;2021;3082;1288
69296;2022;3131;1288
69296;2023;3131;1288
69296;2024;3131;1288
69297;2016;5437;2167
69297;2017;5514;2202
69297;2018;5514;2279
69297;2019;5512;2290
69297;2020;5511;2300
69297;2021;5503;2310
69297;2022;5582;2310
69297;2023;5582;2310
69297;2024;5582;2310
69298;2016;2959;1124
69298;2017;3080;1164
69298;2018;3129;1183
69298;2019;3188;1205
69298;2020;3204;1211
69298;2021;3195;1231
69298;2022;3186;1231
69298;2023;3186;1231
69298;2024;3186;1231
69299;2016;2602;1008
69299;2017;2613;1018
69299;2018;2657;1049
69299;2019;2700;1066
69299;2020;2744;1083
69299;2021;2757;1092
69299;2022;2859;1092
69299;2023;2859;1092
69299;2024;2859;1092
69381;2016;29575;18164
69381;2017;29352;18243
69381;2018;29523;18374
69381;2019;29641;18532
69381;2020;29303;18583
69381;2021;29016;18784
69381;2022;29040;18784
69381;2023;29040;18784
69381;2024;29040;18784
69382;2016;30435;19821
69382;2017;30520;20104
69382;2018;30733;20472
69382;2019;31303;20903
69382;2020;30318;21307
69382;2021;30485;21780
69382;2022;29880;21780
69382;2023;29880;21780
69382;2024;29880;21780
69383;2016;101992;60478
69383;2017;101744;60568
69383;2018;102238;60825
69383;2019;102725;61271
69383;2020;101838;61691
69383;2021;101302;62111
69383;2022;101523;62111
69383;2023;101523;62111
69383;2024;101523;62111
69384;2016;36080;20248
69384;2017;35949;20293
69384;2018;35878;20343
69384;2019;36064;20482
69384;2020;35683;20562
69384;2021;35603;20753
69384;2022;35232;20753
69384;2023;35232;20753
69384;2024;35232;20753
69385;2016;48929;25256
69385;2017;49409;25548
69385;2018;49755;25657
69385;2019;49664;25677
69385;2020;49546;25748
69385;2021;48711;26036
69385;2022;48277;26036
69385;2023;48277;26036
69385;2024;48277;26036
69386;2016;51416;31045
69386;2017;51777;31266
69386;2018;52411;31341
69386;2019;52862;31400
69386;2020;52621;31529
69386;2021;52007;31817
69386;2022;50718;31817
69386;2023;50718;31817
69386;2024;50718;31817
69387;2016;82045;50049
69387;2017;81566;50562
69387;2018;81825;51859
69387;2019;82573;52781
69387;2020;84310;53910
69387;2021;85897;55008
69387;2022;87491;55008
69387;2023;87491;55008
69387;2024;87491;55008
69388;2016;84517;46596
69388;2017;85088;46934
69388;2018;85170;47622
69388;2019;86154;48342
69388;2020;85980;48759
69388;2021;86326;49136
69388;2022;84956;49136
69388;2023;84956;49136
69388;2024;84956;49136
69389;2016;50706;27633
69389;2017;50687;27957
69389;2018;51102;28349
69389;2019;51983;28914
69389;2020;52629;29529
69389;2021;52903;30366
69389;2022;53657;30366
69389;2023;53657;30366
69389;2024;53657;30366
