Code du département;Libellé du département;Code de la commune;Libellé de la commune;Inscrits;Abstentions;Votants;Blancs;Nuls;Exprimés;% Abs/Ins;% Vot/Ins;% Blancs/Ins;% Blancs/Vot;% Nuls/Ins;% Nuls/Vot;% Exp/Ins;% Exp/Vot;N°Panneau;Sexe;Nom;Prénom;Voix;% Voix/Ins;% Voix/Exp
69;Rhône;001;Affoux;316;49;267;21;9;237;15.51;84.49;6.65;7.87;2.85;3.37;75.0;88.76;1;M;MACRON;Emmanuel;98;31.01;41.35
69;Rhône;001;Affoux;316;49;267;21;9;237;15.51;84.49;6.65;7.87;2.85;3.37;75.0;88.76;2;F;LE PEN;Marine;139;43.99;58.65
69;Rhône;002;Aigueperse;217;47;170;9;4;157;21.66;78.34;4.15;5.29;1.84;2.35;72.35;92.35;1;M;MACRON;Emmanuel;74;34.1;47.13
69;Rhône;002;Aigueperse;217;47;170;9;4;157;21.66;78.34;4.15;5.29;1.84;2.35;72.35;92.35;2;F;LE PEN;Marine;83;38.25;52.87
69;Rhône;003;Albigny-sur-Saône;1860;504;1356;81;18;1257;27.1;72.9;4.35;5.97;0.97;1.33;67.58;92.7;1;M;MACRON;Emmanuel;823;44.25;65.47
69;Rhône;003;Albigny-sur-Saône;1860;504;1356;81;18;1257;27.1;72.9;4.35;5.97;0.97;1.33;67.58;92.7;2;F;LE PEN;Marine;434;23.33;34.53
69;Rhône;004;Alix;470;95;375;35;4;336;20.21;79.79;7.45;9.33;0.85;1.07;71.49;89.6;1;M;MACRON;Emmanuel;194;41.28;57.74
69;Rhône;004;Alix;470;95;375;35;4;336;20.21;79.79;7.45;9.33;0.85;1.07;71.49;89.6;2;F;LE PEN;Marine;142;30.21;42.26
69;Rhône;005;Ambérieux;407;62;345;10;3;332;15.23;84.77;2.46;2.9;0.74;0.87;81.57;96.23;1;M;MACRON;Emmanuel;151;37.1;45.48
69;Rhône;005;Ambérieux;407;62;345;10;3;332;15.23;84.77;2.46;2.9;0.74;0.87;81.57;96.23;2;F;LE PEN;Marine;181;44.47;54.52
69;Rhône;006;Amplepuis;3506;904;2602;139;53;2410;25.78;74.22;3.96;5.34;1.51;2.04;68.74;92.62;1;M;MACRON;Emmanuel;1281;36.54;53.15
69;Rhône;006;Amplepuis;3506;904;2602;139;53;2410;25.78;74.22;3.96;5.34;1.51;2.04;68.74;92.62;2;F;LE PEN;Marine;1129;32.2;46.85
69;Rhône;007;Ampuis;2138;457;1681;112;30;1539;21.38;78.62;5.24;6.66;1.4;1.78;71.98;91.55;1;M;MACRON;Emmanuel;784;36.67;50.94
69;Rhône;007;Ampuis;2138;457;1681;112;30;1539;21.38;78.62;5.24;6.66;1.4;1.78;71.98;91.55;2;F;LE PEN;Marine;755;35.31;49.06
69;Rhône;008;Ancy;494;88;406;14;6;386;17.81;82.19;2.83;3.45;1.21;1.48;78.14;95.07;1;M;MACRON;Emmanuel;207;41.9;53.63
69;Rhône;008;Ancy;494;88;406;14;6;386;17.81;82.19;2.83;3.45;1.21;1.48;78.14;95.07;2;F;LE PEN;Marine;179;36.23;46.37
69;Rhône;009;Anse;5059;1289;3770;231;76;3463;25.48;74.52;4.57;6.13;1.5;2.02;68.45;91.86;1;M;MACRON;Emmanuel;2218;43.84;64.05
69;Rhône;009;Anse;5059;1289;3770;231;76;3463;25.48;74.52;4.57;6.13;1.5;2.02;68.45;91.86;2;F;LE PEN;Marine;1245;24.61;35.95
69;Rhône;010;L'Arbresle;4172;1154;3018;215;65;2738;27.66;72.34;5.15;7.12;1.56;2.15;65.63;90.72;1;M;MACRON;Emmanuel;1735;41.59;63.37
69;Rhône;010;L'Arbresle;4172;1154;3018;215;65;2738;27.66;72.34;5.15;7.12;1.56;2.15;65.63;90.72;2;F;LE PEN;Marine;1003;24.04;36.63
69;Rhône;012;Les Ardillats;467;100;367;30;4;333;21.41;78.59;6.42;8.17;0.86;1.09;71.31;90.74;1;M;MACRON;Emmanuel;173;37.04;51.95
69;Rhône;012;Les Ardillats;467;100;367;30;4;333;21.41;78.59;6.42;8.17;0.86;1.09;71.31;90.74;2;F;LE PEN;Marine;160;34.26;48.05
69;Rhône;013;Arnas;2846;656;2190;131;37;2022;23.05;76.95;4.6;5.98;1.3;1.69;71.05;92.33;1;M;MACRON;Emmanuel;1125;39.53;55.64
69;Rhône;013;Arnas;2846;656;2190;131;37;2022;23.05;76.95;4.6;5.98;1.3;1.69;71.05;92.33;2;F;LE PEN;Marine;897;31.52;44.36
69;Rhône;014;Aveize;799;145;654;27;17;610;18.15;81.85;3.38;4.13;2.13;2.6;76.35;93.27;1;M;MACRON;Emmanuel;355;44.43;58.2
69;Rhône;014;Aveize;799;145;654;27;17;610;18.15;81.85;3.38;4.13;2.13;2.6;76.35;93.27;2;F;LE PEN;Marine;255;31.91;41.8
69;Rhône;016;Azolette;130;29;101;8;1;92;22.31;77.69;6.15;7.92;0.77;0.99;70.77;91.09;1;M;MACRON;Emmanuel;49;37.69;53.26
69;Rhône;016;Azolette;130;29;101;8;1;92;22.31;77.69;6.15;7.92;0.77;0.99;70.77;91.09;2;F;LE PEN;Marine;43;33.08;46.74
69;Rhône;017;Bagnols;583;115;468;24;6;438;19.73;80.27;4.12;5.13;1.03;1.28;75.13;93.59;1;M;MACRON;Emmanuel;257;44.08;58.68
69;Rhône;017;Bagnols;583;115;468;24;6;438;19.73;80.27;4.12;5.13;1.03;1.28;75.13;93.59;2;F;LE PEN;Marine;181;31.05;41.32
69;Rhône;018;Beaujeu;1298;315;983;60;10;913;24.27;75.73;4.62;6.1;0.77;1.02;70.34;92.88;1;M;MACRON;Emmanuel;449;34.59;49.18
69;Rhône;018;Beaujeu;1298;315;983;60;10;913;24.27;75.73;4.62;6.1;0.77;1.02;70.34;92.88;2;F;LE PEN;Marine;464;35.75;50.82
69;Rhône;019;Belleville-en-Beaujolais;8451;2506;5945;319;78;5548;29.65;70.35;3.77;5.37;0.92;1.31;65.65;93.32;1;M;MACRON;Emmanuel;2988;35.36;53.86
69;Rhône;019;Belleville-en-Beaujolais;8451;2506;5945;319;78;5548;29.65;70.35;3.77;5.37;0.92;1.31;65.65;93.32;2;F;LE PEN;Marine;2560;30.29;46.14
69;Rhône;020;Belmont-d'Azergues;518;88;430;36;6;388;16.99;83.01;6.95;8.37;1.16;1.4;74.9;90.23;1;M;MACRON;Emmanuel;227;43.82;58.51
69;Rhône;020;Belmont-d'Azergues;518;88;430;36;6;388;16.99;83.01;6.95;8.37;1.16;1.4;74.9;90.23;2;F;LE PEN;Marine;161;31.08;41.49
69;Rhône;021;Bessenay;1676;354;1322;93;18;1211;21.12;78.88;5.55;7.03;1.07;1.36;72.26;91.6;1;M;MACRON;Emmanuel;727;43.38;60.03
69;Rhône;021;Bessenay;1676;354;1322;93;18;1211;21.12;78.88;5.55;7.03;1.07;1.36;72.26;91.6;2;F;LE PEN;Marine;484;28.88;39.97
69;Rhône;022;Bibost;411;80;331;19;2;310;19.46;80.54;4.62;5.74;0.49;0.6;75.43;93.66;1;M;MACRON;Emmanuel;171;41.61;55.16
69;Rhône;022;Bibost;411;80;331;19;2;310;19.46;80.54;4.62;5.74;0.49;0.6;75.43;93.66;2;F;LE PEN;Marine;139;33.82;44.84
69;Rhône;023;Blacé;1154;203;951;57;21;873;17.59;82.41;4.94;5.99;1.82;2.21;75.65;91.8;1;M;MACRON;Emmanuel;468;40.55;53.61
69;Rhône;023;Blacé;1154;203;951;57;21;873;17.59;82.41;4.94;5.99;1.82;2.21;75.65;91.8;2;F;LE PEN;Marine;405;35.1;46.39
69;Rhône;024;Val d'Oingt;3284;706;2578;160;45;2373;21.5;78.5;4.87;6.21;1.37;1.75;72.26;92.05;1;M;MACRON;Emmanuel;1492;45.43;62.87
69;Rhône;024;Val d'Oingt;3284;706;2578;160;45;2373;21.5;78.5;4.87;6.21;1.37;1.75;72.26;92.05;2;F;LE PEN;Marine;881;26.83;37.13
69;Rhône;026;Le Breuil;372;85;287;11;4;272;22.85;77.15;2.96;3.83;1.08;1.39;73.12;94.77;1;M;MACRON;Emmanuel;142;38.17;52.21
69;Rhône;026;Le Breuil;372;85;287;11;4;272;22.85;77.15;2.96;3.83;1.08;1.39;73.12;94.77;2;F;LE PEN;Marine;130;34.95;47.79
69;Rhône;027;Brignais;9156;2428;6728;405;114;6209;26.52;73.48;4.42;6.02;1.25;1.69;67.81;92.29;1;M;MACRON;Emmanuel;4225;46.14;68.05
69;Rhône;027;Brignais;9156;2428;6728;405;114;6209;26.52;73.48;4.42;6.02;1.25;1.69;67.81;92.29;2;F;LE PEN;Marine;1984;21.67;31.95
69;Rhône;028;Brindas;4821;916;3905;230;46;3629;19.0;81.0;4.77;5.89;0.95;1.18;75.27;92.93;1;M;MACRON;Emmanuel;2385;49.47;65.72
69;Rhône;028;Brindas;4821;916;3905;230;46;3629;19.0;81.0;4.77;5.89;0.95;1.18;75.27;92.93;2;F;LE PEN;Marine;1244;25.8;34.28
69;Rhône;029;Bron;23355;7515;15840;956;317;14567;32.18;67.82;4.09;6.04;1.36;2.0;62.37;91.96;1;M;MACRON;Emmanuel;10351;44.32;71.06
69;Rhône;029;Bron;23355;7515;15840;956;317;14567;32.18;67.82;4.09;6.04;1.36;2.0;62.37;91.96;2;F;LE PEN;Marine;4216;18.05;28.94
69;Rhône;030;Brullioles;651;136;515;24;12;479;20.89;79.11;3.69;4.66;1.84;2.33;73.58;93.01;1;M;MACRON;Emmanuel;263;40.4;54.91
69;Rhône;030;Brullioles;651;136;515;24;12;479;20.89;79.11;3.69;4.66;1.84;2.33;73.58;93.01;2;F;LE PEN;Marine;216;33.18;45.09
69;Rhône;031;Brussieu;975;215;760;51;9;700;22.05;77.95;5.23;6.71;0.92;1.18;71.79;92.11;1;M;MACRON;Emmanuel;377;38.67;53.86
69;Rhône;031;Brussieu;975;215;760;51;9;700;22.05;77.95;5.23;6.71;0.92;1.18;71.79;92.11;2;F;LE PEN;Marine;323;33.13;46.14
69;Rhône;032;Bully;1576;327;1249;71;14;1164;20.75;79.25;4.51;5.68;0.89;1.12;73.86;93.19;1;M;MACRON;Emmanuel;644;40.86;55.33
69;Rhône;032;Bully;1576;327;1249;71;14;1164;20.75;79.25;4.51;5.68;0.89;1.12;73.86;93.19;2;F;LE PEN;Marine;520;32.99;44.67
69;Rhône;033;Cailloux-sur-Fontaines;2122;358;1764;65;9;1690;16.87;83.13;3.06;3.68;0.42;0.51;79.64;95.8;1;M;MACRON;Emmanuel;1166;54.95;68.99
69;Rhône;033;Cailloux-sur-Fontaines;2122;358;1764;65;9;1690;16.87;83.13;3.06;3.68;0.42;0.51;79.64;95.8;2;F;LE PEN;Marine;524;24.69;31.01
69;Rhône;034;Caluire-et-Cuire;30445;8028;22417;1207;305;20905;26.37;73.63;3.96;5.38;1.0;1.36;68.66;93.26;1;M;MACRON;Emmanuel;15837;52.02;75.76
69;Rhône;034;Caluire-et-Cuire;30445;8028;22417;1207;305;20905;26.37;73.63;3.96;5.38;1.0;1.36;68.66;93.26;2;F;LE PEN;Marine;5068;16.65;24.24
69;Rhône;035;Cenves;336;67;269;22;12;235;19.94;80.06;6.55;8.18;3.57;4.46;69.94;87.36;1;M;MACRON;Emmanuel;137;40.77;58.3
69;Rhône;035;Cenves;336;67;269;22;12;235;19.94;80.06;6.55;8.18;3.57;4.46;69.94;87.36;2;F;LE PEN;Marine;98;29.17;41.7
69;Rhône;036;Cercié;814;165;649;37;9;603;20.27;79.73;4.55;5.7;1.11;1.39;74.08;92.91;1;M;MACRON;Emmanuel;312;38.33;51.74
69;Rhône;036;Cercié;814;165;649;37;9;603;20.27;79.73;4.55;5.7;1.11;1.39;74.08;92.91;2;F;LE PEN;Marine;291;35.75;48.26
69;Rhône;037;Chambost-Allières;594;124;470;28;12;430;20.88;79.12;4.71;5.96;2.02;2.55;72.39;91.49;1;M;MACRON;Emmanuel;183;30.81;42.56
69;Rhône;037;Chambost-Allières;594;124;470;28;12;430;20.88;79.12;4.71;5.96;2.02;2.55;72.39;91.49;2;F;LE PEN;Marine;247;41.58;57.44
69;Rhône;038;Chambost-Longessaigne;694;148;546;53;9;484;21.33;78.67;7.64;9.71;1.3;1.65;69.74;88.64;1;M;MACRON;Emmanuel;264;38.04;54.55
69;Rhône;038;Chambost-Longessaigne;694;148;546;53;9;484;21.33;78.67;7.64;9.71;1.3;1.65;69.74;88.64;2;F;LE PEN;Marine;220;31.7;45.45
69;Rhône;039;Chamelet;527;119;408;34;6;368;22.58;77.42;6.45;8.33;1.14;1.47;69.83;90.2;1;M;MACRON;Emmanuel;212;40.23;57.61
69;Rhône;039;Chamelet;527;119;408;34;6;368;22.58;77.42;6.45;8.33;1.14;1.47;69.83;90.2;2;F;LE PEN;Marine;156;29.6;42.39
69;Rhône;040;Champagne-au-Mont-d'Or;4044;925;3119;155;48;2916;22.87;77.13;3.83;4.97;1.19;1.54;72.11;93.49;1;M;MACRON;Emmanuel;2031;50.22;69.65
69;Rhône;040;Champagne-au-Mont-d'Or;4044;925;3119;155;48;2916;22.87;77.13;3.83;4.97;1.19;1.54;72.11;93.49;2;F;LE PEN;Marine;885;21.88;30.35
69;Rhône;042;La Chapelle-sur-Coise;434;74;360;19;3;338;17.05;82.95;4.38;5.28;0.69;0.83;77.88;93.89;1;M;MACRON;Emmanuel;179;41.24;52.96
69;Rhône;042;La Chapelle-sur-Coise;434;74;360;19;3;338;17.05;82.95;4.38;5.28;0.69;0.83;77.88;93.89;2;F;LE PEN;Marine;159;36.64;47.04
69;Rhône;043;Chaponost;6854;1348;5506;277;61;5168;19.67;80.33;4.04;5.03;0.89;1.11;75.4;93.86;1;M;MACRON;Emmanuel;3729;54.41;72.16
69;Rhône;043;Chaponost;6854;1348;5506;277;61;5168;19.67;80.33;4.04;5.03;0.89;1.11;75.4;93.86;2;F;LE PEN;Marine;1439;21.0;27.84
69;Rhône;044;Charbonnières-les-Bains;4288;702;3586;161;38;3387;16.37;83.63;3.75;4.49;0.89;1.06;78.99;94.45;1;M;MACRON;Emmanuel;2555;59.58;75.44
69;Rhône;044;Charbonnières-les-Bains;4288;702;3586;161;38;3387;16.37;83.63;3.75;4.49;0.89;1.06;78.99;94.45;2;F;LE PEN;Marine;832;19.4;24.56
69;Rhône;045;Charentay;898;151;747;53;12;682;16.82;83.18;5.9;7.1;1.34;1.61;75.95;91.3;1;M;MACRON;Emmanuel;346;38.53;50.73
69;Rhône;045;Charentay;898;151;747;53;12;682;16.82;83.18;5.9;7.1;1.34;1.61;75.95;91.3;2;F;LE PEN;Marine;336;37.42;49.27
69;Rhône;046;Charly;3813;684;3129;123;40;2966;17.94;82.06;3.23;3.93;1.05;1.28;77.79;94.79;1;M;MACRON;Emmanuel;2140;56.12;72.15
69;Rhône;046;Charly;3813;684;3129;123;40;2966;17.94;82.06;3.23;3.93;1.05;1.28;77.79;94.79;2;F;LE PEN;Marine;826;21.66;27.85
69;Rhône;047;Charnay;709;119;590;27;6;557;16.78;83.22;3.81;4.58;0.85;1.02;78.56;94.41;1;M;MACRON;Emmanuel;389;54.87;69.84
69;Rhône;047;Charnay;709;119;590;27;6;557;16.78;83.22;3.81;4.58;0.85;1.02;78.56;94.41;2;F;LE PEN;Marine;168;23.7;30.16
69;Rhône;049;Chasselay;2312;494;1818;114;28;1676;21.37;78.63;4.93;6.27;1.21;1.54;72.49;92.19;1;M;MACRON;Emmanuel;1125;48.66;67.12
69;Rhône;049;Chasselay;2312;494;1818;114;28;1676;21.37;78.63;4.93;6.27;1.21;1.54;72.49;92.19;2;F;LE PEN;Marine;551;23.83;32.88
69;Rhône;050;Châtillon;1752;416;1336;101;25;1210;23.74;76.26;5.76;7.56;1.43;1.87;69.06;90.57;1;M;MACRON;Emmanuel;780;44.52;64.46
69;Rhône;050;Châtillon;1752;416;1336;101;25;1210;23.74;76.26;5.76;7.56;1.43;1.87;69.06;90.57;2;F;LE PEN;Marine;430;24.54;35.54
69;Rhône;051;Chaussan;878;173;705;64;10;631;19.7;80.3;7.29;9.08;1.14;1.42;71.87;89.5;1;M;MACRON;Emmanuel;396;45.1;62.76
69;Rhône;051;Chaussan;878;173;705;64;10;631;19.7;80.3;7.29;9.08;1.14;1.42;71.87;89.5;2;F;LE PEN;Marine;235;26.77;37.24
69;Rhône;052;Chazay-d'Azergues;3445;729;2716;221;0;2495;21.16;78.84;6.42;8.14;0.0;0.0;72.42;91.86;1;M;MACRON;Emmanuel;1708;49.58;68.46
69;Rhône;052;Chazay-d'Azergues;3445;729;2716;221;0;2495;21.16;78.84;6.42;8.14;0.0;0.0;72.42;91.86;2;F;LE PEN;Marine;787;22.84;31.54
69;Rhône;053;Chénas;453;116;337;23;11;303;25.61;74.39;5.08;6.82;2.43;3.26;66.89;89.91;1;M;MACRON;Emmanuel;177;39.07;58.42
69;Rhône;053;Chénas;453;116;337;23;11;303;25.61;74.39;5.08;6.82;2.43;3.26;66.89;89.91;2;F;LE PEN;Marine;126;27.81;41.58
69;Rhône;054;Chénelette;288;50;238;25;2;211;17.36;82.64;8.68;10.5;0.69;0.84;73.26;88.66;1;M;MACRON;Emmanuel;92;31.94;43.6
69;Rhône;054;Chénelette;288;50;238;25;2;211;17.36;82.64;8.68;10.5;0.69;0.84;73.26;88.66;2;F;LE PEN;Marine;119;41.32;56.4
69;Rhône;055;Les Chères;1086;217;869;44;13;812;19.98;80.02;4.05;5.06;1.2;1.5;74.77;93.44;1;M;MACRON;Emmanuel;466;42.91;57.39
69;Rhône;055;Les Chères;1086;217;869;44;13;812;19.98;80.02;4.05;5.06;1.2;1.5;74.77;93.44;2;F;LE PEN;Marine;346;31.86;42.61
69;Rhône;056;Chessy-les-Mines;1445;302;1143;70;14;1059;20.9;79.1;4.84;6.12;0.97;1.22;73.29;92.65;1;M;MACRON;Emmanuel;600;41.52;56.66
69;Rhône;056;Chessy-les-Mines;1445;302;1143;70;14;1059;20.9;79.1;4.84;6.12;0.97;1.22;73.29;92.65;2;F;LE PEN;Marine;459;31.76;43.34
69;Rhône;057;Chevinay;449;89;360;20;3;337;19.82;80.18;4.45;5.56;0.67;0.83;75.06;93.61;1;M;MACRON;Emmanuel;207;46.1;61.42
69;Rhône;057;Chevinay;449;89;360;20;3;337;19.82;80.18;4.45;5.56;0.67;0.83;75.06;93.61;2;F;LE PEN;Marine;130;28.95;38.58
69;Rhône;058;Chiroubles;342;68;274;19;4;251;19.88;80.12;5.56;6.93;1.17;1.46;73.39;91.61;1;M;MACRON;Emmanuel;162;47.37;64.54
69;Rhône;058;Chiroubles;342;68;274;19;4;251;19.88;80.12;5.56;6.93;1.17;1.46;73.39;91.61;2;F;LE PEN;Marine;89;26.02;35.46
69;Rhône;059;Civrieux-d'Azergues;1180;231;949;40;11;898;19.58;80.42;3.39;4.21;0.93;1.16;76.1;94.63;1;M;MACRON;Emmanuel;577;48.9;64.25
69;Rhône;059;Civrieux-d'Azergues;1180;231;949;40;11;898;19.58;80.42;3.39;4.21;0.93;1.16;76.1;94.63;2;F;LE PEN;Marine;321;27.2;35.75
69;Rhône;060;Claveisolles;451;80;371;16;2;353;17.74;82.26;3.55;4.31;0.44;0.54;78.27;95.15;1;M;MACRON;Emmanuel;162;35.92;45.89
69;Rhône;060;Claveisolles;451;80;371;16;2;353;17.74;82.26;3.55;4.31;0.44;0.54;78.27;95.15;2;F;LE PEN;Marine;191;42.35;54.11
69;Rhône;061;Cogny;933;177;756;37;7;712;18.97;81.03;3.97;4.89;0.75;0.93;76.31;94.18;1;M;MACRON;Emmanuel;428;45.87;60.11
69;Rhône;061;Cogny;933;177;756;37;7;712;18.97;81.03;3.97;4.89;0.75;0.93;76.31;94.18;2;F;LE PEN;Marine;284;30.44;39.89
69;Rhône;062;Coise;642;103;539;36;11;492;16.04;83.96;5.61;6.68;1.71;2.04;76.64;91.28;1;M;MACRON;Emmanuel;283;44.08;57.52
69;Rhône;062;Coise;642;103;539;36;11;492;16.04;83.96;5.61;6.68;1.71;2.04;76.64;91.28;2;F;LE PEN;Marine;209;32.55;42.48
69;Rhône;063;Collonges-au-Mont-d'Or;3418;724;2694;117;36;2541;21.18;78.82;3.42;4.34;1.05;1.34;74.34;94.32;1;M;MACRON;Emmanuel;1872;54.77;73.67
69;Rhône;063;Collonges-au-Mont-d'Or;3418;724;2694;117;36;2541;21.18;78.82;3.42;4.34;1.05;1.34;74.34;94.32;2;F;LE PEN;Marine;669;19.57;26.33
69;Rhône;064;Condrieu;2749;666;2083;136;28;1919;24.23;75.77;4.95;6.53;1.02;1.34;69.81;92.13;1;M;MACRON;Emmanuel;1217;44.27;63.42
69;Rhône;064;Condrieu;2749;666;2083;136;28;1919;24.23;75.77;4.95;6.53;1.02;1.34;69.81;92.13;2;F;LE PEN;Marine;702;25.54;36.58
69;Rhône;065;Corcelles-en-Beaujolais;701;154;547;29;6;512;21.97;78.03;4.14;5.3;0.86;1.1;73.04;93.6;1;M;MACRON;Emmanuel;243;34.66;47.46
69;Rhône;065;Corcelles-en-Beaujolais;701;154;547;29;6;512;21.97;78.03;4.14;5.3;0.86;1.1;73.04;93.6;2;F;LE PEN;Marine;269;38.37;52.54
69;Rhône;066;Cours;3138;806;2332;161;64;2107;25.69;74.31;5.13;6.9;2.04;2.74;67.14;90.35;1;M;MACRON;Emmanuel;939;29.92;44.57
69;Rhône;066;Cours;3138;806;2332;161;64;2107;25.69;74.31;5.13;6.9;2.04;2.74;67.14;90.35;2;F;LE PEN;Marine;1168;37.22;55.43
69;Rhône;067;Courzieu;925;229;696;52;14;630;24.76;75.24;5.62;7.47;1.51;2.01;68.11;90.52;1;M;MACRON;Emmanuel;345;37.3;54.76
69;Rhône;067;Courzieu;925;229;696;52;14;630;24.76;75.24;5.62;7.47;1.51;2.01;68.11;90.52;2;F;LE PEN;Marine;285;30.81;45.24
69;Rhône;068;Couzon-au-Mont-d'Or;1843;423;1420;76;22;1322;22.95;77.05;4.12;5.35;1.19;1.55;71.73;93.1;1;M;MACRON;Emmanuel;957;51.93;72.39
69;Rhône;068;Couzon-au-Mont-d'Or;1843;423;1420;76;22;1322;22.95;77.05;4.12;5.35;1.19;1.55;71.73;93.1;2;F;LE PEN;Marine;365;19.8;27.61
69;Rhône;069;Craponne;8591;2020;6571;296;107;6168;23.51;76.49;3.45;4.5;1.25;1.63;71.8;93.87;1;M;MACRON;Emmanuel;4161;48.43;67.46
69;Rhône;069;Craponne;8591;2020;6571;296;107;6168;23.51;76.49;3.45;4.5;1.25;1.63;71.8;93.87;2;F;LE PEN;Marine;2007;23.36;32.54
69;Rhône;070;Cublize;919;182;737;35;9;693;19.8;80.2;3.81;4.75;0.98;1.22;75.41;94.03;1;M;MACRON;Emmanuel;321;34.93;46.32
69;Rhône;070;Cublize;919;182;737;35;9;693;19.8;80.2;3.81;4.75;0.98;1.22;75.41;94.03;2;F;LE PEN;Marine;372;40.48;53.68
69;Rhône;071;Curis-au-Mont-d'Or;887;157;730;55;11;664;17.7;82.3;6.2;7.53;1.24;1.51;74.86;90.96;1;M;MACRON;Emmanuel;493;55.58;74.25
69;Rhône;071;Curis-au-Mont-d'Or;887;157;730;55;11;664;17.7;82.3;6.2;7.53;1.24;1.51;74.86;90.96;2;F;LE PEN;Marine;171;19.28;25.75
69;Rhône;072;Dardilly;6759;1531;5228;260;54;4914;22.65;77.35;3.85;4.97;0.8;1.03;72.7;93.99;1;M;MACRON;Emmanuel;3494;51.69;71.1
69;Rhône;072;Dardilly;6759;1531;5228;260;54;4914;22.65;77.35;3.85;4.97;0.8;1.03;72.7;93.99;2;F;LE PEN;Marine;1420;21.01;28.9
69;Rhône;074;Denicé;1154;175;979;56;9;914;15.16;84.84;4.85;5.72;0.78;0.92;79.2;93.36;1;M;MACRON;Emmanuel;576;49.91;63.02
69;Rhône;074;Denicé;1154;175;979;56;9;914;15.16;84.84;4.85;5.72;0.78;0.92;79.2;93.36;2;F;LE PEN;Marine;338;29.29;36.98
69;Rhône;075;Dième;128;18;110;6;0;104;14.06;85.94;4.69;5.45;0.0;0.0;81.25;94.55;1;M;MACRON;Emmanuel;43;33.59;41.35
69;Rhône;075;Dième;128;18;110;6;0;104;14.06;85.94;4.69;5.45;0.0;0.0;81.25;94.55;2;F;LE PEN;Marine;61;47.66;58.65
69;Rhône;076;Dommartin;2288;376;1912;87;18;1807;16.43;83.57;3.8;4.55;0.79;0.94;78.98;94.51;1;M;MACRON;Emmanuel;1179;51.53;65.25
69;Rhône;076;Dommartin;2288;376;1912;87;18;1807;16.43;83.57;3.8;4.55;0.79;0.94;78.98;94.51;2;F;LE PEN;Marine;628;27.45;34.75
69;Rhône;077;Dracé;832;169;663;41;9;613;20.31;79.69;4.93;6.18;1.08;1.36;73.68;92.46;1;M;MACRON;Emmanuel;239;28.73;38.99
69;Rhône;077;Dracé;832;169;663;41;9;613;20.31;79.69;4.93;6.18;1.08;1.36;73.68;92.46;2;F;LE PEN;Marine;374;44.95;61.01
69;Rhône;078;Duerne;583;98;485;27;6;452;16.81;83.19;4.63;5.57;1.03;1.24;77.53;93.2;1;M;MACRON;Emmanuel;253;43.4;55.97
69;Rhône;078;Duerne;583;98;485;27;6;452;16.81;83.19;4.63;5.57;1.03;1.24;77.53;93.2;2;F;LE PEN;Marine;199;34.13;44.03
69;Rhône;080;Echalas;1345;249;1096;67;13;1016;18.51;81.49;4.98;6.11;0.97;1.19;75.54;92.7;1;M;MACRON;Emmanuel;481;35.76;47.34
69;Rhône;080;Echalas;1345;249;1096;67;13;1016;18.51;81.49;4.98;6.11;0.97;1.19;75.54;92.7;2;F;LE PEN;Marine;535;39.78;52.66
69;Rhône;081;Ecully;11942;2765;9177;432;122;8623;23.15;76.85;3.62;4.71;1.02;1.33;72.21;93.96;1;M;MACRON;Emmanuel;6340;53.09;73.52
69;Rhône;081;Ecully;11942;2765;9177;432;122;8623;23.15;76.85;3.62;4.71;1.02;1.33;72.21;93.96;2;F;LE PEN;Marine;2283;19.12;26.48
69;Rhône;082;Emeringes;195;32;163;11;0;152;16.41;83.59;5.64;6.75;0.0;0.0;77.95;93.25;1;M;MACRON;Emmanuel;86;44.1;56.58
69;Rhône;082;Emeringes;195;32;163;11;0;152;16.41;83.59;5.64;6.75;0.0;0.0;77.95;93.25;2;F;LE PEN;Marine;66;33.85;43.42
69;Rhône;083;Eveux;875;138;737;42;6;689;15.77;84.23;4.8;5.7;0.69;0.81;78.74;93.49;1;M;MACRON;Emmanuel;485;55.43;70.39
69;Rhône;083;Eveux;875;138;737;42;6;689;15.77;84.23;4.8;5.7;0.69;0.81;78.74;93.49;2;F;LE PEN;Marine;204;23.31;29.61
69;Rhône;084;Fleurie;975;186;789;50;15;724;19.08;80.92;5.13;6.34;1.54;1.9;74.26;91.76;1;M;MACRON;Emmanuel;382;39.18;52.76
69;Rhône;084;Fleurie;975;186;789;50;15;724;19.08;80.92;5.13;6.34;1.54;1.9;74.26;91.76;2;F;LE PEN;Marine;342;35.08;47.24
69;Rhône;085;Fleurieu-sur-Saône;1092;222;870;60;5;805;20.33;79.67;5.49;6.9;0.46;0.57;73.72;92.53;1;M;MACRON;Emmanuel;559;51.19;69.44
69;Rhône;085;Fleurieu-sur-Saône;1092;222;870;60;5;805;20.33;79.67;5.49;6.9;0.46;0.57;73.72;92.53;2;F;LE PEN;Marine;246;22.53;30.56
69;Rhône;086;Fleurieux-sur-l'Arbresle;1910;362;1548;108;19;1421;18.95;81.05;5.65;6.98;0.99;1.23;74.4;91.8;1;M;MACRON;Emmanuel;956;50.05;67.28
69;Rhône;086;Fleurieux-sur-l'Arbresle;1910;362;1548;108;19;1421;18.95;81.05;5.65;6.98;0.99;1.23;74.4;91.8;2;F;LE PEN;Marine;465;24.35;32.72
69;Rhône;087;Fontaines-Saint-Martin;2345;455;1890;87;25;1778;19.4;80.6;3.71;4.6;1.07;1.32;75.82;94.07;1;M;MACRON;Emmanuel;1359;57.95;76.43
69;Rhône;087;Fontaines-Saint-Martin;2345;455;1890;87;25;1778;19.4;80.6;3.71;4.6;1.07;1.32;75.82;94.07;2;F;LE PEN;Marine;419;17.87;23.57
69;Rhône;088;Fontaines-sur-Saône;4993;1377;3616;232;65;3319;27.58;72.42;4.65;6.42;1.3;1.8;66.47;91.79;1;M;MACRON;Emmanuel;2279;45.64;68.67
69;Rhône;088;Fontaines-sur-Saône;4993;1377;3616;232;65;3319;27.58;72.42;4.65;6.42;1.3;1.8;66.47;91.79;2;F;LE PEN;Marine;1040;20.83;31.33
69;Rhône;089;Francheville;10001;2121;7880;368;1379;6133;21.21;78.79;3.68;4.67;13.79;17.5;61.32;77.83;1;M;MACRON;Emmanuel;4384;43.84;71.48
69;Rhône;089;Francheville;10001;2121;7880;368;1379;6133;21.21;78.79;3.68;4.67;13.79;17.5;61.32;77.83;2;F;LE PEN;Marine;1749;17.49;28.52
69;Rhône;090;Frontenas;696;164;532;40;7;485;23.56;76.44;5.75;7.52;1.01;1.32;69.68;91.17;1;M;MACRON;Emmanuel;283;40.66;58.35
69;Rhône;090;Frontenas;696;164;532;40;7;485;23.56;76.44;5.75;7.52;1.01;1.32;69.68;91.17;2;F;LE PEN;Marine;202;29.02;41.65
69;Rhône;091;Givors;11235;4810;6425;407;147;5871;42.81;57.19;3.62;6.33;1.31;2.29;52.26;91.38;1;M;MACRON;Emmanuel;3451;30.72;58.78
69;Rhône;091;Givors;11235;4810;6425;407;147;5871;42.81;57.19;3.62;6.33;1.31;2.29;52.26;91.38;2;F;LE PEN;Marine;2420;21.54;41.22
69;Rhône;092;Gleizé;5719;1763;3956;223;72;3661;30.83;69.17;3.9;5.64;1.26;1.82;64.01;92.54;1;M;MACRON;Emmanuel;2192;38.33;59.87
69;Rhône;092;Gleizé;5719;1763;3956;223;72;3661;30.83;69.17;3.9;5.64;1.26;1.82;64.01;92.54;2;F;LE PEN;Marine;1469;25.69;40.13
69;Rhône;093;Grandris;819;209;610;57;12;541;25.52;74.48;6.96;9.34;1.47;1.97;66.06;88.69;1;M;MACRON;Emmanuel;291;35.53;53.79
69;Rhône;093;Grandris;819;209;610;57;12;541;25.52;74.48;6.96;9.34;1.47;1.97;66.06;88.69;2;F;LE PEN;Marine;250;30.53;46.21
69;Rhône;094;Grézieu-la-Varenne;4416;968;3448;174;52;3222;21.92;78.08;3.94;5.05;1.18;1.51;72.96;93.45;1;M;MACRON;Emmanuel;2053;46.49;63.72
69;Rhône;094;Grézieu-la-Varenne;4416;968;3448;174;52;3222;21.92;78.08;3.94;5.05;1.18;1.51;72.96;93.45;2;F;LE PEN;Marine;1169;26.47;36.28
69;Rhône;095;Grézieu-le-Marché;629;105;524;38;15;471;16.69;83.31;6.04;7.25;2.38;2.86;74.88;89.89;1;M;MACRON;Emmanuel;262;41.65;55.63
69;Rhône;095;Grézieu-le-Marché;629;105;524;38;15;471;16.69;83.31;6.04;7.25;2.38;2.86;74.88;89.89;2;F;LE PEN;Marine;209;33.23;44.37
69;Rhône;096;Grigny;5746;1796;3950;289;138;3523;31.26;68.74;5.03;7.32;2.4;3.49;61.31;89.19;1;M;MACRON;Emmanuel;2053;35.73;58.27
69;Rhône;096;Grigny;5746;1796;3950;289;138;3523;31.26;68.74;5.03;7.32;2.4;3.49;61.31;89.19;2;F;LE PEN;Marine;1470;25.58;41.73
69;Rhône;097;Les Haies;650;133;517;31;5;481;20.46;79.54;4.77;6.0;0.77;0.97;74.0;93.04;1;M;MACRON;Emmanuel;234;36.0;48.65
69;Rhône;097;Les Haies;650;133;517;31;5;481;20.46;79.54;4.77;6.0;0.77;0.97;74.0;93.04;2;F;LE PEN;Marine;247;38.0;51.35
69;Rhône;098;Les Halles;352;63;289;19;2;268;17.9;82.1;5.4;6.57;0.57;0.69;76.14;92.73;1;M;MACRON;Emmanuel;90;25.57;33.58
69;Rhône;098;Les Halles;352;63;289;19;2;268;17.9;82.1;5.4;6.57;0.57;0.69;76.14;92.73;2;F;LE PEN;Marine;178;50.57;66.42
69;Rhône;099;Haute-Rivoire;988;211;777;50;11;716;21.36;78.64;5.06;6.44;1.11;1.42;72.47;92.15;1;M;MACRON;Emmanuel;318;32.19;44.41
69;Rhône;099;Haute-Rivoire;988;211;777;50;11;716;21.36;78.64;5.06;6.44;1.11;1.42;72.47;92.15;2;F;LE PEN;Marine;398;40.28;55.59
69;Rhône;100;Irigny;6354;1491;4863;290;72;4501;23.47;76.53;4.56;5.96;1.13;1.48;70.84;92.56;1;M;MACRON;Emmanuel;2835;44.62;62.99
69;Rhône;100;Irigny;6354;1491;4863;290;72;4501;23.47;76.53;4.56;5.96;1.13;1.48;70.84;92.56;2;F;LE PEN;Marine;1666;26.22;37.01
69;Rhône;102;Joux;571;131;440;33;9;398;22.94;77.06;5.78;7.5;1.58;2.05;69.7;90.45;1;M;MACRON;Emmanuel;182;31.87;45.73
69;Rhône;102;Joux;571;131;440;33;9;398;22.94;77.06;5.78;7.5;1.58;2.05;69.7;90.45;2;F;LE PEN;Marine;216;37.83;54.27
69;Rhône;103;Juliénas;685;128;557;36;9;512;18.69;81.31;5.26;6.46;1.31;1.62;74.74;91.92;1;M;MACRON;Emmanuel;309;45.11;60.35
69;Rhône;103;Juliénas;685;128;557;36;9;512;18.69;81.31;5.26;6.46;1.31;1.62;74.74;91.92;2;F;LE PEN;Marine;203;29.64;39.65
69;Rhône;104;Jullié;322;57;265;27;6;232;17.7;82.3;8.39;10.19;1.86;2.26;72.05;87.55;1;M;MACRON;Emmanuel;121;37.58;52.16
69;Rhône;104;Jullié;322;57;265;27;6;232;17.7;82.3;8.39;10.19;1.86;2.26;72.05;87.55;2;F;LE PEN;Marine;111;34.47;47.84
69;Rhône;105;Lacenas;823;131;692;35;13;644;15.92;84.08;4.25;5.06;1.58;1.88;78.25;93.06;1;M;MACRON;Emmanuel;416;50.55;64.6
69;Rhône;105;Lacenas;823;131;692;35;13;644;15.92;84.08;4.25;5.06;1.58;1.88;78.25;93.06;2;F;LE PEN;Marine;228;27.7;35.4
69;Rhône;106;Lachassagne;944;120;824;46;15;763;12.71;87.29;4.87;5.58;1.59;1.82;80.83;92.6;1;M;MACRON;Emmanuel;465;49.26;60.94
69;Rhône;106;Lachassagne;944;120;824;46;15;763;12.71;87.29;4.87;5.58;1.59;1.82;80.83;92.6;2;F;LE PEN;Marine;298;31.57;39.06
69;Rhône;107;Lamure-sur-Azergues;759;167;592;31;8;553;22.0;78.0;4.08;5.24;1.05;1.35;72.86;93.41;1;M;MACRON;Emmanuel;260;34.26;47.02
69;Rhône;107;Lamure-sur-Azergues;759;167;592;31;8;553;22.0;78.0;4.08;5.24;1.05;1.35;72.86;93.41;2;F;LE PEN;Marine;293;38.6;52.98
69;Rhône;108;Lancié;754;151;603;37;14;552;20.03;79.97;4.91;6.14;1.86;2.32;73.21;91.54;1;M;MACRON;Emmanuel;288;38.2;52.17
69;Rhône;108;Lancié;754;151;603;37;14;552;20.03;79.97;4.91;6.14;1.86;2.32;73.21;91.54;2;F;LE PEN;Marine;264;35.01;47.83
69;Rhône;109;Lantignié;691;145;546;38;9;499;20.98;79.02;5.5;6.96;1.3;1.65;72.21;91.39;1;M;MACRON;Emmanuel;259;37.48;51.9
69;Rhône;109;Lantignié;691;145;546;38;9;499;20.98;79.02;5.5;6.96;1.3;1.65;72.21;91.39;2;F;LE PEN;Marine;240;34.73;48.1
69;Rhône;110;Larajasse;1439;284;1155;78;13;1064;19.74;80.26;5.42;6.75;0.9;1.13;73.94;92.12;1;M;MACRON;Emmanuel;566;39.33;53.2
69;Rhône;110;Larajasse;1439;284;1155;78;13;1064;19.74;80.26;5.42;6.75;0.9;1.13;73.94;92.12;2;F;LE PEN;Marine;498;34.61;46.8
69;Rhône;111;Légny;501;88;413;25;6;382;17.56;82.44;4.99;6.05;1.2;1.45;76.25;92.49;1;M;MACRON;Emmanuel;215;42.91;56.28
69;Rhône;111;Légny;501;88;413;25;6;382;17.56;82.44;4.99;6.05;1.2;1.45;76.25;92.49;2;F;LE PEN;Marine;167;33.33;43.72
69;Rhône;112;Lentilly;5090;1067;4023;221;53;3749;20.96;79.04;4.34;5.49;1.04;1.32;73.65;93.19;1;M;MACRON;Emmanuel;2515;49.41;67.08
69;Rhône;112;Lentilly;5090;1067;4023;221;53;3749;20.96;79.04;4.34;5.49;1.04;1.32;73.65;93.19;2;F;LE PEN;Marine;1234;24.24;32.92
69;Rhône;113;Létra;608;121;487;37;7;443;19.9;80.1;6.09;7.6;1.15;1.44;72.86;90.97;1;M;MACRON;Emmanuel;282;46.38;63.66
69;Rhône;113;Létra;608;121;487;37;7;443;19.9;80.1;6.09;7.6;1.15;1.44;72.86;90.97;2;F;LE PEN;Marine;161;26.48;36.34
69;Rhône;115;Limas;3393;806;2587;135;38;2414;23.75;76.25;3.98;5.22;1.12;1.47;71.15;93.31;1;M;MACRON;Emmanuel;1478;43.56;61.23
69;Rhône;115;Limas;3393;806;2587;135;38;2414;23.75;76.25;3.98;5.22;1.12;1.47;71.15;93.31;2;F;LE PEN;Marine;936;27.59;38.77
69;Rhône;116;Limonest;2733;518;2215;102;29;2084;18.95;81.05;3.73;4.6;1.06;1.31;76.25;94.09;1;M;MACRON;Emmanuel;1386;50.71;66.51
69;Rhône;116;Limonest;2733;518;2215;102;29;2084;18.95;81.05;3.73;4.6;1.06;1.31;76.25;94.09;2;F;LE PEN;Marine;698;25.54;33.49
69;Rhône;117;Lissieu;2550;500;2050;103;24;1923;19.61;80.39;4.04;5.02;0.94;1.17;75.41;93.8;1;M;MACRON;Emmanuel;1305;51.18;67.86
69;Rhône;117;Lissieu;2550;500;2050;103;24;1923;19.61;80.39;4.04;5.02;0.94;1.17;75.41;93.8;2;F;LE PEN;Marine;618;24.24;32.14
69;Rhône;118;Loire-sur-Rhône;1965;444;1521;99;23;1399;22.6;77.4;5.04;6.51;1.17;1.51;71.2;91.98;1;M;MACRON;Emmanuel;630;32.06;45.03
69;Rhône;118;Loire-sur-Rhône;1965;444;1521;99;23;1399;22.6;77.4;5.04;6.51;1.17;1.51;71.2;91.98;2;F;LE PEN;Marine;769;39.13;54.97
69;Rhône;119;Longes;684;118;566;37;3;526;17.25;82.75;5.41;6.54;0.44;0.53;76.9;92.93;1;M;MACRON;Emmanuel;226;33.04;42.97
69;Rhône;119;Longes;684;118;566;37;3;526;17.25;82.75;5.41;6.54;0.44;0.53;76.9;92.93;2;F;LE PEN;Marine;300;43.86;57.03
69;Rhône;120;Longessaigne;432;72;360;23;6;331;16.67;83.33;5.32;6.39;1.39;1.67;76.62;91.94;1;M;MACRON;Emmanuel;183;42.36;55.29
69;Rhône;120;Longessaigne;432;72;360;23;6;331;16.67;83.33;5.32;6.39;1.39;1.67;76.62;91.94;2;F;LE PEN;Marine;148;34.26;44.71
69;Rhône;121;Lozanne;2172;495;1677;77;20;1580;22.79;77.21;3.55;4.59;0.92;1.19;72.74;94.22;1;M;MACRON;Emmanuel;947;43.6;59.94
69;Rhône;121;Lozanne;2172;495;1677;77;20;1580;22.79;77.21;3.55;4.59;0.92;1.19;72.74;94.22;2;F;LE PEN;Marine;633;29.14;40.06
69;Rhône;122;Lucenay;1584;286;1298;65;16;1217;18.06;81.94;4.1;5.01;1.01;1.23;76.83;93.76;1;M;MACRON;Emmanuel;722;45.58;59.33
69;Rhône;122;Lucenay;1584;286;1298;65;16;1217;18.06;81.94;4.1;5.01;1.01;1.23;76.83;93.76;2;F;LE PEN;Marine;495;31.25;40.67
69;Rhône;123;Lyon;292802;70850;221952;12377;3397;206178;24.2;75.8;4.23;5.58;1.16;1.53;70.42;92.89;1;M;MACRON;Emmanuel;164535;56.19;79.8
69;Rhône;123;Lyon;292802;70850;221952;12377;3397;206178;24.2;75.8;4.23;5.58;1.16;1.53;70.42;92.89;2;F;LE PEN;Marine;41643;14.22;20.2
69;Rhône;124;Marchampt;389;85;304;18;8;278;21.85;78.15;4.63;5.92;2.06;2.63;71.47;91.45;1;M;MACRON;Emmanuel;159;40.87;57.19
69;Rhône;124;Marchampt;389;85;304;18;8;278;21.85;78.15;4.63;5.92;2.06;2.63;71.47;91.45;2;F;LE PEN;Marine;119;30.59;42.81
69;Rhône;125;Marcilly-d'Azergues;789;157;632;32;4;596;19.9;80.1;4.06;5.06;0.51;0.63;75.54;94.3;1;M;MACRON;Emmanuel;388;49.18;65.1
69;Rhône;125;Marcilly-d'Azergues;789;157;632;32;4;596;19.9;80.1;4.06;5.06;0.51;0.63;75.54;94.3;2;F;LE PEN;Marine;208;26.36;34.9
69;Rhône;126;Marcy;668;103;565;34;14;517;15.42;84.58;5.09;6.02;2.1;2.48;77.4;91.5;1;M;MACRON;Emmanuel;348;52.1;67.31
69;Rhône;126;Marcy;668;103;565;34;14;517;15.42;84.58;5.09;6.02;2.1;2.48;77.4;91.5;2;F;LE PEN;Marine;169;25.3;32.69
69;Rhône;127;Marcy-l'Etoile;2375;513;1862;96;16;1750;21.6;78.4;4.04;5.16;0.67;0.86;73.68;93.98;1;M;MACRON;Emmanuel;1239;52.17;70.8
69;Rhône;127;Marcy-l'Etoile;2375;513;1862;96;16;1750;21.6;78.4;4.04;5.16;0.67;0.86;73.68;93.98;2;F;LE PEN;Marine;511;21.52;29.2
69;Rhône;130;Meaux-la-Montagne;191;28;163;14;3;146;14.66;85.34;7.33;8.59;1.57;1.84;76.44;89.57;1;M;MACRON;Emmanuel;67;35.08;45.89
69;Rhône;130;Meaux-la-Montagne;191;28;163;14;3;146;14.66;85.34;7.33;8.59;1.57;1.84;76.44;89.57;2;F;LE PEN;Marine;79;41.36;54.11
69;Rhône;131;Messimy;2744;540;2204;124;24;2056;19.68;80.32;4.52;5.63;0.87;1.09;74.93;93.28;1;M;MACRON;Emmanuel;1178;42.93;57.3
69;Rhône;131;Messimy;2744;540;2204;124;24;2056;19.68;80.32;4.52;5.63;0.87;1.09;74.93;93.28;2;F;LE PEN;Marine;878;32.0;42.7
69;Rhône;132;Meys;609;116;493;29;5;459;19.05;80.95;4.76;5.88;0.82;1.01;75.37;93.1;1;M;MACRON;Emmanuel;189;31.03;41.18
69;Rhône;132;Meys;609;116;493;29;5;459;19.05;80.95;4.76;5.88;0.82;1.01;75.37;93.1;2;F;LE PEN;Marine;270;44.33;58.82
69;Rhône;133;Millery;3322;705;2617;111;30;2476;21.22;78.78;3.34;4.24;0.9;1.15;74.53;94.61;1;M;MACRON;Emmanuel;1749;52.65;70.64
69;Rhône;133;Millery;3322;705;2617;111;30;2476;21.22;78.78;3.34;4.24;0.9;1.15;74.53;94.61;2;F;LE PEN;Marine;727;21.88;29.36
69;Rhône;134;Moiré;194;33;161;8;1;152;17.01;82.99;4.12;4.97;0.52;0.62;78.35;94.41;1;M;MACRON;Emmanuel;98;50.52;64.47
69;Rhône;134;Moiré;194;33;161;8;1;152;17.01;82.99;4.12;4.97;0.52;0.62;78.35;94.41;2;F;LE PEN;Marine;54;27.84;35.53
69;Rhône;135;Deux-Grosnes;1343;299;1044;58;20;966;22.26;77.74;4.32;5.56;1.49;1.92;71.93;92.53;1;M;MACRON;Emmanuel;489;36.41;50.62
69;Rhône;135;Deux-Grosnes;1343;299;1044;58;20;966;22.26;77.74;4.32;5.56;1.49;1.92;71.93;92.53;2;F;LE PEN;Marine;477;35.52;49.38
69;Rhône;136;Montagny;2217;471;1746;118;25;1603;21.24;78.76;5.32;6.76;1.13;1.43;72.3;91.81;1;M;MACRON;Emmanuel;933;42.08;58.2
69;Rhône;136;Montagny;2217;471;1746;118;25;1603;21.24;78.76;5.32;6.76;1.13;1.43;72.3;91.81;2;F;LE PEN;Marine;670;30.22;41.8
69;Rhône;137;Montmelas-Saint-Sorlin;333;62;271;20;5;246;18.62;81.38;6.01;7.38;1.5;1.85;73.87;90.77;1;M;MACRON;Emmanuel;164;49.25;66.67
69;Rhône;137;Montmelas-Saint-Sorlin;333;62;271;20;5;246;18.62;81.38;6.01;7.38;1.5;1.85;73.87;90.77;2;F;LE PEN;Marine;82;24.62;33.33
69;Rhône;138;Montromant;348;67;281;25;6;250;19.25;80.75;7.18;8.9;1.72;2.14;71.84;88.97;1;M;MACRON;Emmanuel;155;44.54;62.0
69;Rhône;138;Montromant;348;67;281;25;6;250;19.25;80.75;7.18;8.9;1.72;2.14;71.84;88.97;2;F;LE PEN;Marine;95;27.3;38.0
69;Rhône;139;Montrottier;1082;242;840;50;16;774;22.37;77.63;4.62;5.95;1.48;1.9;71.53;92.14;1;M;MACRON;Emmanuel;412;38.08;53.23
69;Rhône;139;Montrottier;1082;242;840;50;16;774;22.37;77.63;4.62;5.95;1.48;1.9;71.53;92.14;2;F;LE PEN;Marine;362;33.46;46.77
69;Rhône;140;Morancé;1784;300;1484;83;17;1384;16.82;83.18;4.65;5.59;0.95;1.15;77.58;93.26;1;M;MACRON;Emmanuel;920;51.57;66.47
69;Rhône;140;Morancé;1784;300;1484;83;17;1384;16.82;83.18;4.65;5.59;0.95;1.15;77.58;93.26;2;F;LE PEN;Marine;464;26.01;33.53
69;Rhône;141;Mornant;4834;1107;3727;278;51;3398;22.9;77.1;5.75;7.46;1.06;1.37;70.29;91.17;1;M;MACRON;Emmanuel;2174;44.97;63.98
69;Rhône;141;Mornant;4834;1107;3727;278;51;3398;22.9;77.1;5.75;7.46;1.06;1.37;70.29;91.17;2;F;LE PEN;Marine;1224;25.32;36.02
69;Rhône;142;La Mulatière;3834;1142;2692;164;44;2484;29.79;70.21;4.28;6.09;1.15;1.63;64.79;92.27;1;M;MACRON;Emmanuel;1708;44.55;68.76
69;Rhône;142;La Mulatière;3834;1142;2692;164;44;2484;29.79;70.21;4.28;6.09;1.15;1.63;64.79;92.27;2;F;LE PEN;Marine;776;20.24;31.24
69;Rhône;143;Neuville-sur-Saône;5143;1514;3629;208;58;3363;29.44;70.56;4.04;5.73;1.13;1.6;65.39;92.67;1;M;MACRON;Emmanuel;2317;45.05;68.9
69;Rhône;143;Neuville-sur-Saône;5143;1514;3629;208;58;3363;29.44;70.56;4.04;5.73;1.13;1.6;65.39;92.67;2;F;LE PEN;Marine;1046;20.34;31.1
69;Rhône;145;Odenas;628;130;498;30;4;464;20.7;79.3;4.78;6.02;0.64;0.8;73.89;93.17;1;M;MACRON;Emmanuel;276;43.95;59.48
69;Rhône;145;Odenas;628;130;498;30;4;464;20.7;79.3;4.78;6.02;0.64;0.8;73.89;93.17;2;F;LE PEN;Marine;188;29.94;40.52
69;Rhône;148;Orliénas;1983;339;1644;89;16;1539;17.1;82.9;4.49;5.41;0.81;0.97;77.61;93.61;1;M;MACRON;Emmanuel;1018;51.34;66.15
69;Rhône;148;Orliénas;1983;339;1644;89;16;1539;17.1;82.9;4.49;5.41;0.81;0.97;77.61;93.61;2;F;LE PEN;Marine;521;26.27;33.85
69;Rhône;149;Oullins;16911;4488;12423;811;231;11381;26.54;73.46;4.8;6.53;1.37;1.86;67.3;91.61;1;M;MACRON;Emmanuel;8062;47.67;70.84
69;Rhône;149;Oullins;16911;4488;12423;811;231;11381;26.54;73.46;4.8;6.53;1.37;1.86;67.3;91.61;2;F;LE PEN;Marine;3319;19.63;29.16
69;Rhône;151;Le Perréon;1088;205;883;45;12;826;18.84;81.16;4.14;5.1;1.1;1.36;75.92;93.54;1;M;MACRON;Emmanuel;400;36.76;48.43
69;Rhône;151;Le Perréon;1088;205;883;45;12;826;18.84;81.16;4.14;5.1;1.1;1.36;75.92;93.54;2;F;LE PEN;Marine;426;39.15;51.57
69;Rhône;152;Pierre-Bénite;6395;2336;4059;279;87;3693;36.53;63.47;4.36;6.87;1.36;2.14;57.75;90.98;1;M;MACRON;Emmanuel;2354;36.81;63.74
69;Rhône;152;Pierre-Bénite;6395;2336;4059;279;87;3693;36.53;63.47;4.36;6.87;1.36;2.14;57.75;90.98;2;F;LE PEN;Marine;1339;20.94;36.26
69;Rhône;153;Poleymieux-au-Mont-d'Or;838;146;692;38;7;647;17.42;82.58;4.53;5.49;0.84;1.01;77.21;93.5;1;M;MACRON;Emmanuel;450;53.7;69.55
69;Rhône;153;Poleymieux-au-Mont-d'Or;838;146;692;38;7;647;17.42;82.58;4.53;5.49;0.84;1.01;77.21;93.5;2;F;LE PEN;Marine;197;23.51;30.45
69;Rhône;154;Pollionnay;1786;310;1476;84;18;1374;17.36;82.64;4.7;5.69;1.01;1.22;76.93;93.09;1;M;MACRON;Emmanuel;883;49.44;64.26
69;Rhône;154;Pollionnay;1786;310;1476;84;18;1374;17.36;82.64;4.7;5.69;1.01;1.22;76.93;93.09;2;F;LE PEN;Marine;491;27.49;35.74
69;Rhône;155;Pomeys;924;166;758;35;9;714;17.97;82.03;3.79;4.62;0.97;1.19;77.27;94.2;1;M;MACRON;Emmanuel;453;49.03;63.45
69;Rhône;155;Pomeys;924;166;758;35;9;714;17.97;82.03;3.79;4.62;0.97;1.19;77.27;94.2;2;F;LE PEN;Marine;261;28.25;36.55
69;Rhône;156;Pommiers;2024;380;1644;96;23;1525;18.77;81.23;4.74;5.84;1.14;1.4;75.35;92.76;1;M;MACRON;Emmanuel;1062;52.47;69.64
69;Rhône;156;Pommiers;2024;380;1644;96;23;1525;18.77;81.23;4.74;5.84;1.14;1.4;75.35;92.76;2;F;LE PEN;Marine;463;22.88;30.36
69;Rhône;157;Vindry-sur-Turdine;3931;823;3108;191;51;2866;20.94;79.06;4.86;6.15;1.3;1.64;72.91;92.21;1;M;MACRON;Emmanuel;1635;41.59;57.05
69;Rhône;157;Vindry-sur-Turdine;3931;823;3108;191;51;2866;20.94;79.06;4.86;6.15;1.3;1.64;72.91;92.21;2;F;LE PEN;Marine;1231;31.32;42.95
69;Rhône;159;Porte des Pierres Dorées;3046;571;2475;133;44;2298;18.75;81.25;4.37;5.37;1.44;1.78;75.44;92.85;1;M;MACRON;Emmanuel;1278;41.96;55.61
69;Rhône;159;Porte des Pierres Dorées;3046;571;2475;133;44;2298;18.75;81.25;4.37;5.37;1.44;1.78;75.44;92.85;2;F;LE PEN;Marine;1020;33.49;44.39
69;Rhône;160;Poule-les-Echarmeaux;833;187;646;42;8;596;22.45;77.55;5.04;6.5;0.96;1.24;71.55;92.26;1;M;MACRON;Emmanuel;292;35.05;48.99
69;Rhône;160;Poule-les-Echarmeaux;833;187;646;42;8;596;22.45;77.55;5.04;6.5;0.96;1.24;71.55;92.26;2;F;LE PEN;Marine;304;36.49;51.01
69;Rhône;161;Propières;400;95;305;18;4;283;23.75;76.25;4.5;5.9;1.0;1.31;70.75;92.79;1;M;MACRON;Emmanuel;115;28.75;40.64
69;Rhône;161;Propières;400;95;305;18;4;283;23.75;76.25;4.5;5.9;1.0;1.31;70.75;92.79;2;F;LE PEN;Marine;168;42.0;59.36
69;Rhône;162;Quincié-en-Beaujolais;1040;222;818;46;10;762;21.35;78.65;4.42;5.62;0.96;1.22;73.27;93.15;1;M;MACRON;Emmanuel;465;44.71;61.02
69;Rhône;162;Quincié-en-Beaujolais;1040;222;818;46;10;762;21.35;78.65;4.42;5.62;0.96;1.22;73.27;93.15;2;F;LE PEN;Marine;297;28.56;38.98
69;Rhône;163;Quincieux;2570;495;2075;107;29;1939;19.26;80.74;4.16;5.16;1.13;1.4;75.45;93.45;1;M;MACRON;Emmanuel;1037;40.35;53.48
69;Rhône;163;Quincieux;2570;495;2075;107;29;1939;19.26;80.74;4.16;5.16;1.13;1.4;75.45;93.45;2;F;LE PEN;Marine;902;35.1;46.52
69;Rhône;164;Ranchal;276;66;210;18;3;189;23.91;76.09;6.52;8.57;1.09;1.43;68.48;90.0;1;M;MACRON;Emmanuel;90;32.61;47.62
69;Rhône;164;Ranchal;276;66;210;18;3;189;23.91;76.09;6.52;8.57;1.09;1.43;68.48;90.0;2;F;LE PEN;Marine;99;35.87;52.38
69;Rhône;165;Régnié-Durette;801;145;656;49;8;599;18.1;81.9;6.12;7.47;1.0;1.22;74.78;91.31;1;M;MACRON;Emmanuel;354;44.19;59.1
69;Rhône;165;Régnié-Durette;801;145;656;49;8;599;18.1;81.9;6.12;7.47;1.0;1.22;74.78;91.31;2;F;LE PEN;Marine;245;30.59;40.9
69;Rhône;166;Riverie;189;31;158;11;0;147;16.4;83.6;5.82;6.96;0.0;0.0;77.78;93.04;1;M;MACRON;Emmanuel;97;51.32;65.99
69;Rhône;166;Riverie;189;31;158;11;0;147;16.4;83.6;5.82;6.96;0.0;0.0;77.78;93.04;2;F;LE PEN;Marine;50;26.46;34.01
69;Rhône;167;Rivolet;457;76;381;29;7;345;16.63;83.37;6.35;7.61;1.53;1.84;75.49;90.55;1;M;MACRON;Emmanuel;216;47.26;62.61
69;Rhône;167;Rivolet;457;76;381;29;7;345;16.63;83.37;6.35;7.61;1.53;1.84;75.49;90.55;2;F;LE PEN;Marine;129;28.23;37.39
69;Rhône;168;Rochetaillée-sur-Saône;971;205;766;31;10;725;21.11;78.89;3.19;4.05;1.03;1.31;74.67;94.65;1;M;MACRON;Emmanuel;508;52.32;70.07
69;Rhône;168;Rochetaillée-sur-Saône;971;205;766;31;10;725;21.11;78.89;3.19;4.05;1.03;1.31;74.67;94.65;2;F;LE PEN;Marine;217;22.35;29.93
69;Rhône;169;Ronno;539;92;447;26;3;418;17.07;82.93;4.82;5.82;0.56;0.67;77.55;93.51;1;M;MACRON;Emmanuel;190;35.25;45.45
69;Rhône;169;Ronno;539;92;447;26;3;418;17.07;82.93;4.82;5.82;0.56;0.67;77.55;93.51;2;F;LE PEN;Marine;228;42.3;54.55
69;Rhône;170;Rontalon;883;179;704;50;15;639;20.27;79.73;5.66;7.1;1.7;2.13;72.37;90.77;1;M;MACRON;Emmanuel;353;39.98;55.24
69;Rhône;170;Rontalon;883;179;704;50;15;639;20.27;79.73;5.66;7.1;1.7;2.13;72.37;90.77;2;F;LE PEN;Marine;286;32.39;44.76
69;Rhône;171;Sain-Bel;1700;444;1256;97;26;1133;26.12;73.88;5.71;7.72;1.53;2.07;66.65;90.21;1;M;MACRON;Emmanuel;652;38.35;57.55
69;Rhône;171;Sain-Bel;1700;444;1256;97;26;1133;26.12;73.88;5.71;7.72;1.53;2.07;66.65;90.21;2;F;LE PEN;Marine;481;28.29;42.45
69;Rhône;172;Salles-Arbuissonnas-en-Beaujolais;611;115;496;34;4;458;18.82;81.18;5.56;6.85;0.65;0.81;74.96;92.34;1;M;MACRON;Emmanuel;253;41.41;55.24
69;Rhône;172;Salles-Arbuissonnas-en-Beaujolais;611;115;496;34;4;458;18.82;81.18;5.56;6.85;0.65;0.81;74.96;92.34;2;F;LE PEN;Marine;205;33.55;44.76
69;Rhône;173;Sarcey;757;153;604;36;13;555;20.21;79.79;4.76;5.96;1.72;2.15;73.32;91.89;1;M;MACRON;Emmanuel;325;42.93;58.56
69;Rhône;173;Sarcey;757;153;604;36;13;555;20.21;79.79;4.76;5.96;1.72;2.15;73.32;91.89;2;F;LE PEN;Marine;230;30.38;41.44
69;Rhône;174;Les Sauvages;491;109;382;29;7;346;22.2;77.8;5.91;7.59;1.43;1.83;70.47;90.58;1;M;MACRON;Emmanuel;181;36.86;52.31
69;Rhône;174;Les Sauvages;491;109;382;29;7;346;22.2;77.8;5.91;7.59;1.43;1.83;70.47;90.58;2;F;LE PEN;Marine;165;33.6;47.69
69;Rhône;175;Savigny;1561;276;1285;78;23;1184;17.68;82.32;5.0;6.07;1.47;1.79;75.85;92.14;1;M;MACRON;Emmanuel;676;43.31;57.09
69;Rhône;175;Savigny;1561;276;1285;78;23;1184;17.68;82.32;5.0;6.07;1.47;1.79;75.85;92.14;2;F;LE PEN;Marine;508;32.54;42.91
69;Rhône;176;Soucieu-en-Jarrest;3373;728;2645;163;43;2439;21.58;78.42;4.83;6.16;1.27;1.63;72.31;92.21;1;M;MACRON;Emmanuel;1528;45.3;62.65
69;Rhône;176;Soucieu-en-Jarrest;3373;728;2645;163;43;2439;21.58;78.42;4.83;6.16;1.27;1.63;72.31;92.21;2;F;LE PEN;Marine;911;27.01;37.35
69;Rhône;177;Sourcieux-les-Mines;1563;308;1255;69;21;1165;19.71;80.29;4.41;5.5;1.34;1.67;74.54;92.83;1;M;MACRON;Emmanuel;714;45.68;61.29
69;Rhône;177;Sourcieux-les-Mines;1563;308;1255;69;21;1165;19.71;80.29;4.41;5.5;1.34;1.67;74.54;92.83;2;F;LE PEN;Marine;451;28.85;38.71
69;Rhône;178;Souzy;530;118;412;40;10;362;22.26;77.74;7.55;9.71;1.89;2.43;68.3;87.86;1;M;MACRON;Emmanuel;150;28.3;41.44
69;Rhône;178;Souzy;530;118;412;40;10;362;22.26;77.74;7.55;9.71;1.89;2.43;68.3;87.86;2;F;LE PEN;Marine;212;40.0;58.56
69;Rhône;179;Beauvallon;3086;608;2478;176;36;2266;19.7;80.3;5.7;7.1;1.17;1.45;73.43;91.44;1;M;MACRON;Emmanuel;1358;44.01;59.93
69;Rhône;179;Beauvallon;3086;608;2478;176;36;2266;19.7;80.3;5.7;7.1;1.17;1.45;73.43;91.44;2;F;LE PEN;Marine;908;29.42;40.07
69;Rhône;180;Saint-André-la-Côte;217;33;184;13;2;169;15.21;84.79;5.99;7.07;0.92;1.09;77.88;91.85;1;M;MACRON;Emmanuel;84;38.71;49.7
69;Rhône;180;Saint-André-la-Côte;217;33;184;13;2;169;15.21;84.79;5.99;7.07;0.92;1.09;77.88;91.85;2;F;LE PEN;Marine;85;39.17;50.3
69;Rhône;181;Saint-Appolinaire;148;27;121;14;2;105;18.24;81.76;9.46;11.57;1.35;1.65;70.95;86.78;1;M;MACRON;Emmanuel;53;35.81;50.48
69;Rhône;181;Saint-Appolinaire;148;27;121;14;2;105;18.24;81.76;9.46;11.57;1.35;1.65;70.95;86.78;2;F;LE PEN;Marine;52;35.14;49.52
69;Rhône;182;Saint-Bonnet-des-Bruyères;328;81;247;18;3;226;24.7;75.3;5.49;7.29;0.91;1.21;68.9;91.5;1;M;MACRON;Emmanuel;113;34.45;50.0
69;Rhône;182;Saint-Bonnet-des-Bruyères;328;81;247;18;3;226;24.7;75.3;5.49;7.29;0.91;1.21;68.9;91.5;2;F;LE PEN;Marine;113;34.45;50.0
69;Rhône;183;Saint-Bonnet-le-Troncy;232;38;194;20;1;173;16.38;83.62;8.62;10.31;0.43;0.52;74.57;89.18;1;M;MACRON;Emmanuel;81;34.91;46.82
69;Rhône;183;Saint-Bonnet-le-Troncy;232;38;194;20;1;173;16.38;83.62;8.62;10.31;0.43;0.52;74.57;89.18;2;F;LE PEN;Marine;92;39.66;53.18
69;Rhône;184;Sainte-Catherine;726;141;585;52;6;527;19.42;80.58;7.16;8.89;0.83;1.03;72.59;90.09;1;M;MACRON;Emmanuel;283;38.98;53.7
69;Rhône;184;Sainte-Catherine;726;141;585;52;6;527;19.42;80.58;7.16;8.89;0.83;1.03;72.59;90.09;2;F;LE PEN;Marine;244;33.61;46.3
69;Rhône;186;Saint-Clément-de-Vers;194;33;161;5;2;154;17.01;82.99;2.58;3.11;1.03;1.24;79.38;95.65;1;M;MACRON;Emmanuel;58;29.9;37.66
69;Rhône;186;Saint-Clément-de-Vers;194;33;161;5;2;154;17.01;82.99;2.58;3.11;1.03;1.24;79.38;95.65;2;F;LE PEN;Marine;96;49.48;62.34
69;Rhône;187;Saint-Clément-les-Places;489;102;387;30;5;352;20.86;79.14;6.13;7.75;1.02;1.29;71.98;90.96;1;M;MACRON;Emmanuel;190;38.85;53.98
69;Rhône;187;Saint-Clément-les-Places;489;102;387;30;5;352;20.86;79.14;6.13;7.75;1.02;1.29;71.98;90.96;2;F;LE PEN;Marine;162;33.13;46.02
69;Rhône;188;Saint-Clément-sous-Valsonne;579;126;453;35;15;403;21.76;78.24;6.04;7.73;2.59;3.31;69.6;88.96;1;M;MACRON;Emmanuel;197;34.02;48.88
69;Rhône;188;Saint-Clément-sous-Valsonne;579;126;453;35;15;403;21.76;78.24;6.04;7.73;2.59;3.31;69.6;88.96;2;F;LE PEN;Marine;206;35.58;51.12
69;Rhône;189;Sainte-Colombe;1552;414;1138;76;24;1038;26.68;73.32;4.9;6.68;1.55;2.11;66.88;91.21;1;M;MACRON;Emmanuel;615;39.63;59.25
69;Rhône;189;Sainte-Colombe;1552;414;1138;76;24;1038;26.68;73.32;4.9;6.68;1.55;2.11;66.88;91.21;2;F;LE PEN;Marine;423;27.26;40.75
69;Rhône;190;Sainte-Consorce;1631;351;1280;71;23;1186;21.52;78.48;4.35;5.55;1.41;1.8;72.72;92.66;1;M;MACRON;Emmanuel;789;48.38;66.53
69;Rhône;190;Sainte-Consorce;1631;351;1280;71;23;1186;21.52;78.48;4.35;5.55;1.41;1.8;72.72;92.66;2;F;LE PEN;Marine;397;24.34;33.47
69;Rhône;191;Saint-Cyr-au-Mont-d'Or;4975;1080;3895;161;44;3690;21.71;78.29;3.24;4.13;0.88;1.13;74.17;94.74;1;M;MACRON;Emmanuel;2839;57.07;76.94
69;Rhône;191;Saint-Cyr-au-Mont-d'Or;4975;1080;3895;161;44;3690;21.71;78.29;3.24;4.13;0.88;1.13;74.17;94.74;2;F;LE PEN;Marine;851;17.11;23.06
69;Rhône;192;Saint-Cyr-le-Chatoux;131;19;112;8;1;103;14.5;85.5;6.11;7.14;0.76;0.89;78.63;91.96;1;M;MACRON;Emmanuel;57;43.51;55.34
69;Rhône;192;Saint-Cyr-le-Chatoux;131;19;112;8;1;103;14.5;85.5;6.11;7.14;0.76;0.89;78.63;91.96;2;F;LE PEN;Marine;46;35.11;44.66
69;Rhône;193;Saint-Cyr-sur-le-Rhône;1091;213;878;41;17;820;19.52;80.48;3.76;4.67;1.56;1.94;75.16;93.39;1;M;MACRON;Emmanuel;512;46.93;62.44
69;Rhône;193;Saint-Cyr-sur-le-Rhône;1091;213;878;41;17;820;19.52;80.48;3.76;4.67;1.56;1.94;75.16;93.39;2;F;LE PEN;Marine;308;28.23;37.56
69;Rhône;194;Saint-Didier-au-Mont-d'Or;5902;1157;4745;190;58;4497;19.6;80.4;3.22;4.0;0.98;1.22;76.19;94.77;1;M;MACRON;Emmanuel;3485;59.05;77.5
69;Rhône;194;Saint-Didier-au-Mont-d'Or;5902;1157;4745;190;58;4497;19.6;80.4;3.22;4.0;0.98;1.22;76.19;94.77;2;F;LE PEN;Marine;1012;17.15;22.5
69;Rhône;196;Saint-Didier-sur-Beaujeu;471;98;373;34;9;330;20.81;79.19;7.22;9.12;1.91;2.41;70.06;88.47;1;M;MACRON;Emmanuel;160;33.97;48.48
69;Rhône;196;Saint-Didier-sur-Beaujeu;471;98;373;34;9;330;20.81;79.19;7.22;9.12;1.91;2.41;70.06;88.47;2;F;LE PEN;Marine;170;36.09;51.52
69;Rhône;197;Saint-Etienne-des-Oullières;1737;399;1338;77;24;1237;22.97;77.03;4.43;5.75;1.38;1.79;71.21;92.45;1;M;MACRON;Emmanuel;667;38.4;53.92
69;Rhône;197;Saint-Etienne-des-Oullières;1737;399;1338;77;24;1237;22.97;77.03;4.43;5.75;1.38;1.79;71.21;92.45;2;F;LE PEN;Marine;570;32.82;46.08
69;Rhône;198;Saint-Etienne-la-Varenne;604;105;499;37;6;456;17.38;82.62;6.13;7.41;0.99;1.2;75.5;91.38;1;M;MACRON;Emmanuel;222;36.75;48.68
69;Rhône;198;Saint-Etienne-la-Varenne;604;105;499;37;6;456;17.38;82.62;6.13;7.41;0.99;1.2;75.5;91.38;2;F;LE PEN;Marine;234;38.74;51.32
69;Rhône;199;Saint-Fons;8578;4082;4496;286;100;4110;47.59;52.41;3.33;6.36;1.17;2.22;47.91;91.41;1;M;MACRON;Emmanuel;2860;33.34;69.59
69;Rhône;199;Saint-Fons;8578;4082;4496;286;100;4110;47.59;52.41;3.33;6.36;1.17;2.22;47.91;91.41;2;F;LE PEN;Marine;1250;14.57;30.41
69;Rhône;200;Saint-Forgeux;1203;271;932;59;27;846;22.53;77.47;4.9;6.33;2.24;2.9;70.32;90.77;1;M;MACRON;Emmanuel;446;37.07;52.72
69;Rhône;200;Saint-Forgeux;1203;271;932;59;27;846;22.53;77.47;4.9;6.33;2.24;2.9;70.32;90.77;2;F;LE PEN;Marine;400;33.25;47.28
69;Rhône;201;Sainte-Foy-l'Argentière;917;257;660;35;10;615;28.03;71.97;3.82;5.3;1.09;1.52;67.07;93.18;1;M;MACRON;Emmanuel;315;34.35;51.22
69;Rhône;201;Sainte-Foy-l'Argentière;917;257;660;35;10;615;28.03;71.97;3.82;5.3;1.09;1.52;67.07;93.18;2;F;LE PEN;Marine;300;32.72;48.78
69;Rhône;202;Sainte-Foy-lès-Lyon;15762;3313;12449;623;155;11671;21.02;78.98;3.95;5.0;0.98;1.25;74.05;93.75;1;M;MACRON;Emmanuel;8775;55.67;75.19
69;Rhône;202;Sainte-Foy-lès-Lyon;15762;3313;12449;623;155;11671;21.02;78.98;3.95;5.0;0.98;1.25;74.05;93.75;2;F;LE PEN;Marine;2896;18.37;24.81
69;Rhône;203;Saint-Genis-l'Argentière;760;187;573;48;12;513;24.61;75.39;6.32;8.38;1.58;2.09;67.5;89.53;1;M;MACRON;Emmanuel;228;30.0;44.44
69;Rhône;203;Saint-Genis-l'Argentière;760;187;573;48;12;513;24.61;75.39;6.32;8.38;1.58;2.09;67.5;89.53;2;F;LE PEN;Marine;285;37.5;55.56
69;Rhône;204;Saint-Genis-Laval;14757;3406;11351;606;180;10565;23.08;76.92;4.11;5.34;1.22;1.59;71.59;93.08;1;M;MACRON;Emmanuel;7376;49.98;69.82
69;Rhône;204;Saint-Genis-Laval;14757;3406;11351;606;180;10565;23.08;76.92;4.11;5.34;1.22;1.59;71.59;93.08;2;F;LE PEN;Marine;3189;21.61;30.18
69;Rhône;205;Saint-Genis-les-Ollières;3817;741;3076;178;44;2854;19.41;80.59;4.66;5.79;1.15;1.43;74.77;92.78;1;M;MACRON;Emmanuel;1987;52.06;69.62
69;Rhône;205;Saint-Genis-les-Ollières;3817;741;3076;178;44;2854;19.41;80.59;4.66;5.79;1.15;1.43;74.77;92.78;2;F;LE PEN;Marine;867;22.71;30.38
69;Rhône;206;Saint-Georges-de-Reneins;3379;786;2593;123;35;2435;23.26;76.74;3.64;4.74;1.04;1.35;72.06;93.91;1;M;MACRON;Emmanuel;1217;36.02;49.98
69;Rhône;206;Saint-Georges-de-Reneins;3379;786;2593;123;35;2435;23.26;76.74;3.64;4.74;1.04;1.35;72.06;93.91;2;F;LE PEN;Marine;1218;36.05;50.02
69;Rhône;207;Saint-Germain-au-Mont-d'Or;2175;553;1622;103;32;1487;25.43;74.57;4.74;6.35;1.47;1.97;68.37;91.68;1;M;MACRON;Emmanuel;1018;46.8;68.46
69;Rhône;207;Saint-Germain-au-Mont-d'Or;2175;553;1622;103;32;1487;25.43;74.57;4.74;6.35;1.47;1.97;68.37;91.68;2;F;LE PEN;Marine;469;21.56;31.54
69;Rhône;208;Saint-Germain-Nuelles;1761;308;1453;92;29;1332;17.49;82.51;5.22;6.33;1.65;2.0;75.64;91.67;1;M;MACRON;Emmanuel;859;48.78;64.49
69;Rhône;208;Saint-Germain-Nuelles;1761;308;1453;92;29;1332;17.49;82.51;5.22;6.33;1.65;2.0;75.64;91.67;2;F;LE PEN;Marine;473;26.86;35.51
69;Rhône;209;Saint-Igny-de-Vers;486;128;358;16;5;337;26.34;73.66;3.29;4.47;1.03;1.4;69.34;94.13;1;M;MACRON;Emmanuel;140;28.81;41.54
69;Rhône;209;Saint-Igny-de-Vers;486;128;358;16;5;337;26.34;73.66;3.29;4.47;1.03;1.4;69.34;94.13;2;F;LE PEN;Marine;197;40.53;58.46
69;Rhône;212;Saint-Jean-des-Vignes;385;72;313;22;5;286;18.7;81.3;5.71;7.03;1.3;1.6;74.29;91.37;1;M;MACRON;Emmanuel;167;43.38;58.39
69;Rhône;212;Saint-Jean-des-Vignes;385;72;313;22;5;286;18.7;81.3;5.71;7.03;1.3;1.6;74.29;91.37;2;F;LE PEN;Marine;119;30.91;41.61
69;Rhône;214;Saint-Jean-la-Bussière;908;180;728;48;11;669;19.82;80.18;5.29;6.59;1.21;1.51;73.68;91.9;1;M;MACRON;Emmanuel;290;31.94;43.35
69;Rhône;214;Saint-Jean-la-Bussière;908;180;728;48;11;669;19.82;80.18;5.29;6.59;1.21;1.51;73.68;91.9;2;F;LE PEN;Marine;379;41.74;56.65
69;Rhône;215;Saint-Julien;699;113;586;30;4;552;16.17;83.83;4.29;5.12;0.57;0.68;78.97;94.2;1;M;MACRON;Emmanuel;306;43.78;55.43
69;Rhône;215;Saint-Julien;699;113;586;30;4;552;16.17;83.83;4.29;5.12;0.57;0.68;78.97;94.2;2;F;LE PEN;Marine;246;35.19;44.57
69;Rhône;216;Saint-Julien-sur-Bibost;420;89;331;29;7;295;21.19;78.81;6.9;8.76;1.67;2.11;70.24;89.12;1;M;MACRON;Emmanuel;178;42.38;60.34
69;Rhône;216;Saint-Julien-sur-Bibost;420;89;331;29;7;295;21.19;78.81;6.9;8.76;1.67;2.11;70.24;89.12;2;F;LE PEN;Marine;117;27.86;39.66
69;Rhône;217;Saint-Just-d'Avray;608;137;471;35;10;426;22.53;77.47;5.76;7.43;1.64;2.12;70.07;90.45;1;M;MACRON;Emmanuel;243;39.97;57.04
69;Rhône;217;Saint-Just-d'Avray;608;137;471;35;10;426;22.53;77.47;5.76;7.43;1.64;2.12;70.07;90.45;2;F;LE PEN;Marine;183;30.1;42.96
69;Rhône;218;Saint-Lager;793;193;600;34;7;559;24.34;75.66;4.29;5.67;0.88;1.17;70.49;93.17;1;M;MACRON;Emmanuel;292;36.82;52.24
69;Rhône;218;Saint-Lager;793;193;600;34;7;559;24.34;75.66;4.29;5.67;0.88;1.17;70.49;93.17;2;F;LE PEN;Marine;267;33.67;47.76
69;Rhône;219;Saint-Laurent-d'Agny;1835;420;1415;88;16;1311;22.89;77.11;4.8;6.22;0.87;1.13;71.44;92.65;1;M;MACRON;Emmanuel;886;48.28;67.58
69;Rhône;219;Saint-Laurent-d'Agny;1835;420;1415;88;16;1311;22.89;77.11;4.8;6.22;0.87;1.13;71.44;92.65;2;F;LE PEN;Marine;425;23.16;32.42
69;Rhône;220;Saint-Laurent-de-Chamousset;1403;304;1099;62;20;1017;21.67;78.33;4.42;5.64;1.43;1.82;72.49;92.54;1;M;MACRON;Emmanuel;588;41.91;57.82
69;Rhône;220;Saint-Laurent-de-Chamousset;1403;304;1099;62;20;1017;21.67;78.33;4.42;5.64;1.43;1.82;72.49;92.54;2;F;LE PEN;Marine;429;30.58;42.18
69;Rhône;225;Saint-Marcel-l'Eclairé;461;93;368;27;12;329;20.17;79.83;5.86;7.34;2.6;3.26;71.37;89.4;1;M;MACRON;Emmanuel;185;40.13;56.23
69;Rhône;225;Saint-Marcel-l'Eclairé;461;93;368;27;12;329;20.17;79.83;5.86;7.34;2.6;3.26;71.37;89.4;2;F;LE PEN;Marine;144;31.24;43.77
69;Rhône;227;Saint-Martin-en-Haut;3183;662;2521;172;47;2302;20.8;79.2;5.4;6.82;1.48;1.86;72.32;91.31;1;M;MACRON;Emmanuel;1499;47.09;65.12
69;Rhône;227;Saint-Martin-en-Haut;3183;662;2521;172;47;2302;20.8;79.2;5.4;6.82;1.48;1.86;72.32;91.31;2;F;LE PEN;Marine;803;25.23;34.88
69;Rhône;228;Chabanière;3282;633;2649;167;48;2434;19.29;80.71;5.09;6.3;1.46;1.81;74.16;91.88;1;M;MACRON;Emmanuel;1452;44.24;59.65
69;Rhône;228;Chabanière;3282;633;2649;167;48;2434;19.29;80.71;5.09;6.3;1.46;1.81;74.16;91.88;2;F;LE PEN;Marine;982;29.92;40.35
69;Rhône;229;Saint-Nizier-d'Azergues;554;122;432;32;8;392;22.02;77.98;5.78;7.41;1.44;1.85;70.76;90.74;1;M;MACRON;Emmanuel;173;31.23;44.13
69;Rhône;229;Saint-Nizier-d'Azergues;554;122;432;32;8;392;22.02;77.98;5.78;7.41;1.44;1.85;70.76;90.74;2;F;LE PEN;Marine;219;39.53;55.87
69;Rhône;230;Sainte-Paule;272;57;215;11;4;200;20.96;79.04;4.04;5.12;1.47;1.86;73.53;93.02;1;M;MACRON;Emmanuel;125;45.96;62.5
69;Rhône;230;Sainte-Paule;272;57;215;11;4;200;20.96;79.04;4.04;5.12;1.47;1.86;73.53;93.02;2;F;LE PEN;Marine;75;27.57;37.5
69;Rhône;231;Saint-Pierre-la-Palud;2121;515;1606;132;28;1446;24.28;75.72;6.22;8.22;1.32;1.74;68.18;90.04;1;M;MACRON;Emmanuel;838;39.51;57.95
69;Rhône;231;Saint-Pierre-la-Palud;2121;515;1606;132;28;1446;24.28;75.72;6.22;8.22;1.32;1.74;68.18;90.04;2;F;LE PEN;Marine;608;28.67;42.05
69;Rhône;233;Saint-Romain-au-Mont-d'Or;962;178;784;46;13;725;18.5;81.5;4.78;5.87;1.35;1.66;75.36;92.47;1;M;MACRON;Emmanuel;542;56.34;74.76
69;Rhône;233;Saint-Romain-au-Mont-d'Or;962;178;784;46;13;725;18.5;81.5;4.78;5.87;1.35;1.66;75.36;92.47;2;F;LE PEN;Marine;183;19.02;25.24
69;Rhône;234;Saint-Romain-de-Popey;1284;235;1049;58;19;972;18.3;81.7;4.52;5.53;1.48;1.81;75.7;92.66;1;M;MACRON;Emmanuel;588;45.79;60.49
69;Rhône;234;Saint-Romain-de-Popey;1284;235;1049;58;19;972;18.3;81.7;4.52;5.53;1.48;1.81;75.7;92.66;2;F;LE PEN;Marine;384;29.91;39.51
69;Rhône;235;Saint-Romain-en-Gal;1362;281;1081;76;31;974;20.63;79.37;5.58;7.03;2.28;2.87;71.51;90.1;1;M;MACRON;Emmanuel;612;44.93;62.83
69;Rhône;235;Saint-Romain-en-Gal;1362;281;1081;76;31;974;20.63;79.37;5.58;7.03;2.28;2.87;71.51;90.1;2;F;LE PEN;Marine;362;26.58;37.17
69;Rhône;236;Saint-Romain-en-Gier;405;85;320;28;7;285;20.99;79.01;6.91;8.75;1.73;2.19;70.37;89.06;1;M;MACRON;Emmanuel;115;28.4;40.35
69;Rhône;236;Saint-Romain-en-Gier;405;85;320;28;7;285;20.99;79.01;6.91;8.75;1.73;2.19;70.37;89.06;2;F;LE PEN;Marine;170;41.98;59.65
69;Rhône;238;Saint-Symphorien-sur-Coise;2775;718;2057;118;43;1896;25.87;74.13;4.25;5.74;1.55;2.09;68.32;92.17;1;M;MACRON;Emmanuel;1060;38.2;55.91
69;Rhône;238;Saint-Symphorien-sur-Coise;2775;718;2057;118;43;1896;25.87;74.13;4.25;5.74;1.55;2.09;68.32;92.17;2;F;LE PEN;Marine;836;30.13;44.09
69;Rhône;239;Saint-Vérand;957;197;760;43;8;709;20.59;79.41;4.49;5.66;0.84;1.05;74.09;93.29;1;M;MACRON;Emmanuel;385;40.23;54.3
69;Rhône;239;Saint-Vérand;957;197;760;43;8;709;20.59;79.41;4.49;5.66;0.84;1.05;74.09;93.29;2;F;LE PEN;Marine;324;33.86;45.7
69;Rhône;240;Saint-Vincent-de-Reins;535;123;412;19;9;384;22.99;77.01;3.55;4.61;1.68;2.18;71.78;93.2;1;M;MACRON;Emmanuel;157;29.35;40.89
69;Rhône;240;Saint-Vincent-de-Reins;535;123;412;19;9;384;22.99;77.01;3.55;4.61;1.68;2.18;71.78;93.2;2;F;LE PEN;Marine;227;42.43;59.11
69;Rhône;241;Taluyers;1987;431;1556;78;17;1461;21.69;78.31;3.93;5.01;0.86;1.09;73.53;93.89;1;M;MACRON;Emmanuel;885;44.54;60.57
69;Rhône;241;Taluyers;1987;431;1556;78;17;1461;21.69;78.31;3.93;5.01;0.86;1.09;73.53;93.89;2;F;LE PEN;Marine;576;28.99;39.43
69;Rhône;242;Taponas;758;198;560;34;2;524;26.12;73.88;4.49;6.07;0.26;0.36;69.13;93.57;1;M;MACRON;Emmanuel;242;31.93;46.18
69;Rhône;242;Taponas;758;198;560;34;2;524;26.12;73.88;4.49;6.07;0.26;0.36;69.13;93.57;2;F;LE PEN;Marine;282;37.2;53.82
69;Rhône;243;Tarare;6708;2267;4441;256;91;4094;33.8;66.2;3.82;5.76;1.36;2.05;61.03;92.19;1;M;MACRON;Emmanuel;2324;34.65;56.77
69;Rhône;243;Tarare;6708;2267;4441;256;91;4094;33.8;66.2;3.82;5.76;1.36;2.05;61.03;92.19;2;F;LE PEN;Marine;1770;26.39;43.23
69;Rhône;244;Tassin-la-Demi-Lune;15278;3577;11701;528;154;11019;23.41;76.59;3.46;4.51;1.01;1.32;72.12;94.17;1;M;MACRON;Emmanuel;7884;51.6;71.55
69;Rhône;244;Tassin-la-Demi-Lune;15278;3577;11701;528;154;11019;23.41;76.59;3.46;4.51;1.01;1.32;72.12;94.17;2;F;LE PEN;Marine;3135;20.52;28.45
69;Rhône;245;Ternand;591;108;483;37;9;437;18.27;81.73;6.26;7.66;1.52;1.86;73.94;90.48;1;M;MACRON;Emmanuel;242;40.95;55.38
69;Rhône;245;Ternand;591;108;483;37;9;437;18.27;81.73;6.26;7.66;1.52;1.86;73.94;90.48;2;F;LE PEN;Marine;195;32.99;44.62
69;Rhône;246;Theizé;994;174;820;67;11;742;17.51;82.49;6.74;8.17;1.11;1.34;74.65;90.49;1;M;MACRON;Emmanuel;493;49.6;66.44
69;Rhône;246;Theizé;994;174;820;67;11;742;17.51;82.49;6.74;8.17;1.11;1.34;74.65;90.49;2;F;LE PEN;Marine;249;25.05;33.56
69;Rhône;248;Thizy-Les-Bourgs;3928;1093;2835;176;56;2603;27.83;72.17;4.48;6.21;1.43;1.98;66.27;91.82;1;M;MACRON;Emmanuel;1271;32.36;48.83
69;Rhône;248;Thizy-Les-Bourgs;3928;1093;2835;176;56;2603;27.83;72.17;4.48;6.21;1.43;1.98;66.27;91.82;2;F;LE PEN;Marine;1332;33.91;51.17
69;Rhône;249;Thurins;2402;478;1924;111;24;1789;19.9;80.1;4.62;5.77;1.0;1.25;74.48;92.98;1;M;MACRON;Emmanuel;1029;42.84;57.52
69;Rhône;249;Thurins;2402;478;1924;111;24;1789;19.9;80.1;4.62;5.77;1.0;1.25;74.48;92.98;2;F;LE PEN;Marine;760;31.64;42.48
69;Rhône;250;La Tour-de-Salvagny;3413;571;2842;162;25;2655;16.73;83.27;4.75;5.7;0.73;0.88;77.79;93.42;1;M;MACRON;Emmanuel;1934;56.67;72.84
69;Rhône;250;La Tour-de-Salvagny;3413;571;2842;162;25;2655;16.73;83.27;4.75;5.7;0.73;0.88;77.79;93.42;2;F;LE PEN;Marine;721;21.13;27.16
69;Rhône;252;Trèves;579;144;435;31;5;399;24.87;75.13;5.35;7.13;0.86;1.15;68.91;91.72;1;M;MACRON;Emmanuel;210;36.27;52.63
69;Rhône;252;Trèves;579;144;435;31;5;399;24.87;75.13;5.35;7.13;0.86;1.15;68.91;91.72;2;F;LE PEN;Marine;189;32.64;47.37
69;Rhône;253;Tupin-et-Semons;517;122;395;18;9;368;23.6;76.4;3.48;4.56;1.74;2.28;71.18;93.16;1;M;MACRON;Emmanuel;205;39.65;55.71
69;Rhône;253;Tupin-et-Semons;517;122;395;18;9;368;23.6;76.4;3.48;4.56;1.74;2.28;71.18;93.16;2;F;LE PEN;Marine;163;31.53;44.29
69;Rhône;254;Valsonne;657;145;512;30;5;477;22.07;77.93;4.57;5.86;0.76;0.98;72.6;93.16;1;M;MACRON;Emmanuel;211;32.12;44.23
69;Rhône;254;Valsonne;657;145;512;30;5;477;22.07;77.93;4.57;5.86;0.76;0.98;72.6;93.16;2;F;LE PEN;Marine;266;40.49;55.77
69;Rhône;255;Vaugneray;4513;955;3558;208;55;3295;21.16;78.84;4.61;5.85;1.22;1.55;73.01;92.61;1;M;MACRON;Emmanuel;2091;46.33;63.46
69;Rhône;255;Vaugneray;4513;955;3558;208;55;3295;21.16;78.84;4.61;5.85;1.22;1.55;73.01;92.61;2;F;LE PEN;Marine;1204;26.68;36.54
69;Rhône;256;Vaulx-en-Velin;24138;12099;12039;727;240;11072;50.12;49.88;3.01;6.04;0.99;1.99;45.87;91.97;1;M;MACRON;Emmanuel;7898;32.72;71.33
69;Rhône;256;Vaulx-en-Velin;24138;12099;12039;727;240;11072;50.12;49.88;3.01;6.04;0.99;1.99;45.87;91.97;2;F;LE PEN;Marine;3174;13.15;28.67
69;Rhône;257;Vaux-en-Beaujolais;868;178;690;25;7;658;20.51;79.49;2.88;3.62;0.81;1.01;75.81;95.36;1;M;MACRON;Emmanuel;348;40.09;52.89
69;Rhône;257;Vaux-en-Beaujolais;868;178;690;25;7;658;20.51;79.49;2.88;3.62;0.81;1.01;75.81;95.36;2;F;LE PEN;Marine;310;35.71;47.11
69;Rhône;258;Vauxrenard;268;49;219;15;6;198;18.28;81.72;5.6;6.85;2.24;2.74;73.88;90.41;1;M;MACRON;Emmanuel;117;43.66;59.09
69;Rhône;258;Vauxrenard;268;49;219;15;6;198;18.28;81.72;5.6;6.85;2.24;2.74;73.88;90.41;2;F;LE PEN;Marine;81;30.22;40.91
69;Rhône;259;Vénissieux;29254;12222;17032;1106;405;15521;41.78;58.22;3.78;6.49;1.38;2.38;53.06;91.13;1;M;MACRON;Emmanuel;10648;36.4;68.6
69;Rhône;259;Vénissieux;29254;12222;17032;1106;405;15521;41.78;58.22;3.78;6.49;1.38;2.38;53.06;91.13;2;F;LE PEN;Marine;4873;16.66;31.4
69;Rhône;260;Vernaison;3318;753;2565;143;23;2399;22.69;77.31;4.31;5.58;0.69;0.9;72.3;93.53;1;M;MACRON;Emmanuel;1641;49.46;68.4
69;Rhône;260;Vernaison;3318;753;2565;143;23;2399;22.69;77.31;4.31;5.58;0.69;0.9;72.3;93.53;2;F;LE PEN;Marine;758;22.85;31.6
69;Rhône;261;Vernay;55;5;50;6;0;44;9.09;90.91;10.91;12.0;0.0;0.0;80.0;88.0;1;M;MACRON;Emmanuel;25;45.45;56.82
69;Rhône;261;Vernay;55;5;50;6;0;44;9.09;90.91;10.91;12.0;0.0;0.0;80.0;88.0;2;F;LE PEN;Marine;19;34.55;43.18
69;Rhône;263;Villechenève;684;148;536;34;6;496;21.64;78.36;4.97;6.34;0.88;1.12;72.51;92.54;1;M;MACRON;Emmanuel;240;35.09;48.39
69;Rhône;263;Villechenève;684;148;536;34;6;496;21.64;78.36;4.97;6.34;0.88;1.12;72.51;92.54;2;F;LE PEN;Marine;256;37.43;51.61
69;Rhône;264;Villefranche-sur-Saône;19167;6344;12823;793;239;11791;33.1;66.9;4.14;6.18;1.25;1.86;61.52;91.95;1;M;MACRON;Emmanuel;7404;38.63;62.79
69;Rhône;264;Villefranche-sur-Saône;19167;6344;12823;793;239;11791;33.1;66.9;4.14;6.18;1.25;1.86;61.52;91.95;2;F;LE PEN;Marine;4387;22.89;37.21
69;Rhône;265;Ville-sur-Jarnioux;689;117;572;35;5;532;16.98;83.02;5.08;6.12;0.73;0.87;77.21;93.01;1;M;MACRON;Emmanuel;320;46.44;60.15
69;Rhône;265;Ville-sur-Jarnioux;689;117;572;35;5;532;16.98;83.02;5.08;6.12;0.73;0.87;77.21;93.01;2;F;LE PEN;Marine;212;30.77;39.85
69;Rhône;266;Villeurbanne;88520;30847;57673;3621;914;53138;34.85;65.15;4.09;6.28;1.03;1.58;60.03;92.14;1;M;MACRON;Emmanuel;40375;45.61;75.98
69;Rhône;266;Villeurbanne;88520;30847;57673;3621;914;53138;34.85;65.15;4.09;6.28;1.03;1.58;60.03;92.14;2;F;LE PEN;Marine;12763;14.42;24.02
69;Rhône;267;Villié-Morgon;1733;369;1364;77;30;1257;21.29;78.71;4.44;5.65;1.73;2.2;72.53;92.16;1;M;MACRON;Emmanuel;645;37.22;51.31
69;Rhône;267;Villié-Morgon;1733;369;1364;77;30;1257;21.29;78.71;4.44;5.65;1.73;2.2;72.53;92.16;2;F;LE PEN;Marine;612;35.31;48.69
69;Rhône;268;Vourles;2733;526;2207;103;51;2053;19.25;80.75;3.77;4.67;1.87;2.31;75.12;93.02;1;M;MACRON;Emmanuel;1372;50.2;66.83
69;Rhône;268;Vourles;2733;526;2207;103;51;2053;19.25;80.75;3.77;4.67;1.87;2.31;75.12;93.02;2;F;LE PEN;Marine;681;24.92;33.17
69;Rhône;269;Yzeron;763;141;622;46;10;566;18.48;81.52;6.03;7.4;1.31;1.61;74.18;91.0;1;M;MACRON;Emmanuel;362;47.44;63.96
69;Rhône;269;Yzeron;763;141;622;46;10;566;18.48;81.52;6.03;7.4;1.31;1.61;74.18;91.0;2;F;LE PEN;Marine;204;26.74;36.04
69;Rhône;270;Chaponnay;3449;648;2801;160;36;2605;18.79;81.21;4.64;5.71;1.04;1.29;75.53;93.0;1;M;MACRON;Emmanuel;1562;45.29;59.96
69;Rhône;270;Chaponnay;3449;648;2801;160;36;2605;18.79;81.21;4.64;5.71;1.04;1.29;75.53;93.0;2;F;LE PEN;Marine;1043;30.24;40.04
69;Rhône;271;Chassieu;8223;1987;6236;274;96;5866;24.16;75.84;3.33;4.39;1.17;1.54;71.34;94.07;1;M;MACRON;Emmanuel;3674;44.68;62.63
69;Rhône;271;Chassieu;8223;1987;6236;274;96;5866;24.16;75.84;3.33;4.39;1.17;1.54;71.34;94.07;2;F;LE PEN;Marine;2192;26.66;37.37
69;Rhône;272;Communay;3543;728;2815;171;45;2599;20.55;79.45;4.83;6.07;1.27;1.6;73.36;92.33;1;M;MACRON;Emmanuel;1602;45.22;61.64
69;Rhône;272;Communay;3543;728;2815;171;45;2599;20.55;79.45;4.83;6.07;1.27;1.6;73.36;92.33;2;F;LE PEN;Marine;997;28.14;38.36
69;Rhône;273;Corbas;7328;1879;5449;322;80;5047;25.64;74.36;4.39;5.91;1.09;1.47;68.87;92.62;1;M;MACRON;Emmanuel;2797;38.17;55.42
69;Rhône;273;Corbas;7328;1879;5449;322;80;5047;25.64;74.36;4.39;5.91;1.09;1.47;68.87;92.62;2;F;LE PEN;Marine;2250;30.7;44.58
69;Rhône;275;Décines-Charpieu;18020;6030;11990;738;198;11054;33.46;66.54;4.1;6.16;1.1;1.65;61.34;92.19;1;M;MACRON;Emmanuel;6432;35.69;58.19
69;Rhône;275;Décines-Charpieu;18020;6030;11990;738;198;11054;33.46;66.54;4.1;6.16;1.1;1.65;61.34;92.19;2;F;LE PEN;Marine;4622;25.65;41.81
69;Rhône;276;Feyzin;6429;2288;4141;236;82;3823;35.59;64.41;3.67;5.7;1.28;1.98;59.46;92.32;1;M;MACRON;Emmanuel;2156;33.54;56.4
69;Rhône;276;Feyzin;6429;2288;4141;236;82;3823;35.59;64.41;3.67;5.7;1.28;1.98;59.46;92.32;2;F;LE PEN;Marine;1667;25.93;43.6
69;Rhône;277;Genas;10489;2294;8195;370;113;7712;21.87;78.13;3.53;4.51;1.08;1.38;73.52;94.11;1;M;MACRON;Emmanuel;4878;46.51;63.25
69;Rhône;277;Genas;10489;2294;8195;370;113;7712;21.87;78.13;3.53;4.51;1.08;1.38;73.52;94.11;2;F;LE PEN;Marine;2834;27.02;36.75
69;Rhône;278;Genay;3963;946;3017;174;35;2808;23.87;76.13;4.39;5.77;0.88;1.16;70.86;93.07;1;M;MACRON;Emmanuel;1756;44.31;62.54
69;Rhône;278;Genay;3963;946;3017;174;35;2808;23.87;76.13;4.39;5.77;0.88;1.16;70.86;93.07;2;F;LE PEN;Marine;1052;26.55;37.46
69;Rhône;279;Jonage;4743;1000;3743;191;37;3515;21.08;78.92;4.03;5.1;0.78;0.99;74.11;93.91;1;M;MACRON;Emmanuel;1940;40.9;55.19
69;Rhône;279;Jonage;4743;1000;3743;191;37;3515;21.08;78.92;4.03;5.1;0.78;0.99;74.11;93.91;2;F;LE PEN;Marine;1575;33.21;44.81
69;Rhône;280;Jons;1077;250;827;35;9;783;23.21;76.79;3.25;4.23;0.84;1.09;72.7;94.68;1;M;MACRON;Emmanuel;348;32.31;44.44
69;Rhône;280;Jons;1077;250;827;35;9;783;23.21;76.79;3.25;4.23;0.84;1.09;72.7;94.68;2;F;LE PEN;Marine;435;40.39;55.56
69;Rhône;281;Marennes;1420;284;1136;53;20;1063;20.0;80.0;3.73;4.67;1.41;1.76;74.86;93.57;1;M;MACRON;Emmanuel;571;40.21;53.72
69;Rhône;281;Marennes;1420;284;1136;53;20;1063;20.0;80.0;3.73;4.67;1.41;1.76;74.86;93.57;2;F;LE PEN;Marine;492;34.65;46.28
69;Rhône;282;Meyzieu;22776;7134;15642;853;248;14541;31.32;68.68;3.75;5.45;1.09;1.59;63.84;92.96;1;M;MACRON;Emmanuel;9233;40.54;63.5
69;Rhône;282;Meyzieu;22776;7134;15642;853;248;14541;31.32;68.68;3.75;5.45;1.09;1.59;63.84;92.96;2;F;LE PEN;Marine;5308;23.31;36.5
69;Rhône;283;Mions;9347;2338;7009;354;145;6510;25.01;74.99;3.79;5.05;1.55;2.07;69.65;92.88;1;M;MACRON;Emmanuel;3738;39.99;57.42
69;Rhône;283;Mions;9347;2338;7009;354;145;6510;25.01;74.99;3.79;5.05;1.55;2.07;69.65;92.88;2;F;LE PEN;Marine;2772;29.66;42.58
69;Rhône;284;Montanay;2468;402;2066;115;26;1925;16.29;83.71;4.66;5.57;1.05;1.26;78.0;93.18;1;M;MACRON;Emmanuel;1416;57.37;73.56
69;Rhône;284;Montanay;2468;402;2066;115;26;1925;16.29;83.71;4.66;5.57;1.05;1.26;78.0;93.18;2;F;LE PEN;Marine;509;20.62;26.44
69;Rhône;285;Pusignan;2866;712;2154;71;40;2043;24.84;75.16;2.48;3.3;1.4;1.86;71.28;94.85;1;M;MACRON;Emmanuel;930;32.45;45.52
69;Rhône;285;Pusignan;2866;712;2154;71;40;2043;24.84;75.16;2.48;3.3;1.4;1.86;71.28;94.85;2;F;LE PEN;Marine;1113;38.83;54.48
69;Rhône;286;Rillieux-la-Pape;16819;5351;11468;647;225;10596;31.82;68.18;3.85;5.64;1.34;1.96;63.0;92.4;1;M;MACRON;Emmanuel;7094;42.18;66.95
69;Rhône;286;Rillieux-la-Pape;16819;5351;11468;647;225;10596;31.82;68.18;3.85;5.64;1.34;1.96;63.0;92.4;2;F;LE PEN;Marine;3502;20.82;33.05
69;Rhône;287;Saint-Bonnet-de-Mure;5136;1119;4017;215;55;3747;21.79;78.21;4.19;5.35;1.07;1.37;72.96;93.28;1;M;MACRON;Emmanuel;2028;39.49;54.12
69;Rhône;287;Saint-Bonnet-de-Mure;5136;1119;4017;215;55;3747;21.79;78.21;4.19;5.35;1.07;1.37;72.96;93.28;2;F;LE PEN;Marine;1719;33.47;45.88
69;Rhône;288;Saint-Laurent-de-Mure;4375;1135;3240;172;48;3020;25.94;74.06;3.93;5.31;1.1;1.48;69.03;93.21;1;M;MACRON;Emmanuel;1524;34.83;50.46
69;Rhône;288;Saint-Laurent-de-Mure;4375;1135;3240;172;48;3020;25.94;74.06;3.93;5.31;1.1;1.48;69.03;93.21;2;F;LE PEN;Marine;1496;34.19;49.54
69;Rhône;289;Saint-Pierre-de-Chandieu;3849;842;3007;158;42;2807;21.88;78.12;4.1;5.25;1.09;1.4;72.93;93.35;1;M;MACRON;Emmanuel;1399;36.35;49.84
69;Rhône;289;Saint-Pierre-de-Chandieu;3849;842;3007;158;42;2807;21.88;78.12;4.1;5.25;1.09;1.4;72.93;93.35;2;F;LE PEN;Marine;1408;36.58;50.16
69;Rhône;290;Saint-Priest;29555;10571;18984;1050;394;17540;35.77;64.23;3.55;5.53;1.33;2.08;59.35;92.39;1;M;MACRON;Emmanuel;10815;36.59;61.66
69;Rhône;290;Saint-Priest;29555;10571;18984;1050;394;17540;35.77;64.23;3.55;5.53;1.33;2.08;59.35;92.39;2;F;LE PEN;Marine;6725;22.75;38.34
69;Rhône;291;Saint-Symphorien-d'Ozon;4033;1003;3030;178;45;2807;24.87;75.13;4.41;5.87;1.12;1.49;69.6;92.64;1;M;MACRON;Emmanuel;1581;39.2;56.32
69;Rhône;291;Saint-Symphorien-d'Ozon;4033;1003;3030;178;45;2807;24.87;75.13;4.41;5.87;1.12;1.49;69.6;92.64;2;F;LE PEN;Marine;1226;30.4;43.68
69;Rhône;292;Sathonay-Camp;4241;1174;3067;173;62;2832;27.68;72.32;4.08;5.64;1.46;2.02;66.78;92.34;1;M;MACRON;Emmanuel;1623;38.27;57.31
69;Rhône;292;Sathonay-Camp;4241;1174;3067;173;62;2832;27.68;72.32;4.08;5.64;1.46;2.02;66.78;92.34;2;F;LE PEN;Marine;1209;28.51;42.69
69;Rhône;293;Sathonay-Village;1932;327;1605;99;19;1487;16.93;83.07;5.12;6.17;0.98;1.18;76.97;92.65;1;M;MACRON;Emmanuel;982;50.83;66.04
69;Rhône;293;Sathonay-Village;1932;327;1605;99;19;1487;16.93;83.07;5.12;6.17;0.98;1.18;76.97;92.65;2;F;LE PEN;Marine;505;26.14;33.96
69;Rhône;294;Sérézin-du-Rhône;2052;400;1652;98;27;1527;19.49;80.51;4.78;5.93;1.32;1.63;74.42;92.43;1;M;MACRON;Emmanuel;926;45.13;60.64
69;Rhône;294;Sérézin-du-Rhône;2052;400;1652;98;27;1527;19.49;80.51;4.78;5.93;1.32;1.63;74.42;92.43;2;F;LE PEN;Marine;601;29.29;39.36
69;Rhône;295;Simandres;1425;248;1177;68;23;1086;17.4;82.6;4.77;5.78;1.61;1.95;76.21;92.27;1;M;MACRON;Emmanuel;559;39.23;51.47
69;Rhône;295;Simandres;1425;248;1177;68;23;1086;17.4;82.6;4.77;5.78;1.61;1.95;76.21;92.27;2;F;LE PEN;Marine;527;36.98;48.53
69;Rhône;296;Solaize;2296;496;1800;105;21;1674;21.6;78.4;4.57;5.83;0.91;1.17;72.91;93.0;1;M;MACRON;Emmanuel;963;41.94;57.53
69;Rhône;296;Solaize;2296;496;1800;105;21;1674;21.6;78.4;4.57;5.83;0.91;1.17;72.91;93.0;2;F;LE PEN;Marine;711;30.97;42.47
69;Rhône;297;Ternay;3941;951;2990;163;36;2791;24.13;75.87;4.14;5.45;0.91;1.2;70.82;93.34;1;M;MACRON;Emmanuel;1614;40.95;57.83
69;Rhône;297;Ternay;3941;951;2990;163;36;2791;24.13;75.87;4.14;5.45;0.91;1.2;70.82;93.34;2;F;LE PEN;Marine;1177;29.87;42.17
69;Rhône;298;Toussieu;2218;465;1753;87;20;1646;20.96;79.04;3.92;4.96;0.9;1.14;74.21;93.9;1;M;MACRON;Emmanuel;911;41.07;55.35
69;Rhône;298;Toussieu;2218;465;1753;87;20;1646;20.96;79.04;3.92;4.96;0.9;1.14;74.21;93.9;2;F;LE PEN;Marine;735;33.14;44.65
69;Rhône;299;Colombier-Saugnieu;1989;406;1583;68;22;1493;20.41;79.59;3.42;4.3;1.11;1.39;75.06;94.31;1;M;MACRON;Emmanuel;634;31.88;42.46
69;Rhône;299;Colombier-Saugnieu;1989;406;1583;68;22;1493;20.41;79.59;3.42;4.3;1.11;1.39;75.06;94.31;2;F;LE PEN;Marine;859;43.19;57.54
