id_commune;id_year;decile_1_revenu;decile_9_revenu;ratio_deciles
69001;2014;;;
69001;2015;;;
69001;2016;;;
69001;2017;;;
69001;2018;;;
69001;2019;;;
69001;2020;;;
69001;2021;;;
69002;2014;;;
69002;2015;;;
69002;2016;;;
69002;2017;;;
69002;2018;;;
69002;2019;;;
69002;2020;;;
69002;2021;;;
69003;2014;12005.9259259259;43868.6666666667;3.6539178183613
69003;2015;11759.5833333333;44295.3333333333;3.76674343620451
69003;2016;12754.2307692308;45281.4285714286;3.5503065132449
69003;2017;12500.0;45230.0;3.6
69003;2018;12830.0;44510.0;3.5
69003;2019;12680.0;45670.0;3.6
69003;2020;13640.0;45910.0;3.4
69003;2021;13400.0;47970.0;3.6
69004;2014;;;
69004;2015;;;
69004;2016;;;
69004;2017;;;
69004;2018;;;
69004;2019;;;
69004;2020;;;
69004;2021;;;
69005;2014;;;
69005;2015;;;
69005;2016;;;
69005;2017;;;
69005;2018;;;
69005;2019;;;
69005;2020;;;
69005;2021;;;
69006;2014;11287.0;29752.0;2.63595286612918
69006;2015;11450.0;29945.3333333333;2.61531295487627
69006;2016;11555.0;31072.0;2.68905235828646
69006;2017;11430.0;31870.0;2.8
69006;2018;11890.0;31600.0;2.7
69006;2019;11960.0;31910.0;2.7
69006;2020;12190.0;33080.0;2.7
69006;2021;12000.0;33080.0;2.8
69007;2014;13922.4583333333;39414.6666666667;2.83101344051428
69007;2015;14469.2307692308;39624.6666666667;2.73854687223108
69007;2016;14878.0952380952;40601.3333333333;2.72893355524261
69007;2017;15150.0;41470.0;2.7
69007;2018;15470.0;44480.0;2.9
69007;2019;16130.0;43490.0;2.7
69007;2020;16230.0;45220.0;2.8
69007;2021;16410.0;45180.0;2.8
69008;2014;;;
69008;2015;;;
69008;2016;;;
69008;2017;;;
69008;2018;;;
69008;2019;;;
69008;2020;;;
69008;2021;;;
69009;2014;13234.2857142857;35830.0;2.70736183074266
69009;2015;13306.875;36516.0;2.74414541355502
69009;2016;13545.3333333333;36654.6666666667;2.70607343242445
69009;2017;13650.0;37930.0;2.8
69009;2018;13990.0;38860.0;2.8
69009;2019;13500.0;38290.0;2.8
69009;2020;13800.0;38830.0;2.8
69009;2021;13760.0;40610.0;3.0
69010;2014;11515.0;33835.5555555556;2.93838954021325
69010;2015;11190.7142857143;33436.6666666667;2.98789387459841
69010;2016;11327.0;33908.0952380952;2.99356363009581
69010;2017;11540.0;34390.0;3.0
69010;2018;11640.0;34850.0;3.0
69010;2019;11690.0;35570.0;3.0
69010;2020;12210.0;35700.0;2.9
69010;2021;12780.0;36940.0;2.9
69012;2014;;;
69012;2015;;;
69012;2016;;;
69012;2017;;;
69012;2018;;;
69012;2019;;;
69012;2020;;;
69012;2021;;;
69013;2014;12782.8571428571;37859.3333333333;2.96172701534794
69013;2015;13540.0;37937.0;2.80184638109306
69013;2016;13796.0;38721.9565217391;2.80675242981583
69013;2017;13820.0;38450.0;2.8
69013;2018;14010.0;38840.0;2.8
69013;2019;13600.0;38360.0;2.8
69013;2020;14120.0;39060.0;2.8
69013;2021;14460.0;40730.0;2.8
69014;2014;;;
69014;2015;;;
69014;2016;;;
69014;2017;;;
69014;2018;;;
69014;2019;;;
69014;2020;;;
69014;2021;;;
69016;2014;;;
69016;2015;;;
69016;2016;;;
69016;2017;;;
69016;2018;;;
69016;2019;;;
69016;2020;;;
69016;2021;;;
69017;2014;;;
69017;2015;;;
69017;2016;;;
69017;2017;;;
69017;2018;;;
69017;2019;;;
69017;2020;;;
69017;2021;;;
69018;2014;;;
69018;2015;;;
69018;2016;;;
69018;2017;;;
69018;2018;;;
69018;2019;;;
69018;2020;;;
69018;2021;;;
69019;2014;10584.6428571429;30518.3333333333;2.88326528775967
69019;2015;10962.3076923077;30854.6666666667;2.81461417912193
69019;2016;11835.0;31915.3333333333;2.69669060695677
69019;2017;12080.0;32130.0;2.7
69019;2018;12250.0;33930.0;2.8
69019;2019;12360.0;33420.0;2.7
69019;2020;12610.0;33780.0;2.7
69019;2021;12930.0;34350.0;2.7
69020;2014;;;
69020;2015;;;
69020;2016;;;
69020;2017;;;
69020;2018;;;
69020;2019;;;
69020;2020;;;
69020;2021;;;
69021;2014;13170.0;35511.4285714286;2.69638789456557
69021;2015;12959.6153846154;35222.380952381;2.71785696620242
69021;2016;13786.1538461538;36631.0;2.6570862626939
69021;2017;14350.0;35760.0;2.5
69021;2018;14720.0;37600.0;2.6
69021;2019;14650.0;38040.0;2.6
69021;2020;15350.0;38870.0;2.5
69021;2021;14980.0;38560.0;2.6
69022;2014;;;
69022;2015;;;
69022;2016;;;
69022;2017;;;
69022;2018;;;
69022;2019;;;
69022;2020;;;
69022;2021;;;
69023;2014;;;
69023;2015;;;
69023;2016;;;
69023;2017;;;
69023;2018;;;
69023;2019;;;
69023;2020;;;
69023;2021;;;
69024;2014;13311.0;38245.0;2.87318758921193
69024;2015;14255.2380952381;39018.5714285714;2.7371392303581
69024;2016;14074.6666666667;39836.0869565217;2.83033963787337
69024;2017;14470.0;39970.0;2.8
69024;2018;15020.0;40660.0;2.7
69024;2019;15080.0;40290.0;2.7
69024;2020;15280.0;41070.0;2.7
69024;2021;16100.0;43560.0;2.7
69026;2014;;;
69026;2015;;;
69026;2016;;;
69026;2017;;;
69026;2018;;;
69026;2019;;;
69026;2020;;;
69026;2021;;;
69027;2014;12758.0952380952;40774.6666666667;3.19598387578382
69027;2015;13007.5862068966;41123.2666666667;3.16148330770726
69027;2016;13090.0;42488.6666666667;3.24588744588744
69027;2017;13430.0;42390.0;3.2
69027;2018;13550.0;43530.0;3.2
69027;2019;13640.0;44270.0;3.2
69027;2020;13870.0;43860.0;3.2
69027;2021;13980.0;45690.0;3.3
69028;2014;14867.0;46664.5833333333;3.13880294163808
69028;2015;15283.2;47228.6666666667;3.09023415689559
69028;2016;15398.0952380952;47814.4;3.10521523998021
69028;2017;15550.0;47440.0;3.1
69028;2018;15870.0;49720.0;3.1
69028;2019;16040.0;49720.0;3.1
69028;2020;16490.0;49760.0;3.0
69028;2021;16290.0;52560.0;3.2
69029;2014;9575.0;36942.962962963;3.85827289430423
69029;2015;9714.0;37301.1111111111;3.83993320064969
69029;2016;9877.66666666667;37117.0;3.75766881517227
69029;2017;10120.0;37630.0;3.7
69029;2018;10320.0;38210.0;3.7
69029;2019;10430.0;38240.0;3.7
69029;2020;10770.0;39060.0;3.6
69029;2021;10730.0;40330.0;3.8
69030;2014;;;
69030;2015;;;
69030;2016;;;
69030;2017;;;
69030;2018;;;
69030;2019;;;
69030;2020;;;
69030;2021;;;
69031;2014;;;
69031;2015;;;
69031;2016;;;
69031;2017;;;
69031;2018;;;
69031;2019;;;
69031;2020;;;
69031;2021;;;
69032;2014;;;
69032;2015;;;
69032;2016;;;
69032;2017;;;
69032;2018;14800.0;40510.0;2.7
69032;2019;15110.0;40950.0;2.7
69032;2020;15560.0;39900.0;2.6
69032;2021;16760.0;43800.0;2.6
69033;2014;16560.0;50435.3333333333;3.04561191626409
69033;2015;17444.6666666667;49466.6666666667;2.83563266709978
69033;2016;18684.4;50960.0;2.72740896148659
69033;2017;18570.0;53600.0;2.9
69033;2018;18570.0;54290.0;2.9
69033;2019;18900.0;57360.0;3.0
69033;2020;19200.0;56060.0;2.9
69033;2021;20040.0;57790.0;2.9
69034;2014;12385.625;47781.3333333333;3.85780558779499
69034;2015;12546.0;48666.8;3.87906902598438
69034;2016;12635.3333333333;49178.3333333333;3.89212789532
69034;2017;12850.0;49270.0;3.8
69034;2018;13050.0;51460.0;3.9
69034;2019;13090.0;50900.0;3.9
69034;2020;13380.0;51520.0;3.9
69034;2021;13540.0;53400.0;3.9
69035;2014;;;
69035;2015;;;
69035;2016;;;
69035;2017;;;
69035;2018;;;
69035;2019;;;
69035;2020;;;
69035;2021;;;
69036;2014;;;
69036;2015;;;
69036;2016;;;
69036;2017;;;
69036;2018;;;
69036;2019;;;
69036;2020;;;
69036;2021;;;
69037;2014;;;
69037;2015;;;
69037;2016;;;
69037;2017;;;
69037;2018;;;
69037;2019;;;
69037;2020;;;
69037;2021;;;
69038;2014;;;
69038;2015;;;
69038;2016;;;
69038;2017;;;
69038;2018;;;
69038;2019;;;
69038;2020;;;
69038;2021;;;
69039;2014;;;
69039;2015;;;
69039;2016;;;
69039;2017;;;
69039;2018;;;
69039;2019;;;
69039;2020;;;
69039;2021;;;
69040;2014;12537.6;47014.6666666667;3.74989365322443
69040;2015;12974.7058823529;47780.4761904762;3.6825864588933
69040;2016;12647.5;48723.5;3.85242142715952
69040;2017;13190.0;49580.0;3.8
69040;2018;13160.0;51170.0;3.9
69040;2019;13480.0;51720.0;3.8
69040;2020;13390.0;50040.0;3.7
69040;2021;13380.0;51760.0;3.9
69042;2014;;;
69042;2015;;;
69042;2016;;;
69042;2017;;;
69042;2018;;;
69042;2019;;;
69042;2020;;;
69042;2021;;;
69043;2014;14946.0;50414.5833333333;3.3731154377983
69043;2015;15007.1428571429;51851.2;3.4551013802951
69043;2016;15328.0;51740.0;3.37552192066806
69043;2017;15520.0;52220.0;3.4
69043;2018;15800.0;56310.0;3.6
69043;2019;16340.0;55880.0;3.4
69043;2020;16350.0;54240.0;3.3
69043;2021;16330.0;56620.0;3.5
69044;2014;15930.6060606061;66531.6666666667;4.17634247018318
69044;2015;16405.3333333333;66287.7142857143;4.04061977521828
69044;2016;16560.0;69447.3333333333;4.19367954911433
69044;2017;16380.0;70010.0;4.3
69044;2018;16350.0;74160.0;4.5
69044;2019;16730.0;71340.0;4.3
69044;2020;17020.0;71840.0;4.2
69044;2021;17340.0;73490.0;4.2
69045;2014;;;
69045;2015;;;
69045;2016;;;
69045;2017;;;
69045;2018;;;
69045;2019;;;
69045;2020;;;
69045;2021;;;
69046;2014;16918.3333333333;53816.6666666667;3.18096739237513
69046;2015;17163.2258064516;54568.1818181818;3.17936630523557
69046;2016;17168.0;55563.0769230769;3.23643271919134
69046;2017;17300.0;56840.0;3.3
69046;2018;17520.0;59990.0;3.4
69046;2019;17310.0;58850.0;3.4
69046;2020;17870.0;58150.0;3.3
69046;2021;18830.0;62000.0;3.3
69047;2014;;;
69047;2015;;;
69047;2016;;;
69047;2017;;;
69047;2018;;;
69047;2019;;;
69047;2020;;;
69047;2021;;;
69049;2014;15867.0;52151.7391304348;3.2868052644126
69049;2015;15517.2222222222;52864.0;3.40679531703126
69049;2016;16252.5;53075.5555555556;3.26568562101557
69049;2017;16870.0;54380.0;3.2
69049;2018;16840.0;55540.0;3.3
69049;2019;17630.0;54590.0;3.1
69049;2020;18020.0;57370.0;3.2
69049;2021;18220.0;60340.0;3.3
69050;2014;13774.0;42234.4;3.06624074342965
69050;2015;14051.0;40768.6666666667;2.9014779493749
69050;2016;14935.5555555556;42079.0;2.8173709269454
69050;2017;14690.0;42940.0;2.9
69050;2018;15640.0;45210.0;2.9
69050;2019;16170.0;45870.0;2.8
69050;2020;16650.0;46630.0;2.8
69050;2021;16630.0;48060.0;2.9
69051;2014;;;
69051;2015;;;
69051;2016;;;
69051;2017;;;
69051;2018;;;
69051;2019;;;
69051;2020;;;
69051;2021;;;
69052;2014;15879.0;45361.0;2.85666603690409
69052;2015;15859.375;45571.9230769231;2.87350056839712
69052;2016;16127.0;46043.3333333333;2.85504640251338
69052;2017;16860.0;46920.0;2.8
69052;2018;16900.0;48500.0;2.9
69052;2019;17520.0;49160.0;2.8
69052;2020;18090.0;49920.0;2.8
69052;2021;18770.0;51080.0;2.7
69053;2014;;;
69053;2015;;;
69053;2016;;;
69053;2017;;;
69053;2018;;;
69053;2019;;;
69053;2020;;;
69053;2021;;;
69054;2014;;;
69054;2015;;;
69054;2016;;;
69054;2017;;;
69054;2018;;;
69054;2019;;;
69054;2020;;;
69054;2021;;;
69055;2014;;;
69055;2015;;;
69055;2016;;;
69055;2017;;;
69055;2018;;;
69055;2019;;;
69055;2020;;;
69055;2021;;;
69056;2014;;;
69056;2015;;;
69056;2016;15100.6666666667;36229.2;2.39917884420114
69056;2017;15520.0;36660.0;2.4
69056;2018;15750.0;39330.0;2.5
69056;2019;16170.0;39320.0;2.4
69056;2020;16290.0;40300.0;2.5
69056;2021;17350.0;42200.0;2.4
69057;2014;;;
69057;2015;;;
69057;2016;;;
69057;2017;;;
69057;2018;;;
69057;2019;;;
69057;2020;;;
69057;2021;;;
69058;2014;;;
69058;2015;;;
69058;2016;;;
69058;2017;;;
69058;2018;;;
69058;2019;;;
69058;2020;;;
69058;2021;;;
69059;2014;;;
69059;2015;;;
69059;2016;;;
69059;2017;;;
69059;2018;;;
69059;2019;;;
69059;2020;;;
69059;2021;;;
69060;2014;;;
69060;2015;;;
69060;2016;;;
69060;2017;;;
69060;2018;;;
69060;2019;;;
69060;2020;;;
69060;2021;;;
69061;2014;;;
69061;2015;;;
69061;2016;;;
69061;2017;;;
69061;2018;;;
69061;2019;;;
69061;2020;;;
69061;2021;;;
69062;2014;;;
69062;2015;;;
69062;2016;;;
69062;2017;;;
69062;2018;;;
69062;2019;;;
69062;2020;;;
69062;2021;;;
69063;2014;15284.7619047619;65282.3809523809;4.27107607950651
69063;2015;15061.0;68689.3333333333;4.56074187194299
69063;2016;15973.3333333333;69106.0;4.32633555926544
69063;2017;15720.0;69430.0;4.4
69063;2018;17370.0;72930.0;4.2
69063;2019;16620.0;73540.0;4.4
69063;2020;15720.0;69570.0;4.4
69063;2021;17030.0;74490.0;4.4
69064;2014;11437.1428571429;36540.5;3.19489757681739
69064;2015;12248.5;37916.0;3.09556272196596
69064;2016;12276.3636363636;36434.0;2.96781694312796
69064;2017;12580.0;38330.0;3.0
69064;2018;12770.0;38030.0;3.0
69064;2019;12590.0;38120.0;3.0
69064;2020;13090.0;38430.0;2.9
69064;2021;13140.0;39540.0;3.0
69065;2014;;;
69065;2015;;;
69065;2016;;;
69065;2017;;;
69065;2018;;;
69065;2019;;;
69065;2020;;;
69065;2021;;;
69066;2014;11309.0476190476;33330.6666666667;2.94725672659901
69066;2015;11666.1538461538;32671.3333333333;2.80052309991648
69066;2016;12167.3333333333;32726.5;2.68970193414059
69066;2017;12240.0;33090.0;2.7
69066;2018;11900.0;33120.0;2.8
69066;2019;12250.0;32510.0;2.7
69066;2020;11990.0;33190.0;2.8
69066;2021;12410.0;34140.0;2.8
69067;2014;;;
69067;2015;;;
69067;2016;;;
69067;2017;;;
69067;2018;;;
69067;2019;;;
69067;2020;;;
69067;2021;;;
69068;2014;12974.0;43399.2;3.34509018036072
69068;2015;12695.4;44390.6666666667;3.49659456706103
69068;2016;12913.125;45142.3333333333;3.49584886178468
69068;2017;13460.0;45900.0;3.4
69068;2018;13310.0;48040.0;3.6
69068;2019;13690.0;47710.0;3.5
69068;2020;13820.0;48460.0;3.5
69068;2021;14230.0;50180.0;3.5
69069;2014;13664.7619047619;42009.0;3.07425773626986
69069;2015;13776.58;42857.5;3.11089544720097
69069;2016;14020.0;43095.2380952381;3.07384009238503
69069;2017;14040.0;43340.0;3.1
69069;2018;14290.0;44480.0;3.1
69069;2019;14530.0;44270.0;3.0
69069;2020;14500.0;45100.0;3.1
69069;2021;14980.0;46710.0;3.1
69070;2014;;;
69070;2015;;;
69070;2016;;;
69070;2017;;;
69070;2018;;;
69070;2019;;;
69070;2020;;;
69070;2021;;;
69071;2014;;;
69071;2015;;;
69071;2016;;;
69071;2017;;;
69071;2018;;;
69071;2019;;;
69071;2020;;;
69071;2021;;;
69072;2014;15148.0;56597.5;3.73630182202271
69072;2015;14951.0;57938.3333333333;3.87521458988251
69072;2016;15581.0;58685.3333333333;3.76646770639454
69072;2017;15690.0;60000.0;3.8
69072;2018;15650.0;63260.0;4.0
69072;2019;15460.0;62340.0;4.0
69072;2020;15500.0;61110.0;3.9
69072;2021;16340.0;63900.0;3.9
69074;2014;;;
69074;2015;;;
69074;2016;;;
69074;2017;;;
69074;2018;;;
69074;2019;;;
69074;2020;;;
69074;2021;;;
69075;2014;;;
69075;2015;;;
69075;2016;;;
69075;2017;;;
69075;2018;;;
69075;2019;;;
69075;2020;;;
69075;2021;;;
69076;2014;15790.0;56315.6;3.5665357821406
69076;2015;16285.0;56723.3333333333;3.48316446627776
69076;2016;16630.3571428571;59411.0;3.57244282186191
69076;2017;17510.0;60320.0;3.4
69076;2018;17700.0;63290.0;3.6
69076;2019;18930.0;64570.0;3.4
69076;2020;18900.0;66880.0;3.5
69076;2021;19300.0;64890.0;3.4
69077;2014;;;
69077;2015;;;
69077;2016;;;
69077;2017;;;
69077;2018;;;
69077;2019;;;
69077;2020;;;
69077;2021;;;
69078;2014;;;
69078;2015;;;
69078;2016;;;
69078;2017;;;
69078;2018;;;
69078;2019;;;
69078;2020;;;
69078;2021;;;
69080;2014;;;
69080;2015;;;
69080;2016;;;
69080;2017;;;
69080;2018;;;
69080;2019;;;
69080;2020;;;
69080;2021;;;
69081;2014;12340.0;56547.6;4.58246353322528
69081;2015;12386.9230769231;58544.0;4.72627460721605
69081;2016;12774.1379310345;59047.4;4.62241760021595
69081;2017;12720.0;59610.0;4.7
69081;2018;12770.0;61290.0;4.8
69081;2019;12760.0;60590.0;4.7
69081;2020;12840.0;59220.0;4.6
69081;2021;13050.0;62050.0;4.8
69082;2014;;;
69082;2015;;;
69082;2016;;;
69082;2017;;;
69082;2018;;;
69082;2019;;;
69082;2020;;;
69082;2021;;;
69083;2014;;;
69083;2015;;;
69083;2016;;;
69083;2017;;;
69083;2018;;;
69083;2019;;;
69083;2020;;;
69083;2021;;;
69084;2014;;;
69084;2015;;;
69084;2016;;;
69084;2017;;;
69084;2018;;;
69084;2019;;;
69084;2020;;;
69084;2021;;;
69085;2014;;;
69085;2015;;;
69085;2016;;;
69085;2017;;;
69085;2018;;;
69085;2019;;;
69085;2020;;;
69085;2021;;;
69086;2014;15760.7692307692;41777.619047619;2.65073477289788
69086;2015;16110.0;41249.5652173913;2.560494426902
69086;2016;16444.5;43468.0;2.64331539420475
69086;2017;16620.0;43220.0;2.6
69086;2018;17280.0;46090.0;2.7
69086;2019;17900.0;46170.0;2.6
69086;2020;18710.0;45580.0;2.4
69086;2021;19120.0;47350.0;2.5
69087;2014;15056.511627907;54954.7619047619;3.64990000757574
69087;2015;15102.0;55724.6666666667;3.68988654924293
69087;2016;15669.756097561;57820.0;3.68991065591632
69087;2017;16330.0;61850.0;3.8
69087;2018;16730.0;61830.0;3.7
69087;2019;16570.0;62580.0;3.8
69087;2020;16570.0;60920.0;3.7
69087;2021;17820.0;62230.0;3.5
69088;2014;12020.0;41443.3333333333;3.44786466999445
69088;2015;11928.0;41044.1379310345;3.44099077221952
69088;2016;12313.8095238095;40784.0;3.31205383038787
69088;2017;12360.0;41700.0;3.4
69088;2018;12750.0;43070.0;3.4
69088;2019;13190.0;43690.0;3.3
69088;2020;13390.0;43600.0;3.3
69088;2021;13480.0;45270.0;3.4
69089;2014;13929.5238095238;44870.6666666667;3.2212635033502
69089;2015;13968.0;45840.9523809524;3.28185512463863
69089;2016;13922.5;45955.7142857143;3.30082343585666
69089;2017;14120.0;47250.0;3.3
69089;2018;14880.0;49140.0;3.3
69089;2019;14530.0;48950.0;3.4
69089;2020;15070.0;48310.0;3.2
69089;2021;14950.0;50090.0;3.4
69090;2014;;;
69090;2015;;;
69090;2016;;;
69090;2017;;;
69090;2018;;;
69090;2019;;;
69090;2020;;;
69090;2021;;;
69091;2014;8716.19047619048;27764.0;3.18533653846154
69091;2015;8724.83870967742;27955.5;3.20412799940844
69091;2016;8813.52941176471;27716.0;3.14471067209504
69091;2017;8940.0;28180.0;3.2
69091;2018;9120.0;28570.0;3.1
69091;2019;9060.0;28940.0;3.2
69091;2020;9530.0;29270.0;3.1
69091;2021;9800.0;30280.0;3.1
69092;2014;11052.75;37242.6666666667;3.36953850097638
69092;2015;10827.3333333333;37240.6666666667;3.43950495659134
69092;2016;11345.0;37463.4615384615;3.30220022375157
69092;2017;11850.0;38370.0;3.2
69092;2018;11890.0;39620.0;3.3
69092;2019;12050.0;39620.0;3.3
69092;2020;12640.0;40240.0;3.2
69092;2021;12520.0;41720.0;3.3
69093;2014;;;
69093;2015;;;
69093;2016;;;
69093;2017;;;
69093;2018;;;
69093;2019;;;
69093;2020;;;
69093;2021;;;
69094;2014;14185.0;43208.0;3.0460345435319
69094;2015;14619.6153846154;44450.0;3.04043566336061
69094;2016;14810.0;43370.0;2.92842673869007
69094;2017;14650.0;43620.0;3.0
69094;2018;15000.0;43830.0;2.9
69094;2019;14800.0;43610.0;2.9
69094;2020;15410.0;43690.0;2.8
69094;2021;15510.0;45930.0;3.0
69095;2014;;;
69095;2015;;;
69095;2016;;;
69095;2017;;;
69095;2018;;;
69095;2019;;;
69095;2020;;;
69095;2021;;;
69096;2014;10697.037037037;30670.0;2.86714908939824
69096;2015;10880.3571428571;30984.0;2.84770064007878
69096;2016;11198.6956521739;30769.0;2.74755212175331
69096;2017;11350.0;30690.0;2.7
69096;2018;11420.0;32280.0;2.8
69096;2019;11480.0;32080.0;2.8
69096;2020;12060.0;32890.0;2.7
69096;2021;12090.0;34460.0;2.9
69097;2014;;;
69097;2015;;;
69097;2016;;;
69097;2017;;;
69097;2018;;;
69097;2019;;;
69097;2020;;;
69097;2021;;;
69098;2014;;;
69098;2015;;;
69098;2016;;;
69098;2017;;;
69098;2018;;;
69098;2019;;;
69098;2020;;;
69098;2021;;;
69099;2014;;;
69099;2015;;;
69099;2016;;;
69099;2017;;;
69099;2018;;;
69099;2019;;;
69099;2020;;;
69099;2021;;;
69100;2014;12283.9473684211;39530.0;3.21802095160565
69100;2015;12410.7692307692;39387.5;3.17365501425561
69100;2016;12190.7692307692;39460.0;3.23687531549722
69100;2017;12140.0;40220.0;3.3
69100;2018;12820.0;41720.0;3.3
69100;2019;12500.0;41750.0;3.3
69100;2020;12930.0;41910.0;3.2
69100;2021;13220.0;43910.0;3.3
69102;2014;;;
69102;2015;;;
69102;2016;;;
69102;2017;;;
69102;2018;;;
69102;2019;;;
69102;2020;;;
69102;2021;;;
69103;2014;;;
69103;2015;;;
69103;2016;;;
69103;2017;;;
69103;2018;;;
69103;2019;;;
69103;2020;;;
69103;2021;;;
69104;2014;;;
69104;2015;;;
69104;2016;;;
69104;2017;;;
69104;2018;;;
69104;2019;;;
69104;2020;;;
69104;2021;;;
69105;2014;;;
69105;2015;;;
69105;2016;;;
69105;2017;;;
69105;2018;;;
69105;2019;;;
69105;2020;;;
69105;2021;;;
69106;2014;;;
69106;2015;;;
69106;2016;;;
69106;2017;;;
69106;2018;;;
69106;2019;;;
69106;2020;;;
69106;2021;;;
69107;2014;;;
69107;2015;;;
69107;2016;;;
69107;2017;;;
69107;2018;;;
69107;2019;;;
69107;2020;;;
69107;2021;;;
69108;2014;;;
69108;2015;;;
69108;2016;;;
69108;2017;;;
69108;2018;;;
69108;2019;;;
69108;2020;;;
69108;2021;;;
69109;2014;;;
69109;2015;;;
69109;2016;;;
69109;2017;;;
69109;2018;;;
69109;2019;;;
69109;2020;;;
69109;2021;;;
69110;2014;;;
69110;2015;;;
69110;2016;;;
69110;2017;;;
69110;2018;;;
69110;2019;;;
69110;2020;;;
69110;2021;;;
69111;2014;;;
69111;2015;;;
69111;2016;;;
69111;2017;;;
69111;2018;;;
69111;2019;;;
69111;2020;;;
69111;2021;;;
69112;2014;15873.5714285714;48938.0;3.08298609548666
69112;2015;15913.3333333333;48161.4285714286;3.02648273385601
69112;2016;15613.3333333333;47525.0;3.04387275832622
69112;2017;16010.0;48280.0;3.0
69112;2018;16750.0;49470.0;3.0
69112;2019;16550.0;49230.0;3.0
69112;2020;16220.0;49640.0;3.1
69112;2021;16650.0;51750.0;3.1
69113;2014;;;
69113;2015;;;
69113;2016;;;
69113;2017;;;
69113;2018;;;
69113;2019;;;
69113;2020;;;
69113;2021;;;
69114;2014;;;
69114;2015;;;
69115;2014;11751.0;39503.4782608696;3.36171204670833
69115;2015;11739.3333333333;39021.3333333333;3.32398205463115
69115;2016;12073.3333333333;40046.0;3.31689674213142
69115;2017;12310.0;40150.0;3.3
69115;2018;12340.0;41100.0;3.3
69115;2019;12600.0;41320.0;3.3
69115;2020;13120.0;41720.0;3.2
69115;2021;13060.0;43830.0;3.4
69116;2014;14482.5;62341.4285714286;4.30460407881433
69116;2015;15063.3333333333;64100.3571428571;4.25538994088452
69116;2016;14545.652173913;64584.5;4.44012404722762
69116;2017;15340.0;64430.0;4.2
69116;2018;15490.0;71460.0;4.6
69116;2019;15920.0;71340.0;4.5
69116;2020;15630.0;68520.0;4.4
69116;2021;15630.0;75210.0;4.8
69117;2014;15909.5238095238;54476.6666666667;3.42415444477701
69117;2015;16468.4;54925.0;3.33517524471108
69117;2016;17002.4;54478.0;3.20413588669835
69117;2017;17280.0;55440.0;3.2
69117;2018;17440.0;56550.0;3.2
69117;2019;17260.0;59950.0;3.5
69117;2020;17300.0;58040.0;3.4
69117;2021;18000.0;61530.0;3.4
69118;2014;13358.3333333333;34930.6666666667;2.6148970679975
69118;2015;13849.6153846154;34658.2608695652;2.50247100060734
69118;2016;13407.5;34390.0;2.56498228603394
69118;2017;14050.0;35950.0;2.6
69118;2018;14200.0;36450.0;2.6
69118;2019;14100.0;36520.0;2.6
69118;2020;14510.0;36400.0;2.5
69118;2021;15400.0;37580.0;2.4
69119;2014;;;
69119;2015;;;
69119;2016;;;
69119;2017;;;
69119;2018;;;
69119;2019;;;
69119;2020;;;
69119;2021;;;
69120;2014;;;
69120;2015;;;
69120;2016;;;
69120;2017;;;
69120;2018;;;
69120;2019;;;
69120;2020;;;
69120;2021;;;
69121;2014;13457.619047619;38252.1825396825;2.84241829140276
69121;2015;13762.0;38483.3333333333;2.79634743012159
69121;2016;13856.4;39549.6296296296;2.85424999492145
69121;2017;14650.0;40220.0;2.7
69121;2018;14920.0;41410.0;2.8
69121;2019;14940.0;42800.0;2.9
69121;2020;14740.0;40480.0;2.7
69121;2021;15750.0;43870.0;2.8
69122;2014;;;
69122;2015;;;
69122;2016;;;
69122;2017;;;
69122;2018;;;
69122;2019;;;
69122;2020;;;
69122;2021;17610.0;50050.0;2.8
69123;2014;10633.8095238095;44063.3333333333;4.14370158076217
69123;2015;10719.6428571429;44743.3333333333;4.17395746571159
69123;2016;10886.0;45148.6666666667;4.14740645477371
69123;2017;11090.0;45810.0;4.1
69123;2018;11280.0;47280.0;4.2
69123;2019;11330.0;47240.0;4.2
69123;2020;11610.0;47220.0;4.1
69123;2021;11720.0;49320.0;4.2
69124;2014;;;
69124;2015;;;
69124;2016;;;
69124;2017;;;
69124;2018;;;
69124;2019;;;
69124;2020;;;
69124;2021;;;
69125;2014;;;
69125;2015;;;
69125;2016;;;
69125;2017;;;
69125;2018;;;
69125;2019;;;
69125;2020;;;
69125;2021;;;
69126;2014;;;
69126;2015;;;
69126;2016;;;
69126;2017;;;
69126;2018;;;
69126;2019;;;
69126;2020;;;
69126;2021;;;
69127;2014;13632.6666666667;45081.0;3.30683652012323
69127;2015;14423.0;45705.2380952381;3.16891340880802
69127;2016;14772.2222222222;45310.8333333333;3.06729973674314
69127;2017;15630.0;46580.0;3.0
69127;2018;15820.0;49530.0;3.1
69127;2019;15390.0;47820.0;3.1
69127;2020;15390.0;49430.0;3.2
69127;2021;15630.0;50490.0;3.2
69130;2014;;;
69130;2015;;;
69130;2016;;;
69130;2017;;;
69130;2018;;;
69130;2019;;;
69130;2020;;;
69130;2021;;;
69131;2014;14335.0;38047.7777777778;2.6541874975778
69131;2015;14973.0;38188.0;2.55045749014893
69131;2016;15305.3846153846;39372.0;2.57242800422174
69131;2017;15190.0;41160.0;2.7
69131;2018;15670.0;41410.0;2.6
69131;2019;16290.0;41300.0;2.5
69131;2020;15900.0;41790.0;2.6
69131;2021;16900.0;43350.0;2.6
69132;2014;;;
69132;2015;;;
69132;2016;;;
69132;2017;;;
69132;2018;;;
69132;2019;;;
69132;2020;;;
69132;2021;;;
69133;2014;15202.8846153846;49127.8571428571;3.23148260252808
69133;2015;16052.4;49899.0;3.10850713911938
69133;2016;15872.8571428571;50276.0;3.16741967419674
69133;2017;15920.0;50630.0;3.2
69133;2018;15950.0;53890.0;3.4
69133;2019;16650.0;52710.0;3.2
69133;2020;16860.0;54130.0;3.2
69133;2021;17780.0;55520.0;3.1
69134;2014;;;
69134;2015;;;
69134;2016;;;
69134;2017;;;
69134;2018;;;
69134;2019;;;
69134;2020;;;
69134;2021;;;
69135;2014;;;
69135;2015;;;
69135;2016;;;
69135;2017;;;
69135;2018;;;
69135;2019;;;
69135;2020;;;
69135;2021;;;
69136;2014;14696.9230769231;40620.0;2.7638438186957
69136;2015;15223.1578947368;39763.3333333333;2.61202922601761
69136;2016;14946.0;39867.3333333333;2.6674249520496
69136;2017;15220.0;41800.0;2.7
69136;2018;15810.0;44460.0;2.8
69136;2019;15400.0;44140.0;2.9
69136;2020;16010.0;43400.0;2.7
69136;2021;16830.0;46600.0;2.8
69137;2014;;;
69137;2015;;;
69137;2016;;;
69137;2017;;;
69137;2018;;;
69137;2019;;;
69137;2020;;;
69137;2021;;;
69138;2014;;;
69138;2015;;;
69138;2016;;;
69138;2017;;;
69138;2018;;;
69138;2019;;;
69138;2020;;;
69138;2021;;;
69139;2014;;;
69139;2015;;;
69139;2016;;;
69139;2017;;;
69139;2018;;;
69139;2019;;;
69139;2020;;;
69139;2021;;;
69140;2014;16002.5;48365.0;3.02234025933448
69140;2015;16370.0;50641.6;3.09356139279169
69140;2016;15939.0;48866.0;3.0658134136395
69140;2017;16250.0;49370.0;3.0
69140;2018;16810.0;54720.0;3.3
69140;2019;17240.0;53180.0;3.1
69140;2020;17690.0;50280.0;2.8
69140;2021;17510.0;52660.0;3.0
69141;2014;14314.8;40271.4285714286;2.81327217784591
69141;2015;14546.0;39795.2380952381;2.73582002579665
69141;2016;14795.0;40708.6956521739;2.75151711065724
69141;2017;14960.0;41060.0;2.7
69141;2018;14850.0;42190.0;2.8
69141;2019;15260.0;42300.0;2.8
69141;2020;15680.0;43190.0;2.8
69141;2021;16290.0;44720.0;2.7
69142;2014;9684.7619047619;38012.0;3.9249287048874
69142;2015;9769.58333333333;38165.3333333333;3.90654667974581
69142;2016;10130.0;38172.0;3.76821322803554
69142;2017;10630.0;38160.0;3.6
69142;2018;10460.0;39360.0;3.8
69142;2019;10720.0;39870.0;3.7
69142;2020;10780.0;40390.0;3.7
69142;2021;11060.0;40960.0;3.7
69143;2014;11339.4444444444;35854.0;3.16188329822155
69143;2015;11314.2857142857;36184.0;3.19808080808081
69143;2016;11534.0;36722.0;3.18380440436969
69143;2017;11700.0;37150.0;3.2
69143;2018;11790.0;38450.0;3.3
69143;2019;11990.0;37480.0;3.1
69143;2020;12290.0;38800.0;3.2
69143;2021;12150.0;40090.0;3.3
69145;2014;;;
69145;2015;;;
69145;2016;;;
69145;2017;;;
69145;2018;;;
69145;2019;;;
69145;2020;;;
69145;2021;;;
69148;2014;14998.0;44189.0476190476;2.94632935185009
69148;2015;15712.0;45730.0;2.91051425661914
69148;2016;15489.0;46907.2;3.0284201691523
69148;2017;15930.0;45600.0;2.9
69148;2018;16650.0;47820.0;2.9
69148;2019;16980.0;47160.0;2.8
69148;2020;17410.0;49600.0;2.8
69148;2021;17110.0;52020.0;3.0
69149;2014;10937.6;34676.0;3.17034815681685
69149;2015;11048.6206896552;34980.7142857143;3.16607070405329
69149;2016;11406.8;35588.6666666667;3.11995184159157
69149;2017;11590.0;35940.0;3.1
69149;2018;11870.0;37390.0;3.2
69149;2019;12090.0;37470.0;3.1
69149;2020;12430.0;38010.0;3.1
69149;2021;12530.0;39500.0;3.2
69151;2014;;;
69151;2015;;;
69151;2016;;;
69151;2017;;;
69151;2018;;;
69151;2019;;;
69151;2020;;;
69151;2021;;;
69153;2014;;;
69153;2015;;;
69153;2016;;;
69153;2017;;;
69153;2018;;;
69153;2019;;;
69153;2020;;;
69153;2021;;;
69154;2014;14762.3076923077;44216.6666666667;2.99524082469213
69154;2015;15730.6666666667;45688.0952380952;2.90439662896859
69154;2016;15642.5;42969.7619047619;2.74698813519335
69154;2017;15720.0;45450.0;2.9
69154;2018;16080.0;46170.0;2.9
69154;2019;16250.0;47010.0;2.9
69154;2020;16870.0;46310.0;2.7
69154;2021;16550.0;50150.0;3.0
69155;2014;;;
69155;2015;;;
69155;2016;;;
69155;2017;;;
69155;2018;;;
69155;2019;;;
69155;2020;;;
69155;2021;;;
69156;2014;16577.4285714286;48302.0;2.91372089415901
69156;2015;16818.0;49054.4444444444;2.91678228353219
69156;2016;16433.0;48186.5;2.93230085802957
69156;2017;17040.0;49410.0;2.9
69156;2018;17570.0;52330.0;3.0
69156;2019;18000.0;52400.0;2.9
69156;2020;17510.0;51710.0;3.0
69156;2021;18660.0;53300.0;2.9
69157;2014;13947.3333333333;33709.5238095238;2.41691533455789
69157;2015;13765.8620689655;33239.3333333333;2.41462054223759
69157;2016;14599.0;36844.6666666667;2.52378016759139
69157;2017;14720.0;37750.0;2.6
69157;2018;15060.0;37950.0;2.5
69157;2019;15610.0;38150.0;2.4
69157;2020;15810.0;38370.0;2.4
69157;2021;15980.0;39720.0;2.5
69160;2014;;;
69160;2015;;;
69160;2016;;;
69160;2017;;;
69160;2018;;;
69160;2019;;;
69160;2020;;;
69160;2021;;;
69161;2014;;;
69161;2015;;;
69161;2016;;;
69161;2017;;;
69161;2018;;;
69161;2019;;;
69161;2020;;;
69161;2021;;;
69162;2014;;;
69162;2015;;;
69162;2016;;;
69162;2017;;;
69162;2018;;;
69162;2019;;;
69162;2020;;;
69162;2021;;;
69163;2014;13737.2222222222;37886.0;2.75790835928337
69163;2015;14323.6;37539.0476190476;2.62078301677285
69163;2016;14681.3333333333;37142.8;2.52993370266098
69163;2017;15310.0;38050.0;2.5
69163;2018;15990.0;40090.0;2.5
69163;2019;15900.0;41000.0;2.6
69163;2020;16340.0;41300.0;2.5
69163;2021;16410.0;42080.0;2.6
69164;2014;;;
69164;2015;;;
69164;2016;;;
69164;2017;;;
69164;2018;;;
69164;2019;;;
69164;2020;;;
69164;2021;;;
69165;2014;;;
69165;2015;;;
69165;2016;;;
69165;2017;;;
69165;2018;;;
69165;2019;;;
69165;2020;;;
69165;2021;;;
69166;2014;;;
69166;2015;;;
69166;2016;;;
69166;2017;;;
69166;2018;;;
69166;2019;;;
69166;2020;;;
69166;2021;;;
69167;2014;;;
69167;2015;;;
69167;2016;;;
69167;2017;;;
69167;2018;;;
69167;2019;;;
69167;2020;;;
69167;2021;;;
69168;2014;;;
69168;2015;;;
69168;2016;;;
69168;2017;;;
69168;2018;;;
69168;2019;;;
69168;2020;;;
69168;2021;;;
69169;2014;;;
69169;2015;;;
69169;2016;;;
69169;2017;;;
69169;2018;;;
69169;2019;;;
69169;2020;;;
69169;2021;;;
69170;2014;;;
69170;2015;;;
69170;2016;;;
69170;2017;;;
69170;2018;;;
69170;2019;;;
69170;2020;;;
69170;2021;;;
69171;2014;12650.0;37247.0256410256;2.9444289044289
69171;2015;12262.5;37885.5;3.08954128440367
69171;2016;12856.1904761905;37418.0;2.91050448181347
69171;2017;12970.0;37810.0;2.9
69171;2018;13460.0;38740.0;2.9
69171;2019;13780.0;39080.0;2.8
69171;2020;14180.0;39110.0;2.8
69171;2021;13730.0;40080.0;2.9
69172;2014;;;
69172;2015;;;
69172;2016;;;
69172;2017;;;
69172;2018;;;
69172;2019;;;
69172;2020;;;
69172;2021;;;
69173;2014;;;
69173;2015;;;
69173;2016;;;
69173;2017;;;
69173;2018;;;
69173;2019;;;
69173;2020;;;
69173;2021;;;
69174;2014;;;
69174;2015;;;
69174;2016;;;
69174;2017;;;
69174;2018;;;
69174;2019;;;
69174;2020;;;
69174;2021;;;
69175;2014;13801.2;38456.0;2.78642436889546
69175;2015;14377.0;37834.7619047619;2.63161729879404
69175;2016;14836.0;37318.0;2.51536802372607
69175;2017;14240.0;39710.0;2.8
69175;2018;15880.0;41370.0;2.6
69175;2019;15040.0;40910.0;2.7
69175;2020;15350.0;41520.0;2.7
69175;2021;15580.0;42830.0;2.7
69176;2014;15014.6666666667;39301.3333333333;2.61752952668502
69176;2015;15110.0;39342.8571428571;2.6037628817245
69176;2016;15180.6666666667;39560.3846153846;2.60597149545812
69176;2017;15090.0;39910.0;2.6
69176;2018;15830.0;41310.0;2.6
69176;2019;15950.0;41640.0;2.6
69176;2020;16480.0;41350.0;2.5
69176;2021;16720.0;43650.0;2.6
69177;2014;15127.3333333333;40780.0;2.69578246882024
69177;2015;15465.2380952381;40846.6666666667;2.64119222834621
69177;2016;15543.3333333333;39471.8367346939;2.53947051692219
69177;2017;16530.0;40150.0;2.4
69177;2018;17430.0;43220.0;2.5
69177;2019;17140.0;43670.0;2.5
69177;2020;17590.0;43790.0;2.5
69177;2021;17840.0;44960.0;2.5
69178;2014;;;
69178;2015;;;
69178;2016;;;
69178;2017;;;
69178;2018;;;
69178;2019;;;
69178;2020;;;
69178;2021;;;
69179;2014;;;
69179;2015;;;
69179;2016;15748.75;40795.7142857143;2.59040966970168
69179;2017;15790.0;40770.0;2.6
69179;2018;16410.0;43060.0;2.6
69179;2019;16250.0;42630.0;2.6
69179;2020;17040.0;43450.0;2.5
69179;2021;17910.0;44400.0;2.5
69180;2014;;;
69180;2015;;;
69180;2016;;;
69180;2017;;;
69180;2018;;;
69180;2019;;;
69180;2020;;;
69180;2021;;;
69181;2014;;;
69181;2015;;;
69181;2016;;;
69181;2017;;;
69181;2018;;;
69181;2019;;;
69181;2020;;;
69181;2021;;;
69182;2014;;;
69182;2015;;;
69182;2016;;;
69182;2017;;;
69182;2018;;;
69182;2019;;;
69182;2020;;;
69182;2021;;;
69183;2014;;;
69183;2015;;;
69183;2016;;;
69183;2017;;;
69183;2018;;;
69183;2019;;;
69183;2020;;;
69183;2021;;;
69184;2014;;;
69184;2015;;;
69184;2016;;;
69184;2017;;;
69184;2018;;;
69184;2019;;;
69184;2020;;;
69184;2021;;;
69186;2014;;;
69186;2015;;;
69186;2016;;;
69186;2017;;;
69186;2018;;;
69186;2019;;;
69186;2020;;;
69186;2021;;;
69187;2014;;;
69187;2015;;;
69187;2016;;;
69187;2017;;;
69187;2018;;;
69187;2019;;;
69187;2020;;;
69187;2021;;;
69188;2014;;;
69188;2015;;;
69188;2016;;;
69188;2017;;;
69188;2018;;;
69188;2019;;;
69188;2020;;;
69188;2021;;;
69189;2014;;;
69189;2015;;;
69189;2016;;;
69189;2017;;;
69189;2018;;;
69189;2019;12920.0;46230.0;3.6
69189;2020;13160.0;46330.0;3.5
69189;2021;13320.0;44910.0;3.4
69190;2014;15570.4347826087;47508.4848484848;3.05119834556895
69190;2015;15770.8333333333;46903.5;2.97406605019815
69190;2016;15143.0769230769;47272.8;3.1217433709235
69190;2017;16000.0;50020.0;3.1
69190;2018;16560.0;50220.0;3.0
69190;2019;17190.0;49400.0;2.9
69190;2020;17540.0;53290.0;3.0
69190;2021;17690.0;53530.0;3.0
69191;2014;15932.0;80886.1538461538;5.07696170262075
69191;2015;16291.0;85393.0;5.24172856178258
69191;2016;16168.0;82486.25;5.10182149925779
69191;2017;15630.0;86200.0;5.5
69191;2018;14780.0;98270.0;6.6
69191;2019;15230.0;97840.0;6.4
69191;2020;15430.0;91940.0;6.0
69191;2021;16070.0;98480.0;6.1
69192;2014;;;
69192;2015;;;
69192;2016;;;
69192;2017;;;
69192;2018;;;
69192;2019;;;
69192;2020;;;
69192;2021;;;
69193;2014;;;
69193;2015;;;
69193;2016;;;
69193;2017;;;
69193;2018;;;
69193;2019;;;
69193;2020;;;
69193;2021;;;
69194;2014;17832.0;81022.0;4.54362943023777
69194;2015;17287.3333333333;86396.7857142857;4.9976930535432
69194;2016;17200.6666666667;85026.0;4.94318049687997
69194;2017;17500.0;91660.0;5.2
69194;2018;17830.0;92490.0;5.2
69194;2019;18590.0;94500.0;5.1
69194;2020;18100.0;91720.0;5.1
69194;2021;19880.0;99840.0;5.0
69196;2014;;;
69196;2015;;;
69196;2016;;;
69196;2017;;;
69196;2018;;;
69196;2019;;;
69196;2020;;;
69196;2021;;;
69197;2014;13252.2857142857;35158.4;2.65300648944656
69197;2015;14289.8333333333;34577.0;2.41969232204714
69197;2016;13968.75;35076.8;2.51109082774049
69197;2017;14180.0;35760.0;2.5
69197;2018;14850.0;37510.0;2.5
69197;2019;14920.0;37310.0;2.5
69197;2020;15360.0;39040.0;2.5
69197;2021;15570.0;38630.0;2.5
69198;2014;;;
69198;2015;;;
69198;2016;;;
69198;2017;;;
69198;2018;;;
69198;2019;;;
69198;2020;;;
69198;2021;;;
69199;2014;8690.5;25490.6666666667;2.93316456667242
69199;2015;8783.88888888889;25512.0;2.90440832331921
69199;2016;8868.82352941177;25583.0;2.88459905816807
69199;2017;8970.0;25910.0;2.9
69199;2018;9090.0;26310.0;2.9
69199;2019;9160.0;26700.0;2.9
69199;2020;9480.0;27310.0;2.9
69199;2021;9350.0;28390.0;3.0
69200;2014;;;
69200;2015;;;
69200;2016;;;
69200;2017;;;
69200;2018;;;
69200;2019;;;
69200;2020;;;
69200;2021;;;
69201;2014;;;
69201;2015;;;
69201;2016;;;
69201;2017;;;
69201;2018;;;
69201;2019;;;
69201;2020;;;
69201;2021;;;
69202;2014;13503.3333333333;53334.6666666667;3.94974080473957
69202;2015;13550.0;54181.6;3.99864206642066
69202;2016;13459.0;54016.6666666667;4.01342348366644
69202;2017;13910.0;54630.0;3.9
69202;2018;14050.0;56850.0;4.0
69202;2019;13900.0;55660.0;4.0
69202;2020;14350.0;56440.0;3.9
69202;2021;14250.0;58940.0;4.1
69203;2014;;;
69203;2015;;;
69203;2016;;;
69203;2017;;;
69203;2018;;;
69203;2019;;;
69203;2020;;;
69203;2021;;;
69204;2014;12628.0;43222.2222222222;3.42272903248513
69204;2015;12847.3333333333;43823.8095238095;3.41112107756288
69204;2016;12936.1224489796;44088.5714285714;3.40817517787559
69204;2017;13120.0;45130.0;3.4
69204;2018;13400.0;47360.0;3.5
69204;2019;13270.0;46220.0;3.5
69204;2020;13300.0;46650.0;3.5
69204;2021;13790.0;48670.0;3.5
69205;2014;15179.0476190476;46683.3333333333;3.07551135650646
69205;2015;15539.6;46855.3333333333;3.01522132701828
69205;2016;15965.7894736842;47274.0;2.96095599142904
69205;2017;15670.0;47250.0;3.0
69205;2018;16010.0;48510.0;3.0
69205;2019;15830.0;49490.0;3.1
69205;2020;15840.0;50380.0;3.2
69205;2021;16230.0;51400.0;3.2
69206;2014;12831.5555555556;38056.0;2.9658134460185
69206;2015;13067.1428571429;38019.3333333333;2.90953682445975
69206;2016;13550.6666666667;38724.2857142857;2.857740262296
69206;2017;14130.0;38530.0;2.7
69206;2018;14440.0;39980.0;2.8
69206;2019;14720.0;39450.0;2.7
69206;2020;14930.0;39390.0;2.6
69206;2021;15450.0;41350.0;2.7
69207;2014;13096.0;41833.0769230769;3.19434002161553
69207;2015;13003.8888888889;41842.0;3.21765283889435
69207;2016;13042.6666666667;42019.3333333333;3.22168268247802
69207;2017;13400.0;43620.0;3.3
69207;2018;13650.0;44640.0;3.3
69207;2019;13900.0;45690.0;3.3
69207;2020;13920.0;44630.0;3.2
69207;2021;14670.0;46920.0;3.2
69208;2014;15350.0;41444.5;2.6999674267101
69208;2015;15239.5454545455;42421.9047619048;2.78367257661558
69208;2016;16223.8095238095;41118.6666666667;2.53446433812738
69208;2017;16930.0;43480.0;2.6
69208;2018;17180.0;45860.0;2.7
69208;2019;17020.0;46550.0;2.7
69208;2020;17890.0;46240.0;2.6
69208;2021;18950.0;49660.0;2.6
69209;2014;;;
69209;2015;;;
69209;2016;;;
69209;2017;;;
69209;2018;;;
69209;2019;;;
69209;2020;;;
69209;2021;;;
69212;2014;;;
69212;2015;;;
69212;2016;;;
69212;2017;;;
69212;2018;;;
69212;2019;;;
69212;2020;;;
69212;2021;;;
69214;2014;;;
69214;2015;;;
69214;2016;;;
69214;2017;;;
69214;2018;;;
69214;2019;;;
69214;2020;;;
69214;2021;;;
69215;2014;;;
69215;2015;;;
69215;2016;;;
69215;2017;;;
69215;2018;;;
69215;2019;;;
69215;2020;;;
69215;2021;;;
69216;2014;;;
69216;2015;;;
69216;2016;;;
69216;2017;;;
69216;2018;;;
69216;2019;;;
69216;2020;;;
69216;2021;;;
69217;2014;;;
69217;2015;;;
69217;2016;;;
69217;2017;;;
69217;2018;;;
69217;2019;;;
69217;2020;;;
69217;2021;;;
69218;2014;;;
69218;2015;;;
69218;2016;;;
69218;2017;;;
69218;2018;;;
69218;2019;;;
69218;2020;;;
69218;2021;;;
69219;2014;15442.0;44750.9523809524;2.89800235597412
69219;2015;16139.5;44296.5384615385;2.74460413653078
69219;2016;16561.25;43769.3333333333;2.64287619191386
69219;2017;16600.0;45190.0;2.7
69219;2018;16580.0;46650.0;2.8
69219;2019;16880.0;47520.0;2.8
69219;2020;17430.0;46950.0;2.7
69219;2021;18370.0;48190.0;2.6
69220;2014;;;
69220;2015;;;
69220;2016;;;
69220;2017;;;
69220;2018;;;
69220;2019;;;
69220;2020;;;
69220;2021;;;
69225;2014;;;
69225;2015;;;
69225;2016;;;
69225;2017;;;
69225;2018;;;
69225;2019;;;
69225;2020;;;
69225;2021;;;
69227;2014;12523.3333333333;34431.8518518518;2.74941590512525
69227;2015;12733.45;33928.3333333333;2.66450438281325
69227;2016;12894.0;34026.0;2.63890181479758
69227;2017;12900.0;34840.0;2.7
69227;2018;13490.0;37600.0;2.8
69227;2019;14220.0;36840.0;2.6
69227;2020;14600.0;37730.0;2.6
69227;2021;15180.0;39050.0;2.6
69228;2014;12386.0;36989.3333333333;2.98638247483718
69228;2015;13105.4838709677;37556.0;2.86567061313905
69228;2016;13443.8095238095;38783.0;2.88482218758855
69228;2017;13900.0;39430.0;2.8
69228;2018;14860.0;42020.0;2.8
69228;2019;14260.0;42780.0;3.0
69228;2020;15320.0;41850.0;2.7
69228;2021;15540.0;43690.0;2.8
69229;2014;;;
69229;2015;;;
69229;2016;;;
69229;2017;;;
69229;2018;;;
69229;2019;;;
69229;2020;;;
69229;2021;;;
69230;2014;;;
69230;2015;;;
69230;2016;;;
69230;2017;;;
69230;2018;;;
69230;2019;;;
69230;2020;;;
69230;2021;;;
69231;2014;14266.0;38279.5;2.68326790971541
69231;2015;14556.5;38090.5;2.61673479201731
69231;2016;15110.4761904762;39408.0;2.60799193243414
69231;2017;15460.0;38440.0;2.5
69231;2018;16050.0;39450.0;2.5
69231;2019;16270.0;39210.0;2.4
69231;2020;16380.0;41310.0;2.5
69231;2021;17340.0;41950.0;2.4
69233;2014;;;
69233;2015;;;
69233;2016;;;
69233;2017;;;
69233;2018;;;
69233;2019;;;
69233;2020;;;
69233;2021;;;
69234;2014;;;
69234;2015;;;
69234;2016;;;
69234;2017;;;
69234;2018;;;
69234;2019;;;
69234;2020;;;
69234;2021;;;
69235;2014;;;
69235;2015;;;
69235;2016;;;
69235;2017;;;
69235;2018;;;
69235;2019;;;
69235;2020;;;
69235;2021;;;
69236;2014;;;
69236;2015;;;
69236;2016;;;
69236;2017;;;
69236;2018;;;
69236;2019;;;
69236;2020;;;
69236;2021;;;
69238;2014;11792.0;30413.3333333333;2.57914970601538
69238;2015;11721.0;30186.0;2.57537752751472
69238;2016;12188.0;29944.0;2.45684279619298
69238;2017;12310.0;31470.0;2.6
69238;2018;12500.0;31460.0;2.5
69238;2019;12570.0;30980.0;2.5
69238;2020;12590.0;32420.0;2.6
69238;2021;13130.0;34400.0;2.6
69239;2014;;;
69239;2015;;;
69239;2016;;;
69239;2017;;;
69239;2018;;;
69239;2019;;;
69239;2020;;;
69239;2021;;;
69240;2014;;;
69240;2015;;;
69240;2016;;;
69240;2017;;;
69240;2018;;;
69240;2019;;;
69240;2020;;;
69240;2021;;;
69241;2014;15246.1904761905;41439.1304347826;2.71799899781502
69241;2015;14254.375;41643.3333333333;2.92144224726327
69241;2016;15213.125;41484.0;2.72685592210673
69241;2017;16140.0;42910.0;2.7
69241;2018;15890.0;43970.0;2.8
69241;2019;16440.0;43060.0;2.6
69241;2020;16880.0;44100.0;2.6
69241;2021;16860.0;46650.0;2.8
69242;2014;;;
69242;2015;;;
69242;2016;;;
69242;2017;;;
69242;2018;;;
69242;2019;;;
69242;2020;;;
69242;2021;;;
69243;2014;9518.33333333333;27962.6086956522;2.93776312684141
69243;2015;9878.09523809524;28309.3333333333;2.86586964905515
69243;2016;10065.1724137931;28490.0;2.83055260543355
69243;2017;10440.0;28940.0;2.8
69243;2018;10680.0;29530.0;2.8
69243;2019;10480.0;29700.0;2.8
69243;2020;10770.0;31090.0;2.9
69243;2021;10570.0;31770.0;3.0
69244;2014;13298.0;48334.0;3.63468190705369
69244;2015;13398.9285714286;49396.9565217391;3.68663481250818
69244;2016;13545.6666666667;48868.6111111111;3.60769331725603
69244;2017;13850.0;50250.0;3.6
69244;2018;14010.0;51840.0;3.7
69244;2019;14360.0;51800.0;3.6
69244;2020;14460.0;51050.0;3.5
69244;2021;14760.0;54650.0;3.7
69245;2014;;;
69245;2015;;;
69245;2016;;;
69245;2017;;;
69245;2018;;;
69245;2019;;;
69245;2020;;;
69245;2021;;;
69246;2014;;;
69246;2015;;;
69246;2016;;;
69246;2017;;;
69246;2018;;;
69246;2019;;;
69246;2020;;;
69246;2021;;;
69248;2014;11056.9230769231;30537.5;2.76184430221233
69248;2015;11026.0;30724.4444444444;2.78654493419594
69248;2016;11120.0;30366.9230769231;2.73083840619812
69248;2017;11080.0;31380.0;2.8
69248;2018;11590.0;32040.0;2.8
69248;2019;11640.0;31570.0;2.7
69248;2020;11450.0;31950.0;2.8
69248;2021;11550.0;33190.0;2.9
69249;2014;13717.5;37391.7142857143;2.72584029784686
69249;2015;13788.3333333333;39715.3333333333;2.88035779040251
69249;2016;14434.0;37763.0;2.61625329084107
69249;2017;14570.0;39280.0;2.7
69249;2018;14880.0;41750.0;2.8
69249;2019;14930.0;41780.0;2.8
69249;2020;15430.0;41890.0;2.7
69249;2021;15610.0;41950.0;2.7
69250;2014;16606.0;52202.6666666667;3.14360271387852
69250;2015;16558.0952380952;51396.5;3.10401041067526
69250;2016;16761.3333333333;52524.0;3.1336409195768
69250;2017;17330.0;54600.0;3.2
69250;2018;17630.0;56480.0;3.2
69250;2019;17890.0;54850.0;3.1
69250;2020;17870.0;54900.0;3.1
69250;2021;18390.0;56560.0;3.1
69252;2014;;;
69252;2015;;;
69252;2016;;;
69252;2017;;;
69252;2018;;;
69252;2019;;;
69252;2020;;;
69252;2021;;;
69253;2014;;;
69253;2015;;;
69253;2016;;;
69253;2017;;;
69253;2018;;;
69253;2019;;;
69253;2020;;;
69253;2021;;;
69254;2014;;;
69254;2015;;;
69254;2016;;;
69254;2017;;;
69254;2018;;;
69254;2019;;;
69254;2020;;;
69254;2021;;;
69255;2014;13843.0;41958.0;3.03099039225601
69255;2015;14397.2972972973;42178.6666666667;2.92962392841499
69255;2016;14178.5;41926.6666666667;2.95705939744449
69255;2017;15030.0;42230.0;2.8
69255;2018;15450.0;43390.0;2.8
69255;2019;14920.0;43940.0;2.9
69255;2020;15120.0;43910.0;2.9
69255;2021;15490.0;44370.0;2.9
69256;2014;8468.09523809524;25532.6666666667;3.01516054658944
69256;2015;8554.09090909091;25861.0;3.02323184016154
69256;2016;8682.91666666667;26011.3333333333;2.99569077210999
69256;2017;8950.0;26430.0;3.0
69256;2018;8990.0;27370.0;3.0
69256;2019;9120.0;27590.0;3.0
69256;2020;9470.0;28410.0;3.0
69256;2021;9230.0;29460.0;3.2
69257;2014;;;
69257;2015;;;
69257;2016;;;
69257;2017;;;
69257;2018;;;
69257;2019;;;
69257;2020;;;
69257;2021;;;
69258;2014;;;
69258;2015;;;
69258;2016;;;
69258;2017;;;
69258;2018;;;
69258;2019;;;
69258;2020;;;
69258;2021;;;
69259;2014;8454.44444444444;27286.6666666667;3.22749375739256
69259;2015;8545.65217391304;27331.5;3.19829305520224
69259;2016;8760.66666666667;27441.4285714286;3.13234478785046
69259;2017;8980.0;27630.0;3.1
69259;2018;9000.0;28120.0;3.1
69259;2019;9090.0;28180.0;3.1
69259;2020;9440.0;28830.0;3.1
69259;2021;9260.0;29730.0;3.2
69260;2014;12224.0;44693.3333333333;3.65619546247819
69260;2015;11813.8095238095;43980.0;3.72276190092305
69260;2016;12271.4285714286;44715.6;3.64387892898719
69260;2017;11980.0;45020.0;3.8
69260;2018;12740.0;47280.0;3.7
69260;2019;12860.0;47070.0;3.7
69260;2020;13080.0;47310.0;3.6
69260;2021;13150.0;49590.0;3.8
69261;2014;;;
69261;2015;;;
69261;2016;;;
69261;2017;;;
69261;2018;;;
69261;2020;;;
69261;2021;;;
69263;2014;;;
69263;2015;;;
69263;2016;;;
69263;2017;;;
69263;2018;;;
69263;2019;;;
69263;2020;;;
69263;2021;;;
69264;2014;9433.5;30398.5714285714;3.22240646934557
69264;2015;9321.25;31065.5555555556;3.33276712410412
69264;2016;9514.44444444444;30895.5;3.24722060025692
69264;2017;9780.0;31750.0;3.2
69264;2018;9930.0;32010.0;3.2
69264;2019;10070.0;32490.0;3.2
69264;2020;10420.0;32680.0;3.1
69264;2021;10490.0;34030.0;3.2
69265;2014;;;
69265;2015;;;
69265;2016;;;
69265;2017;;;
69265;2018;;;
69265;2019;;;
69265;2020;;;
69265;2021;;;
69266;2014;9708.18181818182;34498.0;3.55349751849424
69266;2015;9666.11111111111;34695.5;3.58939594229553
69266;2016;9906.25;34835.2;3.51648706624606
69266;2017;10200.0;35430.0;3.5
69266;2018;10420.0;36310.0;3.5
69266;2019;10400.0;36450.0;3.5
69266;2020;10600.0;36850.0;3.5
69266;2021;10580.0;38150.0;3.6
69267;2014;12846.0;37273.3333333333;2.9015517151902
69267;2015;12391.3043478261;35891.0;2.89646666666667
69267;2016;13016.6666666667;36070.8333333333;2.77112676056338
69267;2017;12880.0;36630.0;2.8
69267;2018;13920.0;39690.0;2.9
69267;2019;14050.0;39270.0;2.8
69267;2020;14250.0;39380.0;2.8
69267;2021;;;
69268;2014;15470.4;50860.0;3.28756851794394
69268;2015;15770.5555555556;51384.5161290323;3.25825656223828
69268;2016;15712.0;53774.5;3.42251145621181
69268;2017;15880.0;55420.0;3.5
69268;2018;16070.0;57990.0;3.6
69268;2019;16770.0;60990.0;3.6
69268;2020;16710.0;57040.0;3.4
69268;2021;17240.0;61900.0;3.6
69269;2014;;;
69269;2015;;;
69269;2016;;;
69269;2017;;;
69269;2018;;;
69269;2019;;;
69269;2020;;;
69269;2021;;;
69270;2014;16165.1612903226;48098.6206896552;2.97544947593253
69270;2015;16447.0;49511.3333333333;3.01035649865224
69270;2016;17097.619047619;49558.0;2.89853223784988
69270;2017;17720.0;50080.0;2.8
69270;2018;17640.0;52960.0;3.0
69270;2019;17670.0;53880.0;3.0
69270;2020;18270.0;52560.0;2.9
69270;2021;18860.0;56250.0;3.0
69271;2014;14312.1929824561;45304.1923076923;3.16542631609468
69271;2015;13850.4166666667;45910.5555555556;3.31474183488262
69271;2016;14171.4285714286;45735.0;3.22726814516129
69271;2017;14470.0;47140.0;3.3
69271;2018;14760.0;47470.0;3.2
69271;2019;14450.0;48330.0;3.3
69271;2020;14730.0;48420.0;3.3
69271;2021;15030.0;49930.0;3.3
69272;2014;14502.1428571429;42593.3333333333;2.93703721945854
69272;2015;15224.0;42919.3333333333;2.81918899982484
69272;2016;15382.0;44170.6666666667;2.8715815021887
69272;2017;15450.0;44200.0;2.9
69272;2018;16010.0;45240.0;2.8
69272;2019;16100.0;45400.0;2.8
69272;2020;16100.0;45910.0;2.9
69272;2021;16440.0;47390.0;2.9
69273;2014;13870.9523809524;35339.5;2.54773421675993
69273;2015;14041.25;35685.0;2.54144039882489
69273;2016;14033.3333333333;36196.8;2.57934441805226
69273;2017;14090.0;35890.0;2.5
69273;2018;14110.0;37060.0;2.6
69273;2019;14360.0;37150.0;2.6
69273;2020;14630.0;37770.0;2.6
69273;2021;14590.0;39240.0;2.7
69275;2014;10778.2142857143;32375.0;3.00374432552437
69275;2015;10816.0;32696.6666666667;3.02299063116371
69275;2016;10916.1904761905;33001.5;3.02317004013261
69275;2017;10990.0;33690.0;3.1
69275;2018;11120.0;34610.0;3.1
69275;2019;11280.0;34830.0;3.1
69275;2020;11550.0;35610.0;3.1
69275;2021;11590.0;36430.0;3.1
69276;2014;11537.2;32734.7619047619;2.83732291238445
69276;2015;11655.0;32658.8;2.80212784212784
69276;2016;11579.4444444444;32847.2222222222;2.83668377872667
69276;2017;11650.0;32890.0;2.8
69276;2018;11890.0;33570.0;2.8
69276;2019;11270.0;33720.0;3.0
69276;2020;11760.0;34570.0;2.9
69276;2021;11800.0;36000.0;3.1
69277;2014;16121.9047619048;46265.6;2.86973534971645
69277;2015;16345.625;47052.5;2.8785990134975
69277;2016;16626.25;47171.1111111111;2.83714674752943
69277;2017;16570.0;48940.0;3.0
69277;2018;16790.0;49960.0;3.0
69277;2019;17070.0;50000.0;2.9
69277;2020;17110.0;51250.0;3.0
69277;2021;17300.0;52910.0;3.1
69278;2014;13089.3333333333;39185.2;2.99367423856575
69278;2015;13184.8;39731.3333333333;3.01341949315373
69278;2016;12757.7478448276;39741.3333333333;3.11507437023422
69278;2017;13160.0;41810.0;3.2
69278;2018;13730.0;42960.0;3.1
69278;2019;13940.0;42640.0;3.1
69278;2020;13920.0;42930.0;3.1
69278;2021;14820.0;45570.0;3.1
69279;2014;15116.1904761905;39896.0;2.63928931451613
69279;2015;15237.0;39868.5;2.61655837763339
69279;2016;15679.7142857143;41318.0;2.63512454673008
69279;2017;15570.0;40470.0;2.6
69279;2018;16310.0;42100.0;2.6
69279;2019;16110.0;42220.0;2.6
69279;2020;16670.0;43080.0;2.6
69279;2021;17360.0;44270.0;2.6
69280;2014;;;
69280;2015;;;
69280;2016;;;
69280;2017;;;
69280;2018;;;
69280;2019;;;
69280;2020;;;
69280;2021;;;
69281;2014;;;
69281;2015;;;
69281;2016;;;
69281;2017;;;
69281;2018;;;
69281;2019;;;
69281;2020;;;
69281;2021;;;
69282;2014;11636.5;36055.0;3.09844025265329
69282;2015;11742.5;36274.6666666667;3.08917748917749
69282;2016;12073.4782608696;36893.3333333333;3.05573361182133
69282;2017;12110.0;37020.0;3.1
69282;2018;12300.0;38240.0;3.1
69282;2019;12240.0;38370.0;3.1
69282;2020;12480.0;38400.0;3.1
69282;2021;12750.0;39780.0;3.1
69283;2014;13419.2;36532.0;2.72236795039943
69283;2015;12820.6896551724;36513.4782608696;2.84801202142339
69283;2016;13244.2105263158;36485.0;2.75478858687013
69283;2017;13620.0;37480.0;2.8
69283;2018;13690.0;38870.0;2.8
69283;2019;13740.0;39070.0;2.8
69283;2020;14140.0;39380.0;2.8
69283;2021;14480.0;40960.0;2.8
69284;2014;16122.8;46822.0;2.90408613888407
69284;2015;16668.9285714286;47741.0869565217;2.86407652129199
69284;2016;16829.5833333333;50051.5;2.97401896462083
69284;2017;17310.0;50740.0;2.9
69284;2018;18100.0;51990.0;2.9
69284;2019;18590.0;53690.0;2.9
69284;2020;19060.0;53380.0;2.8
69284;2021;20290.0;54160.0;2.7
69285;2014;13594.0;37639.4444444444;2.76882775080509
69285;2015;13747.2;37700.303030303;2.74239867247898
69285;2016;14052.5;38961.0909090909;2.77253804725785
69285;2017;14480.0;39410.0;2.7
69285;2018;14890.0;41560.0;2.8
69285;2019;14600.0;40370.0;2.8
69285;2020;14860.0;41240.0;2.8
69285;2021;16300.0;44020.0;2.7
69286;2014;9545.45454545455;34237.3333333333;3.58676825396825
69286;2015;9651.11111111111;34511.6666666667;3.57592677872438
69286;2016;9728.07692307692;34658.0;3.56267742063021
69286;2017;9980.0;35390.0;3.5
69286;2018;10240.0;36600.0;3.6
69286;2019;10300.0;36140.0;3.5
69286;2020;10510.0;36760.0;3.5
69286;2021;10560.0;38300.0;3.6
69287;2014;15205.2173913043;40724.0;2.67829120439208
69287;2015;15605.5;40824.2857142857;2.61601907752303
69287;2016;15651.9047619048;41164.4;2.62999300252518
69287;2017;16340.0;42520.0;2.6
69287;2018;16530.0;45210.0;2.7
69287;2019;16980.0;44600.0;2.6
69287;2020;17080.0;45150.0;2.6
69287;2021;17600.0;47820.0;2.7
69288;2014;14623.8888888889;39899.0476190476;2.7283472899854
69288;2015;14658.0;39550.0;2.6981852913085
69288;2016;14728.9473684211;40405.0;2.7432374486332
69288;2017;15240.0;40890.0;2.7
69288;2018;15950.0;42660.0;2.7
69288;2019;15670.0;42120.0;2.7
69288;2020;16140.0;42350.0;2.6
69288;2021;16580.0;44880.0;2.7
69289;2014;15139.0476190476;39502.0;2.60927906391545
69289;2015;15500.6666666667;40206.0;2.59382392155176
69289;2016;15645.7692307692;41103.8095238095;2.62715171862398
69289;2017;15640.0;42540.0;2.7
69289;2018;16630.0;43790.0;2.6
69289;2019;16270.0;43920.0;2.7
69289;2020;16700.0;44040.0;2.6
69289;2021;17360.0;44210.0;2.5
69290;2014;10228.3333333333;32367.3333333333;3.16447775786215
69290;2015;10388.6666666667;32338.0;3.11281524738497
69290;2016;10525.3333333333;32611.2;3.0983531796301
69290;2017;10720.0;33030.0;3.1
69290;2018;10920.0;33930.0;3.1
69290;2019;11060.0;33910.0;3.1
69290;2020;11480.0;34490.0;3.0
69290;2021;11380.0;35640.0;3.1
69291;2014;13986.6666666667;37166.8;2.65730219256435
69291;2015;14444.0;37403.3333333333;2.58954121665282
69291;2016;14224.6666666667;37542.0;2.63921825936167
69291;2017;14600.0;38660.0;2.6
69291;2018;14960.0;40490.0;2.7
69291;2019;14910.0;40260.0;2.7
69291;2020;15050.0;40900.0;2.7
69291;2021;15730.0;41980.0;2.7
69292;2014;12299.0476190476;34458.5714285714;2.80172680811522
69292;2015;12113.5;35119.2;2.89917860238577
69292;2016;12376.0;35599.0476190476;2.87645827561794
69292;2017;13060.0;35640.0;2.7
69292;2018;13240.0;37070.0;2.8
69292;2019;13180.0;37420.0;2.8
69292;2020;13380.0;37110.0;2.8
69292;2021;13600.0;37880.0;2.8
69293;2014;16372.0;49333.3333333333;3.01327469663653
69293;2015;17552.6666666667;50346.1224489796;2.86828909846441
69293;2016;17574.0;52155.2380952381;2.96774997696814
69293;2017;17720.0;52850.0;3.0
69293;2018;19060.0;56590.0;3.0
69293;2019;19390.0;58220.0;3.0
69293;2020;19230.0;58930.0;3.1
69293;2021;19350.0;60350.0;3.1
69294;2014;14220.0;38733.0;2.72383966244726
69294;2015;14960.8;37672.4;2.51807389979146
69294;2016;15025.6756756757;39755.2;2.64581778936955
69294;2017;15330.0;40160.0;2.6
69294;2018;14910.0;41020.0;2.8
69294;2019;15240.0;40040.0;2.6
69294;2020;15560.0;39650.0;2.5
69294;2021;15960.0;41630.0;2.6
69295;2014;;;
69295;2015;;;
69295;2016;;;
69295;2017;;;
69295;2018;;;
69295;2019;;;
69295;2020;;;
69295;2021;;;
69296;2014;15443.3333333333;44296.0;2.86829268292683
69296;2015;15446.8;43979.3333333333;2.84714849246014
69296;2016;15327.0;45601.3333333333;2.97522889889302
69296;2017;15280.0;45020.0;2.9
69296;2018;16060.0;46170.0;2.9
69296;2019;16710.0;47160.0;2.8
69296;2020;16400.0;48800.0;3.0
69296;2021;18470.0;48750.0;2.6
69297;2014;13786.1904761905;40428.0;2.93249974094159
69297;2015;13402.5;40442.8;3.01755642603992
69297;2016;13525.3333333333;41690.9523809524;3.08243437359171
69297;2017;14230.0;41570.0;2.9
69297;2018;14670.0;43550.0;3.0
69297;2019;14580.0;43600.0;3.0
69297;2020;14580.0;44190.0;3.0
69297;2021;14910.0;45840.0;3.1
69298;2014;16466.4;40905.0;2.48414954088325
69298;2015;16587.1428571429;40323.75;2.43102445956421
69298;2016;16267.0;40913.3333333333;2.5151123952378
69298;2017;17200.0;41370.0;2.4
69298;2018;17350.0;43610.0;2.5
69298;2019;17660.0;44470.0;2.5
69298;2020;18510.0;45210.0;2.4
69298;2021;18400.0;46510.0;2.5
69299;2014;14728.2608695652;37858.0;2.57043247232472
69299;2015;14266.5;38101.3333333333;2.67068540520333
69299;2016;15280.0;37875.7142857143;2.47877711293942
69299;2017;15660.0;37990.0;2.4
69299;2018;15950.0;40480.0;2.5
69299;2019;15980.0;41420.0;2.6
69299;2020;16350.0;41400.0;2.5
69299;2021;17520.0;42670.0;2.4
