id_commune;id_year;taux_pauvrete_ensemble;taux_pauvrete_moins_30ans;taux_pauvrete_30_39ans;taux_pauvrete_40_49ans;taux_pauvrete_50_59ans;taux_pauvrete_60_74ans;taux_pauvrete_75ans_plus;taux_pauvrete_proprietaires;taux_pauvrete_locataires
69001;2014;;;;;;;;;
69001;2015;;;;;;;;;
69001;2016;;;;;;;;;
69001;2017;;;;;;;;;
69001;2018;;;;;;;;;
69001;2019;;;;;;;;;
69001;2020;;;;;;;;;
69001;2021;;;;;;;;;
69002;2014;;;;;;;;;
69002;2015;;;;;;;;;
69002;2016;;;;;;;;;
69002;2017;;;;;;;;;
69002;2018;;;;;;;;;
69002;2019;;;;;;;;;
69002;2020;;;;;;;;;
69002;2021;;;;;;;;;
69003;2014;11.0;;;;;;;;
69003;2015;12.0;;;;;;;;26.0
69003;2016;9.0;;;;;;;;
69003;2017;10.0;;;;;;;;23.0
69003;2018;10.0;;;;;;;;
69003;2019;11.0;;;;;;;;26.0
69003;2020;9.0;;;;;;;;22.0
69003;2021;11.0;;;;;;;;23.0
69004;2014;;;;;;;;;
69004;2015;;;;;;;;;
69004;2016;;;;;;;;;
69004;2017;;;;;;;;;
69004;2018;;;;;;;;;
69004;2019;;;;;;;;;
69004;2020;;;;;;;;;
69004;2021;;;;;;;;;
69005;2014;;;;;;;;;
69005;2015;;;;;;;;;
69005;2016;;;;;;;;;
69005;2017;;;;;;;;;
69005;2018;;;;;;;;;
69005;2019;;;;;;;;;
69005;2020;;;;;;;;;
69005;2021;;;;;;;;;
69006;2014;13.0;;;18.0;;;;7.0;23.0
69006;2015;14.0;;;;;;;7.0;25.0
69006;2016;15.0;;;;;;;7.0;27.0
69006;2017;14.0;;;;;;;;27.0
69006;2018;14.0;;;20.0;;;;7.0;27.0
69006;2019;14.0;;;;;;;;29.0
69006;2020;15.0;;;19.0;;;;7.0;28.0
69006;2021;16.0;;;;;;;8.0;31.0
69007;2014;;;;;;;;;
69007;2015;;;;;;;;;
69007;2016;;;;;;;;;
69007;2017;;;;;;;;;
69007;2018;;;;;;;;;
69007;2019;;;;;;;;;
69007;2020;;;;;;;;;
69007;2021;;;;;;;;;
69008;2014;;;;;;;;;
69008;2015;;;;;;;;;
69008;2016;;;;;;;;;
69008;2017;;;;;;;;;
69008;2018;;;;;;;;;
69008;2019;;;;;;;;;
69008;2020;;;;;;;;;
69008;2021;;;;;;;;;
69009;2014;8.0;;;;;;;;17.0
69009;2015;7.0;;;;;;;;16.0
69009;2016;7.0;;;;;;;;16.0
69009;2017;8.0;;;;;;;;17.0
69009;2018;8.0;;;;;;;;18.0
69009;2019;9.0;;;10.0;;;;;20.0
69009;2020;9.0;;12.0;10.0;;;;;19.0
69009;2021;10.0;;13.0;10.0;;;;;21.0
69010;2014;12.0;;;13.0;;;;;23.0
69010;2015;14.0;;;14.0;;;;;26.0
69010;2016;13.0;;;16.0;;;;;26.0
69010;2017;14.0;;;15.0;;;;;26.0
69010;2018;14.0;;18.0;14.0;;;;;28.0
69010;2019;14.0;;21.0;13.0;;;;;27.0
69010;2020;13.0;;17.0;14.0;;;;;25.0
69010;2021;12.0;;16.0;13.0;;;;;25.0
69012;2014;;;;;;;;;
69012;2015;;;;;;;;;
69012;2016;;;;;;;;;
69012;2017;;;;;;;;;
69012;2018;;;;;;;;;
69012;2019;;;;;;;;;
69012;2020;;;;;;;;;
69012;2021;;;;;;;;;
69013;2014;8.0;;;;;;;;
69013;2015;7.0;;;;;;;;
69013;2016;7.0;;;;;;;;
69013;2017;7.0;;;;;;;;
69013;2018;8.0;;;;;;;;
69013;2019;9.0;;;;;;;;22.0
69013;2020;8.0;;;;;;;;
69013;2021;9.0;;;;;;;;22.0
69014;2014;;;;;;;;;
69014;2015;;;;;;;;;
69014;2016;;;;;;;;;
69014;2017;;;;;;;;;
69014;2018;;;;;;;;;
69014;2019;;;;;;;;;
69014;2020;;;;;;;;;
69014;2021;;;;;;;;;
69016;2014;;;;;;;;;
69016;2015;;;;;;;;;
69016;2016;;;;;;;;;
69016;2017;;;;;;;;;
69016;2018;;;;;;;;;
69016;2019;;;;;;;;;
69016;2020;;;;;;;;;
69016;2021;;;;;;;;;
69017;2014;;;;;;;;;
69017;2015;;;;;;;;;
69017;2016;;;;;;;;;
69017;2017;;;;;;;;;
69017;2018;;;;;;;;;
69017;2019;;;;;;;;;
69017;2020;;;;;;;;;
69017;2021;;;;;;;;;
69018;2014;;;;;;;;;
69018;2015;;;;;;;;;
69018;2016;;;;;;;;;
69018;2017;;;;;;;;;
69018;2018;;;;;;;;;
69018;2019;;;;;;;;;
69018;2020;;;;;;;;;
69018;2021;;;;;;;;;
69019;2014;17.0;;19.0;19.0;18.0;;;7.0;25.0
69019;2015;16.0;;16.0;17.0;18.0;;;7.0;23.0
69019;2016;12.0;;12.0;12.0;15.0;;;5.0;21.0
69019;2017;12.0;;11.0;12.0;15.0;;;5.0;22.0
69019;2018;13.0;;13.0;13.0;15.0;;;5.0;23.0
69019;2019;13.0;;14.0;13.0;12.0;10.0;;5.0;23.0
69019;2020;13.0;;15.0;14.0;11.0;10.0;;5.0;24.0
69019;2021;13.0;;13.0;14.0;11.0;12.0;;5.0;23.0
69020;2014;;;;;;;;;
69020;2015;;;;;;;;;
69020;2016;;;;;;;;;
69020;2017;;;;;;;;;
69020;2018;;;;;;;;;
69020;2019;;;;;;;;;
69020;2020;;;;;;;;;
69020;2021;;;;;;;;;
69021;2014;;;;;;;;;
69021;2015;;;;;;;;;
69021;2016;;;;;;;;;
69021;2017;;;;;;;;;
69021;2018;;;;;;;;;
69021;2019;;;;;;;;;
69021;2020;;;;;;;;;
69021;2021;;;;;;;;;
69022;2014;;;;;;;;;
69022;2015;;;;;;;;;
69022;2016;;;;;;;;;
69022;2017;;;;;;;;;
69022;2018;;;;;;;;;
69022;2019;;;;;;;;;
69022;2020;;;;;;;;;
69022;2021;;;;;;;;;
69023;2014;;;;;;;;;
69023;2015;;;;;;;;;
69023;2016;;;;;;;;;
69023;2017;;;;;;;;;
69023;2018;;;;;;;;;
69023;2019;;;;;;;;;
69023;2020;;;;;;;;;
69023;2021;;;;;;;;;
69024;2014;;;;;;;;;
69024;2015;;;;;;;;;
69024;2016;7.0;;;;;;;;
69024;2017;6.0;;;;;;;;
69024;2018;6.0;;;;;;;;
69024;2019;6.0;;;;;;;;
69024;2020;6.0;;;;;;;;
69024;2021;5.0;;;;;;;;
69026;2014;;;;;;;;;
69026;2015;;;;;;;;;
69026;2016;;;;;;;;;
69026;2017;;;;;;;;;
69026;2018;;;;;;;;;
69026;2019;;;;;;;;;
69026;2020;;;;;;;;;
69026;2021;;;;;;;;;
69027;2014;8.0;;13.0;10.0;;;;;19.0
69027;2015;8.0;;11.0;11.0;8.0;;;;19.0
69027;2016;9.0;;10.0;12.0;9.0;;;;19.0
69027;2017;8.0;;10.0;11.0;;;;;18.0
69027;2018;9.0;;11.0;12.0;;;;;19.0
69027;2019;9.0;;11.0;10.0;8.0;;;;19.0
69027;2020;9.0;;12.0;11.0;8.0;;;;20.0
69027;2021;10.0;;13.0;12.0;9.0;;;5.0;22.0
69028;2014;5.0;;;;;;;;
69028;2015;5.0;;;;;;;;
69028;2016;5.0;;;;;;;;
69028;2017;5.0;;;;;;;;
69028;2018;5.0;;;;;;;;15.0
69028;2019;5.0;;;;;;;;14.0
69028;2020;5.0;;;;;;;;
69028;2021;5.0;;;;;;;;16.0
69029;2014;19.0;22.0;26.0;25.0;17.0;14.0;8.0;7.0;32.0
69029;2015;20.0;25.0;25.0;25.0;17.0;13.0;8.0;7.0;32.0
69029;2016;20.0;24.0;26.0;26.0;18.0;13.0;8.0;7.0;33.0
69029;2017;20.0;26.0;26.0;24.0;18.0;14.0;8.0;7.0;33.0
69029;2018;21.0;27.0;26.0;26.0;18.0;15.0;10.0;7.0;34.0
69029;2019;20.0;24.0;25.0;25.0;18.0;13.0;10.0;7.0;33.0
69029;2020;19.0;23.0;24.0;25.0;18.0;14.0;11.0;7.0;32.0
69029;2021;21.0;24.0;26.0;26.0;19.0;14.0;12.0;7.0;34.0
69030;2014;;;;;;;;;
69030;2015;;;;;;;;;
69030;2016;;;;;;;;;
69030;2017;;;;;;;;;
69030;2018;;;;;;;;;
69030;2019;;;;;;;;;
69030;2020;;;;;;;;;
69030;2021;;;;;;;;;
69031;2014;;;;;;;;;
69031;2015;;;;;;;;;
69031;2016;;;;;;;;;
69031;2017;;;;;;;;;
69031;2018;;;;;;;;;
69031;2019;;;;;;;;;
69031;2020;;;;;;;;;
69031;2021;;;;;;;;;
69032;2014;;;;;;;;;
69032;2015;;;;;;;;;
69032;2016;;;;;;;;;
69032;2017;;;;;;;;;
69032;2018;;;;;;;;;
69032;2019;;;;;;;;;
69032;2020;;;;;;;;;
69032;2021;;;;;;;;;
69033;2014;;;;;;;;;
69033;2015;;;;;;;;;
69033;2016;;;;;;;;;
69033;2017;;;;;;;;;
69033;2018;;;;;;;;;
69033;2019;;;;;;;;;
69033;2020;;;;;;;;;
69033;2021;;;;;;;;;
69034;2014;10.0;15.0;13.0;12.0;9.0;5.0;;5.0;19.0
69034;2015;9.0;14.0;12.0;12.0;9.0;6.0;;5.0;18.0
69034;2016;10.0;15.0;12.0;13.0;9.0;5.0;;5.0;19.0
69034;2017;10.0;14.0;12.0;13.0;10.0;6.0;5.0;5.0;19.0
69034;2018;10.0;15.0;12.0;12.0;10.0;6.0;5.0;5.0;19.0
69034;2019;10.0;16.0;13.0;13.0;9.0;6.0;5.0;5.0;20.0
69034;2020;10.0;16.0;13.0;12.0;10.0;7.0;5.0;5.0;20.0
69034;2021;11.0;18.0;12.0;12.0;10.0;8.0;6.0;5.0;22.0
69035;2014;;;;;;;;;
69035;2015;;;;;;;;;
69035;2016;;;;;;;;;
69035;2017;;;;;;;;;
69035;2018;;;;;;;;;
69035;2019;;;;;;;;;
69035;2020;;;;;;;;;
69035;2021;;;;;;;;;
69036;2014;;;;;;;;;
69036;2015;;;;;;;;;
69036;2016;;;;;;;;;
69036;2017;;;;;;;;;
69036;2018;;;;;;;;;
69036;2019;;;;;;;;;
69036;2020;;;;;;;;;
69036;2021;;;;;;;;;
69037;2014;;;;;;;;;
69037;2015;;;;;;;;;
69037;2016;;;;;;;;;
69037;2017;;;;;;;;;
69037;2018;;;;;;;;;
69037;2019;;;;;;;;;
69037;2020;;;;;;;;;
69037;2021;;;;;;;;;
69038;2014;;;;;;;;;
69038;2015;;;;;;;;;
69038;2016;;;;;;;;;
69038;2017;;;;;;;;;
69038;2018;;;;;;;;;
69038;2019;;;;;;;;;
69038;2020;;;;;;;;;
69038;2021;;;;;;;;;
69039;2014;;;;;;;;;
69039;2015;;;;;;;;;
69039;2016;;;;;;;;;
69039;2017;;;;;;;;;
69039;2018;;;;;;;;;
69039;2019;;;;;;;;;
69039;2020;;;;;;;;;
69039;2021;;;;;;;;;
69040;2014;9.0;;;;;;;;18.0
69040;2015;9.0;;;;;;;;18.0
69040;2016;9.0;;;;;;;;18.0
69040;2017;9.0;;;;;;;;18.0
69040;2018;10.0;;;;;;;;19.0
69040;2019;9.0;;;;;;;;18.0
69040;2020;10.0;;;;;;;;20.0
69040;2021;11.0;;;;;;;;21.0
69042;2014;;;;;;;;;
69042;2015;;;;;;;;;
69042;2016;;;;;;;;;
69042;2017;;;;;;;;;
69042;2018;;;;;;;;;
69042;2019;;;;;;;;;
69042;2020;;;;;;;;;
69042;2021;;;;;;;;;
69043;2014;5.0;;;;;;;;14.0
69043;2015;5.0;;;;;;;;14.0
69043;2016;5.0;;;;;;;;12.0
69043;2017;5.0;;;;;;;;14.0
69043;2018;5.0;;;;;;;;15.0
69043;2019;5.0;;;;;;;;15.0
69043;2020;5.0;;;;;;;;15.0
69043;2021;6.0;;;;;;;;16.0
69044;2014;5.0;;;;;;;;
69044;2015;5.0;;;;;;;;
69044;2016;5.0;;;;;;;;
69044;2017;5.0;;;;;;;;
69044;2018;5.0;;;;;;;;
69044;2019;5.0;;;;;;;;
69044;2020;5.0;;;;;;;;13.0
69044;2021;5.0;;;;;;;;
69045;2014;;;;;;;;;
69045;2015;;;;;;;;;
69045;2016;;;;;;;;;
69045;2017;;;;;;;;;
69045;2018;;;;;;;;;
69045;2019;;;;;;;;;
69045;2020;;;;;;;;;
69045;2021;;;;;;;;;
69046;2014;;;;;;;;;
69046;2015;;;;;;;;;
69046;2016;;;;;;;;;
69046;2017;;;;;;;;;
69046;2018;;;;;;;;;
69046;2019;;;;;;;;;
69046;2020;;;;;;;;;
69046;2021;;;;;;;;;
69047;2014;;;;;;;;;
69047;2015;;;;;;;;;
69047;2016;;;;;;;;;
69047;2017;;;;;;;;;
69047;2018;;;;;;;;;
69047;2019;;;;;;;;;
69047;2020;;;;;;;;;
69047;2021;;;;;;;;;
69049;2014;;;;;;;;;
69049;2015;;;;;;;;;
69049;2016;;;;;;;;;
69049;2017;;;;;;;;;
69049;2018;;;;;;;;;
69049;2019;;;;;;;;;
69049;2020;;;;;;;;;
69049;2021;;;;;;;;;
69050;2014;;;;;;;;;
69050;2015;;;;;;;;;
69050;2016;;;;;;;;;
69050;2017;;;;;;;;;
69050;2018;;;;;;;;;
69050;2019;;;;;;;;;
69050;2020;;;;;;;;;
69050;2021;;;;;;;;;
69051;2014;;;;;;;;;
69051;2015;;;;;;;;;
69051;2016;;;;;;;;;
69051;2017;;;;;;;;;
69051;2018;;;;;;;;;
69051;2019;;;;;;;;;
69051;2020;;;;;;;;;
69051;2021;;;;;;;;;
69052;2014;;;;;;;;;
69052;2015;;;;;;;;;
69052;2016;;;;;;;;;
69052;2017;;;;;;;;;
69052;2018;;;;;;;;;
69052;2019;;;;;;;;;
69052;2020;;;;;;;;;
69052;2021;;;;;;;;;
69053;2014;;;;;;;;;
69053;2015;;;;;;;;;
69053;2016;;;;;;;;;
69053;2017;;;;;;;;;
69053;2018;;;;;;;;;
69053;2019;;;;;;;;;
69053;2020;;;;;;;;;
69053;2021;;;;;;;;;
69054;2014;;;;;;;;;
69054;2015;;;;;;;;;
69054;2016;;;;;;;;;
69054;2017;;;;;;;;;
69054;2018;;;;;;;;;
69054;2019;;;;;;;;;
69054;2020;;;;;;;;;
69054;2021;;;;;;;;;
69055;2014;;;;;;;;;
69055;2015;;;;;;;;;
69055;2016;;;;;;;;;
69055;2017;;;;;;;;;
69055;2018;;;;;;;;;
69055;2019;;;;;;;;;
69055;2020;;;;;;;;;
69055;2021;;;;;;;;;
69056;2014;;;;;;;;;
69056;2015;;;;;;;;;
69056;2016;;;;;;;;;
69056;2017;;;;;;;;;
69056;2018;;;;;;;;;
69056;2019;;;;;;;;;
69056;2020;;;;;;;;;
69056;2021;;;;;;;;;
69057;2014;;;;;;;;;
69057;2015;;;;;;;;;
69057;2016;;;;;;;;;
69057;2017;;;;;;;;;
69057;2018;;;;;;;;;
69057;2019;;;;;;;;;
69057;2020;;;;;;;;;
69057;2021;;;;;;;;;
69058;2014;;;;;;;;;
69058;2015;;;;;;;;;
69058;2016;;;;;;;;;
69058;2017;;;;;;;;;
69058;2018;;;;;;;;;
69058;2019;;;;;;;;;
69058;2020;;;;;;;;;
69058;2021;;;;;;;;;
69059;2014;;;;;;;;;
69059;2015;;;;;;;;;
69059;2016;;;;;;;;;
69059;2017;;;;;;;;;
69059;2018;;;;;;;;;
69059;2019;;;;;;;;;
69059;2020;;;;;;;;;
69059;2021;;;;;;;;;
69060;2014;;;;;;;;;
69060;2015;;;;;;;;;
69060;2016;;;;;;;;;
69060;2017;;;;;;;;;
69060;2018;;;;;;;;;
69060;2019;;;;;;;;;
69060;2020;;;;;;;;;
69060;2021;;;;;;;;;
69061;2014;;;;;;;;;
69061;2015;;;;;;;;;
69061;2016;;;;;;;;;
69061;2017;;;;;;;;;
69061;2018;;;;;;;;;
69061;2019;;;;;;;;;
69061;2020;;;;;;;;;
69061;2021;;;;;;;;;
69062;2014;;;;;;;;;
69062;2015;;;;;;;;;
69062;2016;;;;;;;;;
69062;2017;;;;;;;;;
69062;2018;;;;;;;;;
69062;2019;;;;;;;;;
69062;2020;;;;;;;;;
69062;2021;;;;;;;;;
69063;2014;5.0;;;;;;;;
69063;2015;5.0;;;;;;;;
69063;2016;5.0;;;;;;;;
69063;2017;5.0;;;;;;;;
69063;2018;5.0;;;;;;;;
69063;2019;5.0;;;;;;;;
69063;2020;6.0;;;;;;;;
69063;2021;6.0;;;;;;;;
69064;2014;12.0;;;;;;;;22.0
69064;2015;10.0;;;;;;;;20.0
69064;2016;11.0;;;;;;;;21.0
69064;2017;10.0;;;;;;;;20.0
69064;2018;11.0;;;;;;;;23.0
69064;2019;11.0;;;;;;;;22.0
69064;2020;11.0;;;;;;;;21.0
69064;2021;12.0;;;;;;;;22.0
69065;2014;;;;;;;;;
69065;2015;;;;;;;;;
69065;2016;;;;;;;;;
69065;2017;;;;;;;;;
69065;2018;;;;;;;;;
69065;2019;;;;;;;;;
69065;2020;;;;;;;;;
69065;2021;;;;;;;;;
69066;2014;13.0;;;;;;;;25.0
69066;2015;12.0;;;;;;;7.0;22.0
69066;2016;11.0;;;;;;;;22.0
69066;2017;11.0;;;;;;;;23.0
69066;2018;13.0;;;;;;;;28.0
69066;2019;13.0;;;;;;;;25.0
69066;2020;15.0;;;;;;;;32.0
69066;2021;16.0;;;;;;;8.0;34.0
69067;2014;;;;;;;;;
69067;2015;;;;;;;;;
69067;2016;;;;;;;;;
69067;2017;;;;;;;;;
69067;2018;;;;;;;;;
69067;2019;;;;;;;;;
69067;2020;;;;;;;;;
69067;2021;;;;;;;;;
69068;2014;;;;;;;;;
69068;2015;9.0;;;;;;;;
69068;2016;9.0;;;;;;;;
69068;2017;;;;;;;;;
69068;2018;9.0;;;;;;;;
69068;2019;;;;;;;;;
69068;2020;9.0;;;;;;;;
69068;2021;9.0;;;;;;;;
69069;2014;7.0;;;8.0;;;;;13.0
69069;2015;7.0;;;8.0;;;;;14.0
69069;2016;7.0;;;7.0;;;;;14.0
69069;2017;7.0;;;9.0;;;;;15.0
69069;2018;7.0;;;9.0;;;;;17.0
69069;2019;7.0;;;11.0;;;;;16.0
69069;2020;8.0;;10.0;9.0;;;;5.0;16.0
69069;2021;8.0;;10.0;9.0;;;;;17.0
69070;2014;;;;;;;;;
69070;2015;;;;;;;;;
69070;2016;;;;;;;;;
69070;2017;;;;;;;;;
69070;2018;;;;;;;;;
69070;2019;;;;;;;;;
69070;2020;;;;;;;;;
69070;2021;;;;;;;;;
69071;2014;;;;;;;;;
69071;2015;;;;;;;;;
69071;2016;;;;;;;;;
69071;2017;;;;;;;;;
69071;2018;;;;;;;;;
69071;2019;;;;;;;;;
69071;2020;;;;;;;;;
69071;2021;;;;;;;;;
69072;2014;5.0;;;;;;;;14.0
69072;2015;6.0;;;;;;;;14.0
69072;2016;5.0;;;;;;;;12.0
69072;2017;5.0;;;;;;;;14.0
69072;2018;6.0;;;;;;;;17.0
69072;2019;7.0;;;;;;;;18.0
69072;2020;7.0;;;;;;;;18.0
69072;2021;7.0;;;;;;;;18.0
69074;2014;;;;;;;;;
69074;2015;;;;;;;;;
69074;2016;;;;;;;;;
69074;2017;;;;;;;;;
69074;2018;;;;;;;;;
69074;2019;;;;;;;;;
69074;2020;;;;;;;;;
69074;2021;;;;;;;;;
69075;2014;;;;;;;;;
69075;2015;;;;;;;;;
69075;2016;;;;;;;;;
69075;2017;;;;;;;;;
69075;2018;;;;;;;;;
69075;2019;;;;;;;;;
69075;2020;;;;;;;;;
69075;2021;;;;;;;;;
69076;2014;;;;;;;;;
69076;2015;;;;;;;;;
69076;2016;;;;;;;;;
69076;2017;;;;;;;;;
69076;2018;;;;;;;;;
69076;2019;;;;;;;;;
69076;2020;;;;;;;;;
69076;2021;;;;;;;;;
69077;2014;;;;;;;;;
69077;2015;;;;;;;;;
69077;2016;;;;;;;;;
69077;2017;;;;;;;;;
69077;2018;;;;;;;;;
69077;2019;;;;;;;;;
69077;2020;;;;;;;;;
69077;2021;;;;;;;;;
69078;2014;;;;;;;;;
69078;2015;;;;;;;;;
69078;2016;;;;;;;;;
69078;2017;;;;;;;;;
69078;2018;;;;;;;;;
69078;2019;;;;;;;;;
69078;2020;;;;;;;;;
69078;2021;;;;;;;;;
69080;2014;;;;;;;;;
69080;2015;;;;;;;;;
69080;2016;;;;;;;;;
69080;2017;;;;;;;;;
69080;2018;;;;;;;;;
69080;2019;;;;;;;;;
69080;2020;;;;;;;;;
69080;2021;;;;;;;;;
69081;2014;10.0;;16.0;10.0;10.0;;;5.0;19.0
69081;2015;10.0;;16.0;11.0;10.0;;;5.0;20.0
69081;2016;9.0;;12.0;12.0;10.0;;;5.0;19.0
69081;2017;10.0;;15.0;11.0;11.0;;;5.0;20.0
69081;2018;11.0;;18.0;11.0;12.0;;;5.0;21.0
69081;2019;11.0;28.0;17.0;11.0;12.0;6.0;;5.0;22.0
69081;2020;11.0;29.0;18.0;12.0;12.0;;;5.0;22.0
69081;2021;12.0;;18.0;14.0;11.0;7.0;;5.0;24.0
69082;2014;;;;;;;;;
69082;2015;;;;;;;;;
69082;2016;;;;;;;;;
69082;2017;;;;;;;;;
69082;2018;;;;;;;;;
69082;2019;;;;;;;;;
69082;2020;;;;;;;;;
69082;2021;;;;;;;;;
69083;2014;;;;;;;;;
69083;2015;;;;;;;;;
69083;2016;;;;;;;;;
69083;2017;;;;;;;;;
69083;2018;;;;;;;;;
69083;2019;;;;;;;;;
69083;2020;;;;;;;;;
69083;2021;;;;;;;;;
69084;2014;;;;;;;;;
69084;2015;;;;;;;;;
69084;2016;;;;;;;;;
69084;2017;;;;;;;;;
69084;2018;;;;;;;;;
69084;2019;;;;;;;;;
69084;2020;;;;;;;;;
69084;2021;;;;;;;;;
69085;2014;;;;;;;;;
69085;2015;;;;;;;;;
69085;2016;;;;;;;;;
69085;2017;;;;;;;;;
69085;2018;;;;;;;;;
69085;2019;;;;;;;;;
69085;2020;;;;;;;;;
69085;2021;;;;;;;;;
69086;2014;;;;;;;;;
69086;2015;;;;;;;;;
69086;2016;;;;;;;;;
69086;2017;;;;;;;;;
69086;2018;;;;;;;;;
69086;2019;;;;;;;;;
69086;2020;;;;;;;;;
69086;2021;;;;;;;;;
69087;2014;;;;;;;;;
69087;2015;;;;;;;;;
69087;2016;;;;;;;;;
69087;2017;;;;;;;;;
69087;2018;;;;;;;;;
69087;2019;;;;;;;;;
69087;2020;;;;;;;;;
69087;2021;;;;;;;;;
69088;2014;11.0;;17.0;14.0;;;;;20.0
69088;2015;11.0;;16.0;12.0;;;;;21.0
69088;2016;11.0;;14.0;14.0;;;;;20.0
69088;2017;11.0;;;15.0;;;;;20.0
69088;2018;11.0;;;14.0;;;;;21.0
69088;2019;10.0;;;12.0;;;;;18.0
69088;2020;10.0;;15.0;13.0;;;;;19.0
69088;2021;11.0;;;14.0;;;;;21.0
69089;2014;7.0;;9.0;8.0;;;;5.0;15.0
69089;2015;7.0;;10.0;8.0;;;;;16.0
69089;2016;7.0;;12.0;8.0;;;;;17.0
69089;2017;7.0;;11.0;8.0;;;;5.0;16.0
69089;2018;7.0;;10.0;7.0;;;;;16.0
69089;2019;7.0;;10.0;8.0;7.0;;;;17.0
69089;2020;7.0;;9.0;8.0;7.0;;;;16.0
69089;2021;8.0;;11.0;11.0;;;;5.0;19.0
69090;2014;;;;;;;;;
69090;2015;;;;;;;;;
69090;2016;;;;;;;;;
69090;2017;;;;;;;;;
69090;2018;;;;;;;;;
69090;2019;;;;;;;;;
69090;2020;;;;;;;;;
69090;2021;;;;;;;;;
69091;2014;27.0;35.0;32.0;33.0;25.0;16.0;14.0;7.0;41.0
69091;2015;28.0;37.0;33.0;34.0;28.0;16.0;14.0;8.0;42.0
69091;2016;27.0;33.0;33.0;34.0;27.0;15.0;15.0;7.0;42.0
69091;2017;28.0;35.0;35.0;34.0;29.0;16.0;14.0;8.0;43.0
69091;2018;29.0;35.0;36.0;34.0;30.0;17.0;15.0;8.0;44.0
69091;2019;30.0;37.0;38.0;34.0;30.0;18.0;15.0;9.0;45.0
69091;2020;29.0;34.0;34.0;34.0;31.0;17.0;16.0;8.0;44.0
69091;2021;30.0;36.0;32.0;34.0;33.0;19.0;17.0;9.0;45.0
69092;2014;14.0;;18.0;17.0;;;;5.0;26.0
69092;2015;14.0;;21.0;17.0;;;;5.0;27.0
69092;2016;14.0;;22.0;16.0;;;;;27.0
69092;2017;13.0;;20.0;16.0;;;;;25.0
69092;2018;14.0;;25.0;18.0;;;;;29.0
69092;2019;13.0;;22.0;17.0;14.0;;;;29.0
69092;2020;13.0;;22.0;15.0;13.0;;;;28.0
69092;2021;14.0;;19.0;17.0;16.0;;;;32.0
69093;2014;;;;;;;;;
69093;2015;;;;;;;;;
69093;2016;;;;;;;;;
69093;2017;;;;;;;;;
69093;2018;;;;;;;;;
69093;2019;;;;;;;;;
69093;2020;;;;;;;;;
69093;2021;;;;;;;;;
69094;2014;5.0;;;;;;;;
69094;2015;5.0;;;;;;;;
69094;2016;5.0;;;;;;;;11.0
69094;2017;6.0;;;;;;;;13.0
69094;2018;6.0;;;;;;;;13.0
69094;2019;7.0;;;;;;;;15.0
69094;2020;6.0;;;;;;;;13.0
69094;2021;7.0;;;;;;;;15.0
69095;2014;;;;;;;;;
69095;2015;;;;;;;;;
69095;2016;;;;;;;;;
69095;2017;;;;;;;;;
69095;2018;;;;;;;;;
69095;2019;;;;;;;;;
69095;2020;;;;;;;;;
69095;2021;;;;;;;;;
69096;2014;15.0;;17.0;21.0;;;;6.0;27.0
69096;2015;15.0;;18.0;18.0;15.0;;;6.0;27.0
69096;2016;16.0;;17.0;19.0;15.0;;;6.0;27.0
69096;2017;15.0;;15.0;17.0;19.0;;;7.0;26.0
69096;2018;15.0;;16.0;17.0;16.0;;;6.0;28.0
69096;2019;15.0;;17.0;18.0;15.0;;;6.0;29.0
69096;2020;15.0;;17.0;14.0;16.0;;;5.0;28.0
69096;2021;17.0;;19.0;18.0;17.0;;;5.0;33.0
69097;2014;;;;;;;;;
69097;2015;;;;;;;;;
69097;2016;;;;;;;;;
69097;2017;;;;;;;;;
69097;2018;;;;;;;;;
69097;2019;;;;;;;;;
69097;2020;;;;;;;;;
69097;2021;;;;;;;;;
69098;2014;;;;;;;;;
69098;2015;;;;;;;;;
69098;2016;;;;;;;;;
69098;2017;;;;;;;;;
69098;2018;;;;;;;;;
69098;2019;;;;;;;;;
69098;2020;;;;;;;;;
69098;2021;;;;;;;;;
69099;2014;;;;;;;;;
69099;2015;;;;;;;;;
69099;2016;;;;;;;;;
69099;2017;;;;;;;;;
69099;2018;;;;;;;;;
69099;2019;;;;;;;;;
69099;2020;;;;;;;;;
69099;2021;;;;;;;;;
69100;2014;10.0;;;12.0;;;;6.0;17.0
69100;2015;10.0;;13.0;10.0;12.0;;;6.0;17.0
69100;2016;11.0;;14.0;10.0;15.0;;;6.0;21.0
69100;2017;11.0;;13.0;12.0;14.0;;;6.0;22.0
69100;2018;11.0;;14.0;11.0;12.0;;;5.0;21.0
69100;2019;11.0;;15.0;13.0;12.0;;;5.0;23.0
69100;2020;11.0;;15.0;12.0;11.0;;;5.0;23.0
69100;2021;12.0;;14.0;15.0;13.0;;;5.0;25.0
69102;2014;;;;;;;;;
69102;2015;;;;;;;;;
69102;2016;;;;;;;;;
69102;2017;;;;;;;;;
69102;2018;;;;;;;;;
69102;2019;;;;;;;;;
69102;2020;;;;;;;;;
69102;2021;;;;;;;;;
69103;2014;;;;;;;;;
69103;2015;;;;;;;;;
69103;2016;;;;;;;;;
69103;2017;;;;;;;;;
69103;2018;;;;;;;;;
69103;2019;;;;;;;;;
69103;2020;;;;;;;;;
69103;2021;;;;;;;;;
69104;2014;;;;;;;;;
69104;2015;;;;;;;;;
69104;2016;;;;;;;;;
69104;2017;;;;;;;;;
69104;2018;;;;;;;;;
69104;2019;;;;;;;;;
69104;2020;;;;;;;;;
69104;2021;;;;;;;;;
69105;2014;;;;;;;;;
69105;2015;;;;;;;;;
69105;2016;;;;;;;;;
69105;2017;;;;;;;;;
69105;2018;;;;;;;;;
69105;2019;;;;;;;;;
69105;2020;;;;;;;;;
69105;2021;;;;;;;;;
69106;2014;;;;;;;;;
69106;2015;;;;;;;;;
69106;2016;;;;;;;;;
69106;2017;;;;;;;;;
69106;2018;;;;;;;;;
69106;2019;;;;;;;;;
69106;2020;;;;;;;;;
69106;2021;;;;;;;;;
69107;2014;;;;;;;;;
69107;2015;;;;;;;;;
69107;2016;;;;;;;;;
69107;2017;;;;;;;;;
69107;2018;;;;;;;;;
69107;2019;;;;;;;;;
69107;2020;;;;;;;;;
69107;2021;;;;;;;;;
69108;2014;;;;;;;;;
69108;2015;;;;;;;;;
69108;2016;;;;;;;;;
69108;2017;;;;;;;;;
69108;2018;;;;;;;;;
69108;2019;;;;;;;;;
69108;2020;;;;;;;;;
69108;2021;;;;;;;;;
69109;2014;;;;;;;;;
69109;2015;;;;;;;;;
69109;2016;;;;;;;;;
69109;2017;;;;;;;;;
69109;2018;;;;;;;;;
69109;2019;;;;;;;;;
69109;2020;;;;;;;;;
69109;2021;;;;;;;;;
69110;2014;;;;;;;;;
69110;2015;;;;;;;;;
69110;2016;;;;;;;;;
69110;2017;;;;;;;;;
69110;2018;;;;;;;;;
69110;2019;;;;;;;;;
69110;2020;;;;;;;;;
69110;2021;;;;;;;;;
69111;2014;;;;;;;;;
69111;2015;;;;;;;;;
69111;2016;;;;;;;;;
69111;2017;;;;;;;;;
69111;2018;;;;;;;;;
69111;2019;;;;;;;;;
69111;2020;;;;;;;;;
69111;2021;;;;;;;;;
69112;2014;5.0;;;;;;;;
69112;2015;5.0;;;;;;;;
69112;2016;5.0;;;;;;;;
69112;2017;5.0;;;;;;;;
69112;2018;5.0;;;;;;;;
69112;2019;5.0;;;;;;;;
69112;2020;5.0;;;;;;;;12.0
69112;2021;5.0;;;;;;;;14.0
69113;2014;;;;;;;;;
69113;2015;;;;;;;;;
69113;2016;;;;;;;;;
69113;2017;;;;;;;;;
69113;2018;;;;;;;;;
69113;2019;;;;;;;;;
69113;2020;;;;;;;;;
69113;2021;;;;;;;;;
69114;2014;;;;;;;;;
69114;2015;;;;;;;;;
69115;2014;11.0;;;;;;;;27.0
69115;2015;12.0;;;;;;;;28.0
69115;2016;12.0;;;;;;;;28.0
69115;2017;11.0;;;;;;;;28.0
69115;2018;12.0;;;;;;;;28.0
69115;2019;11.0;;;;;;;;27.0
69115;2020;11.0;;;16.0;;;;;27.0
69115;2021;13.0;;;20.0;;;;;31.0
69116;2014;;;;;;;;;
69116;2015;;;;;;;;;
69116;2016;;;;;;;;;
69116;2017;;;;;;;;;
69116;2018;;;;;;;;;
69116;2019;6.0;;;;;;;;
69116;2020;7.0;;;;;;;;
69116;2021;7.0;;;;;;;;
69117;2014;;;;;;;;;
69117;2015;;;;;;;;;
69117;2016;;;;;;;;;
69117;2017;;;;;;;;;
69117;2018;;;;;;;;;
69117;2019;;;;;;;;;
69117;2020;;;;;;;;;
69117;2021;;;;;;;;;
69118;2014;;;;;;;;;
69118;2015;;;;;;;;;
69118;2016;;;;;;;;;
69118;2017;;;;;;;;;
69118;2018;;;;;;;;;
69118;2019;8.0;;;;;;;;
69118;2020;;;;;;;;;
69118;2021;;;;;;;;;
69119;2014;;;;;;;;;
69119;2015;;;;;;;;;
69119;2016;;;;;;;;;
69119;2017;;;;;;;;;
69119;2018;;;;;;;;;
69119;2019;;;;;;;;;
69119;2020;;;;;;;;;
69119;2021;;;;;;;;;
69120;2014;;;;;;;;;
69120;2015;;;;;;;;;
69120;2016;;;;;;;;;
69120;2017;;;;;;;;;
69120;2018;;;;;;;;;
69120;2019;;;;;;;;;
69120;2020;;;;;;;;;
69120;2021;;;;;;;;;
69121;2014;;;;;;;;;
69121;2015;;;;;;;;;
69121;2016;;;;;;;;;
69121;2017;;;;;;;;;
69121;2018;;;;;;;;;
69121;2019;;;;;;;;;
69121;2020;7.0;;;;;;;;
69121;2021;;;;;;;;;
69122;2014;;;;;;;;;
69122;2015;;;;;;;;;
69122;2016;;;;;;;;;
69122;2017;;;;;;;;;
69122;2018;;;;;;;;;
69122;2019;;;;;;;;;
69122;2020;;;;;;;;;
69122;2021;;;;;;;;;
69123;2014;15.0;22.0;14.0;16.0;14.0;10.0;7.0;5.0;22.0
69123;2015;15.0;22.0;14.0;17.0;15.0;10.0;7.0;5.0;22.0
69123;2016;15.0;21.0;13.0;17.0;16.0;10.0;7.0;5.0;22.0
69123;2017;15.0;22.0;13.0;17.0;15.0;10.0;8.0;5.0;22.0
69123;2018;15.0;22.0;14.0;17.0;16.0;11.0;9.0;5.0;23.0
69123;2019;15.0;23.0;14.0;16.0;16.0;11.0;9.0;5.0;23.0
69123;2020;15.0;23.0;14.0;16.0;16.0;11.0;9.0;5.0;23.0
69123;2021;16.0;23.0;14.0;17.0;16.0;13.0;10.0;5.0;24.0
69124;2014;;;;;;;;;
69124;2015;;;;;;;;;
69124;2016;;;;;;;;;
69124;2017;;;;;;;;;
69124;2018;;;;;;;;;
69124;2019;;;;;;;;;
69124;2020;;;;;;;;;
69124;2021;;;;;;;;;
69125;2014;;;;;;;;;
69125;2015;;;;;;;;;
69125;2016;;;;;;;;;
69125;2017;;;;;;;;;
69125;2018;;;;;;;;;
69125;2019;;;;;;;;;
69125;2020;;;;;;;;;
69125;2021;;;;;;;;;
69126;2014;;;;;;;;;
69126;2015;;;;;;;;;
69126;2016;;;;;;;;;
69126;2017;;;;;;;;;
69126;2018;;;;;;;;;
69126;2019;;;;;;;;;
69126;2020;;;;;;;;;
69126;2021;;;;;;;;;
69127;2014;7.0;;;;;;;;
69127;2015;;;;;;;;;
69127;2016;;;;;;;;;
69127;2017;;;;;;;;;
69127;2018;;;;;;;;;
69127;2019;7.0;;;;;;;;
69127;2020;7.0;;;;;;;;
69127;2021;7.0;;;;;;;;18.0
69130;2014;;;;;;;;;
69130;2015;;;;;;;;;
69130;2016;;;;;;;;;
69130;2017;;;;;;;;;
69130;2018;;;;;;;;;
69130;2019;;;;;;;;;
69130;2020;;;;;;;;;
69130;2021;;;;;;;;;
69131;2014;;;;;;;;;
69131;2015;;;;;;;;;
69131;2016;;;;;;;;;
69131;2017;;;;;;;;;
69131;2018;;;;;;;;;
69131;2019;;;;;;;;;
69131;2020;;;;;;;;;
69131;2021;;;;;;;;;
69132;2014;;;;;;;;;
69132;2015;;;;;;;;;
69132;2016;;;;;;;;;
69132;2017;;;;;;;;;
69132;2018;;;;;;;;;
69132;2019;;;;;;;;;
69132;2020;;;;;;;;;
69132;2021;;;;;;;;;
69133;2014;;;;;;;;;
69133;2015;;;;;;;;;
69133;2016;;;;;;;;;
69133;2017;;;;;;;;;
69133;2018;5.0;;;;;;;;
69133;2019;;;;;;;;;
69133;2020;;;;;;;;;
69133;2021;;;;;;;;;
69134;2014;;;;;;;;;
69134;2015;;;;;;;;;
69134;2016;;;;;;;;;
69134;2017;;;;;;;;;
69134;2018;;;;;;;;;
69134;2019;;;;;;;;;
69134;2020;;;;;;;;;
69134;2021;;;;;;;;;
69135;2014;;;;;;;;;
69135;2015;;;;;;;;;
69135;2016;;;;;;;;;
69135;2017;;;;;;;;;
69135;2018;;;;;;;;;
69135;2019;;;;;;;;;
69135;2020;;;;;;;;;
69135;2021;;;;;;;;;
69136;2014;;;;;;;;;
69136;2015;;;;;;;;;
69136;2016;;;;;;;;;
69136;2017;;;;;;;;;
69136;2018;;;;;;;;;
69136;2019;6.0;;;;;;;;
69136;2020;;;;;;;;;
69136;2021;;;;;;;;;
69137;2014;;;;;;;;;
69137;2015;;;;;;;;;
69137;2016;;;;;;;;;
69137;2017;;;;;;;;;
69137;2018;;;;;;;;;
69137;2019;;;;;;;;;
69137;2020;;;;;;;;;
69137;2021;;;;;;;;;
69138;2014;;;;;;;;;
69138;2015;;;;;;;;;
69138;2016;;;;;;;;;
69138;2017;;;;;;;;;
69138;2018;;;;;;;;;
69138;2019;;;;;;;;;
69138;2020;;;;;;;;;
69138;2021;;;;;;;;;
69139;2014;;;;;;;;;
69139;2015;;;;;;;;;
69139;2016;;;;;;;;;
69139;2017;;;;;;;;;
69139;2018;;;;;;;;;
69139;2019;;;;;;;;;
69139;2020;;;;;;;;;
69139;2021;;;;;;;;;
69140;2014;;;;;;;;;
69140;2015;;;;;;;;;
69140;2016;;;;;;;;;
69140;2017;;;;;;;;;
69140;2018;;;;;;;;;
69140;2019;;;;;;;;;
69140;2020;;;;;;;;;
69140;2021;;;;;;;;;
69141;2014;5.0;;;;;;;;
69141;2015;6.0;;;;;;;;
69141;2016;5.0;;;;;;;;
69141;2017;6.0;;;;;;;;
69141;2018;6.0;;;;;;;;13.0
69141;2019;6.0;;;;;;;;12.0
69141;2020;5.0;;;;;;;;12.0
69141;2021;6.0;;;;;;;;13.0
69142;2014;18.0;;23.0;23.0;;;;;32.0
69142;2015;20.0;;25.0;26.0;;15.0;;6.0;34.0
69142;2016;18.0;;23.0;24.0;;;;;33.0
69142;2017;18.0;;20.0;23.0;18.0;;;;33.0
69142;2018;19.0;;23.0;22.0;17.0;;;;34.0
69142;2019;19.0;;22.0;22.0;18.0;;;;34.0
69142;2020;18.0;;23.0;20.0;19.0;;;;33.0
69142;2021;19.0;;20.0;24.0;18.0;;;;35.0
69143;2014;13.0;;16.0;17.0;;;;;21.0
69143;2015;14.0;;;18.0;15.0;;;;22.0
69143;2016;14.0;;16.0;18.0;14.0;;;;22.0
69143;2017;13.0;;;17.0;;;;;21.0
69143;2018;13.0;;;17.0;;;;;21.0
69143;2019;13.0;;;16.0;16.0;;;;22.0
69143;2020;14.0;;16.0;16.0;;;;;22.0
69143;2021;15.0;;20.0;19.0;;;;;24.0
69145;2014;;;;;;;;;
69145;2015;;;;;;;;;
69145;2016;;;;;;;;;
69145;2017;;;;;;;;;
69145;2018;;;;;;;;;
69145;2019;;;;;;;;;
69145;2020;;;;;;;;;
69145;2021;;;;;;;;;
69148;2014;;;;;;;;;
69148;2015;;;;;;;;;
69148;2016;;;;;;;;;
69148;2017;;;;;;;;;
69148;2018;;;;;;;;;
69148;2019;;;;;;;;;
69148;2020;;;;;;;;;
69148;2021;;;;;;;;;
69149;2014;14.0;19.0;15.0;18.0;13.0;9.0;;5.0;24.0
69149;2015;14.0;18.0;13.0;18.0;14.0;9.0;;5.0;24.0
69149;2016;14.0;19.0;15.0;18.0;14.0;9.0;;5.0;25.0
69149;2017;13.0;20.0;13.0;16.0;15.0;9.0;;5.0;24.0
69149;2018;13.0;19.0;14.0;17.0;14.0;9.0;;5.0;25.0
69149;2019;13.0;18.0;13.0;15.0;15.0;9.0;;5.0;24.0
69149;2020;13.0;19.0;13.0;14.0;15.0;9.0;;5.0;23.0
69149;2021;14.0;22.0;13.0;15.0;16.0;11.0;8.0;5.0;26.0
69151;2014;;;;;;;;;
69151;2015;;;;;;;;;
69151;2016;;;;;;;;;
69151;2017;;;;;;;;;
69151;2018;;;;;;;;;
69151;2019;;;;;;;;;
69151;2020;;;;;;;;;
69151;2021;;;;;;;;;
69153;2014;;;;;;;;;
69153;2015;;;;;;;;;
69153;2016;;;;;;;;;
69153;2017;;;;;;;;;
69153;2018;;;;;;;;;
69153;2019;;;;;;;;;
69153;2020;;;;;;;;;
69153;2021;;;;;;;;;
69154;2014;;;;;;;;;
69154;2015;;;;;;;;;
69154;2016;;;;;;;;;
69154;2017;;;;;;;;;
69154;2018;;;;;;;;;
69154;2019;;;;;;;;;
69154;2020;;;;;;;;;
69154;2021;;;;;;;;;
69155;2014;;;;;;;;;
69155;2015;;;;;;;;;
69155;2016;;;;;;;;;
69155;2017;;;;;;;;;
69155;2018;;;;;;;;;
69155;2019;;;;;;;;;
69155;2020;;;;;;;;;
69155;2021;;;;;;;;;
69156;2014;;;;;;;;;
69156;2015;;;;;;;;;
69156;2016;;;;;;;;;
69156;2017;;;;;;;;;
69156;2018;;;;;;;;;
69156;2019;;;;;;;;;
69156;2020;;;;;;;;;
69156;2021;;;;;;;;;
69157;2014;;;;;;;;;
69157;2015;;;;;;;;;
69157;2016;5.0;;;;;;;;
69157;2017;5.0;;;;;;;;
69157;2018;5.0;;;;;;;;
69157;2019;5.0;;;;;;;;
69157;2020;5.0;;;;;;;;
69157;2021;6.0;;;;;;;;
69160;2014;;;;;;;;;
69160;2015;;;;;;;;;
69160;2016;;;;;;;;;
69160;2017;;;;;;;;;
69160;2018;;;;;;;;;
69160;2019;;;;;;;;;
69160;2020;;;;;;;;;
69160;2021;;;;;;;;;
69161;2014;;;;;;;;;
69161;2015;;;;;;;;;
69161;2016;;;;;;;;;
69161;2017;;;;;;;;;
69161;2018;;;;;;;;;
69161;2019;;;;;;;;;
69161;2020;;;;;;;;;
69161;2021;;;;;;;;;
69162;2014;;;;;;;;;
69162;2015;;;;;;;;;
69162;2016;;;;;;;;;
69162;2017;;;;;;;;;
69162;2018;;;;;;;;;
69162;2019;;;;;;;;;
69162;2020;;;;;;;;;
69162;2021;;;;;;;;;
69163;2014;;;;;;;;;
69163;2015;6.0;;;;;;;;
69163;2016;;;;;;;;;
69163;2017;;;;;;;;;
69163;2018;;;;;;;;;
69163;2019;;;;;;;;;
69163;2020;;;;;;;;;
69163;2021;;;;;;;;;
69164;2014;;;;;;;;;
69164;2015;;;;;;;;;
69164;2016;;;;;;;;;
69164;2017;;;;;;;;;
69164;2018;;;;;;;;;
69164;2019;;;;;;;;;
69164;2020;;;;;;;;;
69164;2021;;;;;;;;;
69165;2014;;;;;;;;;
69165;2015;;;;;;;;;
69165;2016;;;;;;;;;
69165;2017;;;;;;;;;
69165;2018;;;;;;;;;
69165;2019;;;;;;;;;
69165;2020;;;;;;;;;
69165;2021;;;;;;;;;
69166;2014;;;;;;;;;
69166;2015;;;;;;;;;
69166;2016;;;;;;;;;
69166;2017;;;;;;;;;
69166;2018;;;;;;;;;
69166;2019;;;;;;;;;
69166;2020;;;;;;;;;
69166;2021;;;;;;;;;
69167;2014;;;;;;;;;
69167;2015;;;;;;;;;
69167;2016;;;;;;;;;
69167;2017;;;;;;;;;
69167;2018;;;;;;;;;
69167;2019;;;;;;;;;
69167;2020;;;;;;;;;
69167;2021;;;;;;;;;
69168;2014;;;;;;;;;
69168;2015;;;;;;;;;
69168;2016;;;;;;;;;
69168;2017;;;;;;;;;
69168;2018;;;;;;;;;
69168;2019;;;;;;;;;
69168;2020;;;;;;;;;
69168;2021;;;;;;;;;
69169;2014;;;;;;;;;
69169;2015;;;;;;;;;
69169;2016;;;;;;;;;
69169;2017;;;;;;;;;
69169;2018;;;;;;;;;
69169;2019;;;;;;;;;
69169;2020;;;;;;;;;
69169;2021;;;;;;;;;
69170;2014;;;;;;;;;
69170;2015;;;;;;;;;
69170;2016;;;;;;;;;
69170;2017;;;;;;;;;
69170;2018;;;;;;;;;
69170;2019;;;;;;;;;
69170;2020;;;;;;;;;
69170;2021;;;;;;;;;
69171;2014;9.0;;;;;;;;
69171;2015;10.0;;;;;;;;
69171;2016;9.0;;;;;;;;
69171;2017;10.0;;;;;;;;
69171;2018;9.0;;;;;;;;
69171;2019;;;;;;;;;
69171;2020;8.0;;;;;;;;
69171;2021;10.0;;;;;;;;24.0
69172;2014;;;;;;;;;
69172;2015;;;;;;;;;
69172;2016;;;;;;;;;
69172;2017;;;;;;;;;
69172;2018;;;;;;;;;
69172;2019;;;;;;;;;
69172;2020;;;;;;;;;
69172;2021;;;;;;;;;
69173;2014;;;;;;;;;
69173;2015;;;;;;;;;
69173;2016;;;;;;;;;
69173;2017;;;;;;;;;
69173;2018;;;;;;;;;
69173;2019;;;;;;;;;
69173;2020;;;;;;;;;
69173;2021;;;;;;;;;
69174;2014;;;;;;;;;
69174;2015;;;;;;;;;
69174;2016;;;;;;;;;
69174;2017;;;;;;;;;
69174;2018;;;;;;;;;
69174;2019;;;;;;;;;
69174;2020;;;;;;;;;
69174;2021;;;;;;;;;
69175;2014;;;;;;;;;
69175;2015;;;;;;;;;
69175;2016;;;;;;;;;
69175;2017;;;;;;;;;
69175;2018;;;;;;;;;
69175;2019;;;;;;;;;
69175;2020;;;;;;;;;
69175;2021;;;;;;;;;
69176;2014;5.0;;;;;;;;
69176;2015;6.0;;;;;;;;
69176;2016;5.0;;;;;;;;
69176;2017;5.0;;;;;;;;
69176;2018;5.0;;;;;;;;
69176;2019;5.0;;;;;;;;
69176;2020;5.0;;;;;;;;
69176;2021;;;;;;;;;
69177;2014;;;;;;;;;
69177;2015;;;;;;;;;
69177;2016;;;;;;;;;
69177;2017;;;;;;;;;
69177;2018;;;;;;;;;
69177;2019;;;;;;;;;
69177;2020;;;;;;;;;
69177;2021;;;;;;;;;
69178;2014;;;;;;;;;
69178;2015;;;;;;;;;
69178;2016;;;;;;;;;
69178;2017;;;;;;;;;
69178;2018;;;;;;;;;
69178;2019;;;;;;;;;
69178;2020;;;;;;;;;
69178;2021;;;;;;;;;
69179;2014;;;;;;;;;
69179;2015;;;;;;;;;
69179;2016;;;;;;;;;
69179;2017;5.0;;;;;;;;
69179;2018;;;;;;;;;
69179;2019;;;;;;;;;
69179;2020;;;;;;;;;
69179;2021;;;;;;;;;
69180;2014;;;;;;;;;
69180;2015;;;;;;;;;
69180;2016;;;;;;;;;
69180;2017;;;;;;;;;
69180;2018;;;;;;;;;
69180;2019;;;;;;;;;
69180;2020;;;;;;;;;
69180;2021;;;;;;;;;
69181;2014;;;;;;;;;
69181;2015;;;;;;;;;
69181;2016;;;;;;;;;
69181;2017;;;;;;;;;
69181;2018;;;;;;;;;
69181;2019;;;;;;;;;
69181;2020;;;;;;;;;
69181;2021;;;;;;;;;
69182;2014;;;;;;;;;
69182;2015;;;;;;;;;
69182;2016;;;;;;;;;
69182;2017;;;;;;;;;
69182;2018;;;;;;;;;
69182;2019;;;;;;;;;
69182;2020;;;;;;;;;
69182;2021;;;;;;;;;
69183;2014;;;;;;;;;
69183;2015;;;;;;;;;
69183;2016;;;;;;;;;
69183;2017;;;;;;;;;
69183;2018;;;;;;;;;
69183;2019;;;;;;;;;
69183;2020;;;;;;;;;
69183;2021;;;;;;;;;
69184;2014;;;;;;;;;
69184;2015;;;;;;;;;
69184;2016;;;;;;;;;
69184;2017;;;;;;;;;
69184;2018;;;;;;;;;
69184;2019;;;;;;;;;
69184;2020;;;;;;;;;
69184;2021;;;;;;;;;
69186;2014;;;;;;;;;
69186;2015;;;;;;;;;
69186;2016;;;;;;;;;
69186;2017;;;;;;;;;
69186;2018;;;;;;;;;
69186;2019;;;;;;;;;
69186;2020;;;;;;;;;
69186;2021;;;;;;;;;
69187;2014;;;;;;;;;
69187;2015;;;;;;;;;
69187;2016;;;;;;;;;
69187;2017;;;;;;;;;
69187;2018;;;;;;;;;
69187;2019;;;;;;;;;
69187;2020;;;;;;;;;
69187;2021;;;;;;;;;
69188;2014;;;;;;;;;
69188;2015;;;;;;;;;
69188;2016;;;;;;;;;
69188;2017;;;;;;;;;
69188;2018;;;;;;;;;
69188;2019;;;;;;;;;
69188;2020;;;;;;;;;
69188;2021;;;;;;;;;
69189;2014;;;;;;;;;
69189;2015;;;;;;;;;
69189;2016;;;;;;;;;
69189;2017;;;;;;;;;
69189;2018;;;;;;;;;
69189;2019;11.0;;;;;;;;
69189;2020;11.0;;;;;;;;
69189;2021;12.0;;;;;;;;
69190;2014;;;;;;;;;
69190;2015;;;;;;;;;
69190;2016;;;;;;;;;
69190;2017;;;;;;;;;
69190;2018;;;;;;;;;
69190;2019;;;;;;;;;
69190;2020;;;;;;;;;
69190;2021;;;;;;;;;
69191;2014;5.0;;;;;;;;
69191;2015;5.0;;;;;;;;17.0
69191;2016;6.0;;;;;;;;18.0
69191;2017;6.0;;;;;;;;18.0
69191;2018;7.0;;;;;;;;23.0
69191;2019;7.0;;;;;;;;24.0
69191;2020;7.0;;;;;;;;22.0
69191;2021;7.0;;;;;;;;23.0
69192;2014;;;;;;;;;
69192;2015;;;;;;;;;
69192;2016;;;;;;;;;
69192;2017;;;;;;;;;
69192;2018;;;;;;;;;
69192;2019;;;;;;;;;
69192;2020;;;;;;;;;
69192;2021;;;;;;;;;
69193;2014;;;;;;;;;
69193;2015;;;;;;;;;
69193;2016;;;;;;;;;
69193;2017;;;;;;;;;
69193;2018;;;;;;;;;
69193;2019;;;;;;;;;
69193;2020;;;;;;;;;
69193;2021;;;;;;;;;
69194;2014;5.0;;;;;;;;
69194;2015;5.0;;;;;;;;
69194;2016;5.0;;;;;;;;
69194;2017;5.0;;;;;;;;
69194;2018;5.0;;;;;;;;
69194;2019;5.0;;;;;;;;
69194;2020;5.0;;;;;;;;16.0
69194;2021;5.0;;;;;;;;17.0
69196;2014;;;;;;;;;
69196;2015;;;;;;;;;
69196;2016;;;;;;;;;
69196;2017;;;;;;;;;
69196;2018;;;;;;;;;
69196;2019;;;;;;;;;
69196;2020;;;;;;;;;
69196;2021;;;;;;;;;
69197;2014;;;;;;;;;
69197;2015;;;;;;;;;
69197;2016;;;;;;;;;
69197;2017;;;;;;;;;
69197;2018;;;;;;;;;
69197;2019;;;;;;;;;
69197;2020;;;;;;;;;
69197;2021;;;;;;;;;
69198;2014;;;;;;;;;
69198;2015;;;;;;;;;
69198;2016;;;;;;;;;
69198;2017;;;;;;;;;
69198;2018;;;;;;;;;
69198;2019;;;;;;;;;
69198;2020;;;;;;;;;
69198;2021;;;;;;;;;
69199;2014;30.0;34.0;37.0;35.0;27.0;21.0;15.0;12.0;39.0
69199;2015;30.0;37.0;35.0;36.0;25.0;23.0;15.0;12.0;40.0
69199;2016;31.0;37.0;35.0;38.0;28.0;22.0;17.0;13.0;41.0
69199;2017;32.0;38.0;36.0;38.0;32.0;23.0;16.0;13.0;43.0
69199;2018;32.0;34.0;36.0;40.0;31.0;23.0;18.0;12.0;43.0
69199;2019;31.0;35.0;37.0;36.0;30.0;21.0;20.0;12.0;41.0
69199;2020;31.0;35.0;35.0;37.0;31.0;22.0;18.0;13.0;41.0
69199;2021;33.0;33.0;38.0;39.0;32.0;24.0;21.0;14.0;44.0
69200;2014;;;;;;;;;
69200;2015;;;;;;;;;
69200;2016;;;;;;;;;
69200;2017;;;;;;;;;
69200;2018;;;;;;;;;
69200;2019;;;;;;;;;
69200;2020;;;;;;;;;
69200;2021;;;;;;;;;
69201;2014;;;;;;;;;
69201;2015;;;;;;;;;
69201;2016;;;;;;;;;
69201;2017;;;;;;;;;
69201;2018;;;;;;;;;
69201;2019;;;;;;;;;
69201;2020;;;;;;;;;
69201;2021;;;;;;;;;
69202;2014;7.0;;11.0;9.0;7.0;;;5.0;16.0
69202;2015;7.0;;11.0;9.0;7.0;;;5.0;16.0
69202;2016;8.0;;12.0;10.0;8.0;;;5.0;18.0
69202;2017;7.0;;11.0;10.0;6.0;;;5.0;17.0
69202;2018;8.0;;12.0;11.0;7.0;;;5.0;18.0
69202;2019;9.0;;14.0;11.0;8.0;5.0;;5.0;20.0
69202;2020;8.0;;12.0;11.0;8.0;5.0;;5.0;20.0
69202;2021;9.0;;13.0;12.0;8.0;6.0;;5.0;22.0
69203;2014;;;;;;;;;
69203;2015;;;;;;;;;
69203;2016;;;;;;;;;
69203;2017;;;;;;;;;
69203;2018;;;;;;;;;
69203;2019;;;;;;;;;
69203;2020;;;;;;;;;
69203;2021;;;;;;;;;
69204;2014;9.0;;12.0;11.0;8.0;;;5.0;18.0
69204;2015;9.0;;13.0;10.0;7.0;;;5.0;18.0
69204;2016;9.0;20.0;11.0;10.0;8.0;5.0;;5.0;18.0
69204;2017;9.0;20.0;12.0;11.0;7.0;5.0;;5.0;18.0
69204;2018;9.0;;13.0;11.0;9.0;5.0;;5.0;19.0
69204;2019;10.0;;13.0;12.0;10.0;5.0;;5.0;20.0
69204;2020;10.0;21.0;15.0;13.0;9.0;6.0;;5.0;22.0
69204;2021;10.0;;15.0;13.0;8.0;7.0;;5.0;21.0
69205;2014;5.0;;;;;;;;
69205;2015;5.0;;;;;;;;
69205;2016;5.0;;;;;;;;
69205;2017;5.0;;;;;;;;
69205;2018;5.0;;;;;;;;
69205;2019;6.0;;;;;;;;20.0
69205;2020;6.0;;;;;;;;21.0
69205;2021;7.0;;;;;;;;24.0
69206;2014;8.0;;;;;;;;
69206;2015;8.0;;;;;;;;
69206;2016;7.0;;;;;;;;
69206;2017;7.0;;;;;;;;
69206;2018;7.0;;;;;;;;
69206;2019;6.0;;;;;;;;
69206;2020;6.0;;;;;;;;
69206;2021;7.0;;;;;;;;
69207;2014;8.0;;;;;;;;
69207;2015;8.0;;;;;;;;
69207;2016;8.0;;;;;;;;
69207;2017;8.0;;;;;;;;
69207;2018;9.0;;;;;;;;19.0
69207;2019;8.0;;;;;;;;
69207;2020;9.0;;;;;;;;20.0
69207;2021;9.0;;;;;;;;19.0
69208;2014;;;;;;;;;
69208;2015;;;;;;;;;
69208;2016;;;;;;;;;
69208;2017;;;;;;;;;
69208;2018;;;;;;;;;
69208;2019;;;;;;;;;
69208;2020;;;;;;;;;
69208;2021;;;;;;;;;
69209;2014;;;;;;;;;
69209;2015;;;;;;;;;
69209;2016;;;;;;;;;
69209;2017;;;;;;;;;
69209;2018;;;;;;;;;
69209;2019;;;;;;;;;
69209;2020;;;;;;;;;
69209;2021;;;;;;;;;
69212;2014;;;;;;;;;
69212;2015;;;;;;;;;
69212;2016;;;;;;;;;
69212;2017;;;;;;;;;
69212;2018;;;;;;;;;
69212;2019;;;;;;;;;
69212;2020;;;;;;;;;
69212;2021;;;;;;;;;
69214;2014;;;;;;;;;
69214;2015;;;;;;;;;
69214;2016;;;;;;;;;
69214;2017;;;;;;;;;
69214;2018;;;;;;;;;
69214;2019;;;;;;;;;
69214;2020;;;;;;;;;
69214;2021;;;;;;;;;
69215;2014;;;;;;;;;
69215;2015;;;;;;;;;
69215;2016;;;;;;;;;
69215;2017;;;;;;;;;
69215;2018;;;;;;;;;
69215;2019;;;;;;;;;
69215;2020;;;;;;;;;
69215;2021;;;;;;;;;
69216;2014;;;;;;;;;
69216;2015;;;;;;;;;
69216;2016;;;;;;;;;
69216;2017;;;;;;;;;
69216;2018;;;;;;;;;
69216;2019;;;;;;;;;
69216;2020;;;;;;;;;
69216;2021;;;;;;;;;
69217;2014;;;;;;;;;
69217;2015;;;;;;;;;
69217;2016;;;;;;;;;
69217;2017;;;;;;;;;
69217;2018;;;;;;;;;
69217;2019;;;;;;;;;
69217;2020;;;;;;;;;
69217;2021;;;;;;;;;
69218;2014;;;;;;;;;
69218;2015;;;;;;;;;
69218;2016;;;;;;;;;
69218;2017;;;;;;;;;
69218;2018;;;;;;;;;
69218;2019;;;;;;;;;
69218;2020;;;;;;;;;
69218;2021;;;;;;;;;
69219;2014;;;;;;;;;
69219;2015;;;;;;;;;
69219;2016;;;;;;;;;
69219;2017;;;;;;;;;
69219;2018;;;;;;;;;
69219;2019;;;;;;;;;
69219;2020;;;;;;;;;
69219;2021;;;;;;;;;
69220;2014;;;;;;;;;
69220;2015;;;;;;;;;
69220;2016;;;;;;;;;
69220;2017;;;;;;;;;
69220;2018;;;;;;;;;
69220;2019;;;;;;;;;
69220;2020;;;;;;;;;
69220;2021;;;;;;;;;
69225;2014;;;;;;;;;
69225;2015;;;;;;;;;
69225;2016;;;;;;;;;
69225;2017;;;;;;;;;
69225;2018;;;;;;;;;
69225;2019;;;;;;;;;
69225;2020;;;;;;;;;
69225;2021;;;;;;;;;
69227;2014;9.0;;;;;;;9.0;
69227;2015;9.0;;;;;;;;
69227;2016;9.0;;;;;;;9.0;
69227;2017;10.0;;;;;;;;
69227;2018;9.0;;;;;;;;
69227;2019;7.0;;;;;;;;
69227;2020;8.0;;;;;;;;
69227;2021;7.0;;;;;;;;
69228;2014;10.0;;;;;;;;
69228;2015;;;;;;;;;
69228;2016;8.0;;;;;;;7.0;
69228;2017;8.0;;;;;;;6.0;
69228;2018;7.0;;;;;;;;
69228;2019;8.0;;;;;;;;
69228;2020;7.0;;;;;;;;
69228;2021;7.0;;;;;;;6.0;
69229;2014;;;;;;;;;
69229;2015;;;;;;;;;
69229;2016;;;;;;;;;
69229;2017;;;;;;;;;
69229;2018;;;;;;;;;
69229;2019;;;;;;;;;
69229;2020;;;;;;;;;
69229;2021;;;;;;;;;
69230;2014;;;;;;;;;
69230;2015;;;;;;;;;
69230;2016;;;;;;;;;
69230;2017;;;;;;;;;
69230;2018;;;;;;;;;
69230;2019;;;;;;;;;
69230;2020;;;;;;;;;
69230;2021;;;;;;;;;
69231;2014;;;;;;;;;
69231;2015;;;;;;;;;
69231;2016;;;;;;;;;
69231;2017;;;;;;;;;
69231;2018;;;;;;;;;
69231;2019;;;;;;;;;
69231;2020;;;;;;;;;
69231;2021;;;;;;;;;
69233;2014;;;;;;;;;
69233;2015;;;;;;;;;
69233;2016;;;;;;;;;
69233;2017;;;;;;;;;
69233;2018;;;;;;;;;
69233;2019;;;;;;;;;
69233;2020;;;;;;;;;
69233;2021;;;;;;;;;
69234;2014;;;;;;;;;
69234;2015;;;;;;;;;
69234;2016;;;;;;;;;
69234;2017;;;;;;;;;
69234;2018;;;;;;;;;
69234;2019;;;;;;;;;
69234;2020;;;;;;;;;
69234;2021;;;;;;;;;
69235;2014;;;;;;;;;
69235;2015;;;;;;;;;
69235;2016;;;;;;;;;
69235;2017;;;;;;;;;
69235;2018;;;;;;;;;
69235;2019;;;;;;;;;
69235;2020;;;;;;;;;
69235;2021;;;;;;;;;
69236;2014;;;;;;;;;
69236;2015;;;;;;;;;
69236;2016;;;;;;;;;
69236;2017;;;;;;;;;
69236;2018;;;;;;;;;
69236;2019;;;;;;;;;
69236;2020;;;;;;;;;
69236;2021;;;;;;;;;
69238;2014;12.0;;;;;;;;22.0
69238;2015;12.0;;;;;;;;24.0
69238;2016;12.0;;;;;;;;23.0
69238;2017;12.0;;;;;;;;22.0
69238;2018;12.0;;;;;;;;24.0
69238;2019;12.0;;;;;;;;24.0
69238;2020;12.0;;;;;;;;24.0
69238;2021;12.0;;;;;;;;26.0
69239;2014;;;;;;;;;
69239;2015;;;;;;;;;
69239;2016;;;;;;;;;
69239;2017;;;;;;;;;
69239;2018;;;;;;;;;
69239;2019;;;;;;;;;
69239;2020;;;;;;;;;
69239;2021;;;;;;;;;
69240;2014;;;;;;;;;
69240;2015;;;;;;;;;
69240;2016;;;;;;;;;
69240;2017;;;;;;;;;
69240;2018;;;;;;;;;
69240;2019;;;;;;;;;
69240;2020;;;;;;;;;
69240;2021;;;;;;;;;
69241;2014;;;;;;;;;
69241;2015;;;;;;;;;
69241;2016;;;;;;;;;
69241;2017;;;;;;;;;
69241;2018;;;;;;;;;
69241;2019;;;;;;;;;
69241;2020;;;;;;;;;
69241;2021;;;;;;;;;
69242;2014;;;;;;;;;
69242;2015;;;;;;;;;
69242;2016;;;;;;;;;
69242;2017;;;;;;;;;
69242;2018;;;;;;;;;
69242;2019;;;;;;;;;
69242;2020;;;;;;;;;
69242;2021;;;;;;;;;
69243;2014;21.0;;25.0;32.0;18.0;13.0;;8.0;30.0
69243;2015;21.0;27.0;25.0;30.0;19.0;13.0;;8.0;30.0
69243;2016;21.0;;24.0;29.0;20.0;16.0;;7.0;30.0
69243;2017;20.0;;22.0;25.0;21.0;13.0;;6.0;29.0
69243;2018;21.0;;24.0;28.0;21.0;15.0;;5.0;32.0
69243;2019;21.0;;22.0;27.0;23.0;15.0;;6.0;31.0
69243;2020;21.0;;22.0;26.0;23.0;14.0;;5.0;31.0
69243;2021;21.0;;25.0;25.0;22.0;16.0;;8.0;31.0
69244;2014;8.0;11.0;9.0;9.0;7.0;;;5.0;14.0
69244;2015;8.0;12.0;8.0;10.0;8.0;;;5.0;15.0
69244;2016;8.0;;9.0;9.0;8.0;;;5.0;14.0
69244;2017;8.0;;9.0;9.0;8.0;;;5.0;15.0
69244;2018;8.0;;11.0;9.0;9.0;6.0;;5.0;16.0
69244;2019;8.0;;10.0;8.0;7.0;;;5.0;16.0
69244;2020;8.0;;11.0;9.0;7.0;6.0;;5.0;16.0
69244;2021;8.0;16.0;10.0;8.0;8.0;6.0;;5.0;17.0
69245;2014;;;;;;;;;
69245;2015;;;;;;;;;
69245;2016;;;;;;;;;
69245;2017;;;;;;;;;
69245;2018;;;;;;;;;
69245;2019;;;;;;;;;
69245;2020;;;;;;;;;
69245;2021;;;;;;;;;
69246;2014;;;;;;;;;
69246;2015;;;;;;;;;
69246;2016;;;;;;;;;
69246;2017;;;;;;;;;
69246;2018;;;;;;;;;
69246;2019;;;;;;;;;
69246;2020;;;;;;;;;
69246;2021;;;;;;;;;
69248;2014;14.0;;;18.0;;;;8.0;27.0
69248;2015;15.0;;;19.0;;;;8.0;30.0
69248;2016;15.0;;;21.0;;;;9.0;28.0
69248;2017;15.0;;23.0;18.0;;;;8.0;29.0
69248;2018;15.0;;;22.0;;;;8.0;30.0
69248;2019;15.0;;;21.0;;;;9.0;30.0
69248;2020;16.0;;;23.0;;;;9.0;33.0
69248;2021;16.0;;;24.0;;;;10.0;33.0
69249;2014;7.0;;;;;;;;
69249;2015;;;;;;;;;
69249;2016;7.0;;;;;;;;
69249;2017;7.0;;;;;;;;
69249;2018;;;;;;;;;
69249;2019;;;;;;;;;
69249;2020;;;;;;;;;
69249;2021;6.0;;;;;;;;
69250;2014;;;;;;;;;
69250;2015;;;;;;;;;
69250;2016;;;;;;;;;
69250;2017;;;;;;;;;
69250;2018;;;;;;;;;
69250;2019;;;;;;;;;
69250;2020;;;;;;;;;
69250;2021;;;;;;;;;
69252;2014;;;;;;;;;
69252;2015;;;;;;;;;
69252;2016;;;;;;;;;
69252;2017;;;;;;;;;
69252;2018;;;;;;;;;
69252;2019;;;;;;;;;
69252;2020;;;;;;;;;
69252;2021;;;;;;;;;
69253;2014;;;;;;;;;
69253;2015;;;;;;;;;
69253;2016;;;;;;;;;
69253;2017;;;;;;;;;
69253;2018;;;;;;;;;
69253;2019;;;;;;;;;
69253;2020;;;;;;;;;
69253;2021;;;;;;;;;
69254;2014;;;;;;;;;
69254;2015;;;;;;;;;
69254;2016;;;;;;;;;
69254;2017;;;;;;;;;
69254;2018;;;;;;;;;
69254;2019;;;;;;;;;
69254;2020;;;;;;;;;
69254;2021;;;;;;;;;
69255;2014;7.0;;;;;;;;14.0
69255;2015;6.0;;;;;;;;
69255;2016;7.0;;;;;;;;14.0
69255;2017;6.0;;;;;;;;13.0
69255;2018;6.0;;;;;;;;14.0
69255;2019;7.0;;;;;;;;17.0
69255;2020;6.0;;;;;;;;14.0
69255;2021;7.0;;;;;;;;15.0
69256;2014;32.0;33.0;36.0;40.0;30.0;21.0;17.0;13.0;43.0
69256;2015;33.0;33.0;35.0;42.0;32.0;22.0;17.0;13.0;45.0
69256;2016;33.0;34.0;34.0;41.0;33.0;23.0;19.0;13.0;45.0
69256;2017;33.0;36.0;34.0;41.0;34.0;21.0;19.0;13.0;45.0
69256;2018;33.0;35.0;34.0;40.0;34.0;23.0;21.0;13.0;46.0
69256;2019;33.0;34.0;32.0;40.0;35.0;22.0;23.0;12.0;45.0
69256;2020;31.0;33.0;32.0;37.0;35.0;22.0;21.0;12.0;43.0
69256;2021;33.0;32.0;34.0;38.0;35.0;25.0;24.0;12.0;46.0
69257;2014;;;;;;;;;
69257;2015;;;;;;;;;
69257;2016;;;;;;;;;
69257;2017;;;;;;;;;
69257;2018;;;;;;;;;
69257;2019;;;;;;;;;
69257;2020;;;;;;;;;
69257;2021;;;;;;;;;
69258;2014;;;;;;;;;
69258;2015;;;;;;;;;
69258;2016;;;;;;;;;
69258;2017;;;;;;;;;
69258;2018;;;;;;;;;
69258;2019;;;;;;;;;
69258;2020;;;;;;;;;
69258;2021;;;;;;;;;
69259;2014;30.0;36.0;38.0;38.0;30.0;18.0;12.0;10.0;41.0
69259;2015;31.0;34.0;36.0;38.0;31.0;19.0;14.0;10.0;41.0
69259;2016;31.0;35.0;37.0;38.0;32.0;18.0;13.0;10.0;42.0
69259;2017;31.0;33.0;35.0;39.0;32.0;19.0;13.0;10.0;41.0
69259;2018;32.0;34.0;37.0;41.0;32.0;21.0;15.0;11.0;43.0
69259;2019;32.0;33.0;37.0;40.0;32.0;22.0;15.0;11.0;43.0
69259;2020;31.0;34.0;36.0;37.0;33.0;21.0;16.0;12.0;41.0
69259;2021;34.0;33.0;37.0;41.0;34.0;25.0;19.0;12.0;44.0
69260;2014;10.0;;;;;;;;25.0
69260;2015;12.0;;;;;;;;26.0
69260;2016;11.0;;;;;;;;25.0
69260;2017;12.0;;;;;;;;28.0
69260;2018;11.0;;;;;;;;27.0
69260;2019;11.0;;;;;;;;25.0
69260;2020;11.0;;;;;;;;24.0
69260;2021;12.0;;;;;;;;28.0
69261;2014;;;;;;;;;
69261;2015;;;;;;;;;
69261;2016;;;;;;;;;
69261;2017;;;;;;;;;
69261;2018;;;;;;;;;
69261;2020;;;;;;;;;
69261;2021;;;;;;;;;
69263;2014;;;;;;;;;
69263;2015;;;;;;;;;
69263;2016;;;;;;;;;
69263;2017;;;;;;;;;
69263;2018;;;;;;;;;
69263;2019;;;;;;;;;
69263;2020;;;;;;;;;
69263;2021;;;;;;;;;
69264;2014;23.0;25.0;27.0;29.0;22.0;16.0;10.0;7.0;31.0
69264;2015;24.0;26.0;29.0;29.0;23.0;17.0;9.0;7.0;32.0
69264;2016;24.0;25.0;30.0;29.0;25.0;16.0;11.0;8.0;32.0
69264;2017;23.0;25.0;27.0;29.0;23.0;16.0;12.0;7.0;32.0
69264;2018;24.0;25.0;28.0;32.0;22.0;17.0;12.0;7.0;33.0
69264;2019;24.0;25.0;29.0;31.0;23.0;17.0;13.0;7.0;34.0
69264;2020;24.0;22.0;28.0;31.0;23.0;16.0;13.0;7.0;33.0
69264;2021;25.0;21.0;28.0;33.0;25.0;18.0;13.0;7.0;34.0
69265;2014;;;;;;;;;
69265;2015;;;;;;;;;
69265;2016;;;;;;;;;
69265;2017;;;;;;;;;
69265;2018;;;;;;;;;
69265;2019;;;;;;;;;
69265;2020;;;;;;;;;
69265;2021;;;;;;;;;
69266;2014;19.0;24.0;20.0;23.0;19.0;13.0;9.0;6.0;28.0
69266;2015;20.0;24.0;20.0;24.0;20.0;13.0;9.0;6.0;29.0
69266;2016;19.0;24.0;19.0;24.0;20.0;14.0;10.0;6.0;29.0
69266;2017;19.0;26.0;19.0;23.0;20.0;13.0;10.0;6.0;29.0
69266;2018;20.0;24.0;19.0;24.0;20.0;14.0;11.0;6.0;29.0
69266;2019;20.0;25.0;19.0;24.0;21.0;15.0;11.0;6.0;29.0
69266;2020;20.0;26.0;19.0;22.0;21.0;14.0;12.0;6.0;29.0
69266;2021;21.0;27.0;20.0;25.0;22.0;16.0;13.0;6.0;32.0
69267;2014;;;;;;;;;
69267;2015;10.0;;;;;;;;
69267;2016;;;;;;;;;
69267;2017;;;;;;;;;
69267;2018;;;;;;;;;
69267;2019;;;;;;;;;
69267;2020;;;;;;;;;
69267;2021;;;;;;;;;
69268;2014;;;;;;;;;
69268;2015;;;;;;;;;
69268;2016;;;;;;;;;
69268;2017;;;;;;;;;
69268;2018;;;;;;;;;
69268;2019;6.0;;;;;;;;
69268;2020;;;;;;;;;
69268;2021;;;;;;;;;
69269;2014;;;;;;;;;
69269;2015;;;;;;;;;
69269;2016;;;;;;;;;
69269;2017;;;;;;;;;
69269;2018;;;;;;;;;
69269;2019;;;;;;;;;
69269;2020;;;;;;;;;
69269;2021;;;;;;;;;
69270;2014;;;;;;;;;
69270;2015;;;;;;;;;
69270;2016;;;;;;;;;
69270;2017;;;;;;;;;
69270;2018;;;;;;;;;
69270;2019;;;;;;;;;
69270;2020;;;;;;;;;
69270;2021;;;;;;;;;
69271;2014;6.0;;;;;;;;16.0
69271;2015;6.0;;;8.0;;;;;17.0
69271;2016;7.0;;12.0;8.0;;;;;19.0
69271;2017;6.0;;;;;;;;17.0
69271;2018;7.0;;;;;;;;19.0
69271;2019;7.0;;;8.0;;;;;21.0
69271;2020;8.0;;;8.0;;;;;21.0
69271;2021;8.0;;12.0;9.0;;;;;21.0
69272;2014;5.0;;;;;;;;
69272;2015;5.0;;;;;;;;
69272;2016;;;;;;;;;
69272;2017;5.0;;;;;;;;
69272;2018;5.0;;;;;;;;
69272;2019;5.0;;;;;;;;
69272;2020;5.0;;;;;;;;
69272;2021;6.0;;;;;;;;
69273;2014;6.0;;;;;;;5.0;14.0
69273;2015;6.0;;;;;;;5.0;12.0
69273;2016;7.0;;;8.0;;;;5.0;14.0
69273;2017;7.0;;;;;;;5.0;14.0
69273;2018;8.0;;10.0;9.0;;;;5.0;17.0
69273;2019;7.0;;12.0;8.0;;;;5.0;17.0
69273;2020;7.0;;12.0;8.0;;;;5.0;18.0
69273;2021;8.0;;13.0;10.0;;;;5.0;21.0
69275;2014;15.0;14.0;18.0;18.0;14.0;8.0;9.0;6.0;25.0
69275;2015;15.0;17.0;19.0;19.0;15.0;8.0;9.0;6.0;26.0
69275;2016;15.0;18.0;18.0;20.0;16.0;8.0;9.0;6.0;26.0
69275;2017;16.0;16.0;18.0;21.0;17.0;9.0;9.0;6.0;27.0
69275;2018;16.0;17.0;20.0;20.0;17.0;10.0;9.0;5.0;28.0
69275;2019;16.0;19.0;19.0;20.0;16.0;10.0;9.0;5.0;27.0
69275;2020;16.0;20.0;18.0;19.0;16.0;11.0;10.0;6.0;26.0
69275;2021;18.0;19.0;18.0;23.0;17.0;13.0;12.0;7.0;29.0
69276;2014;13.0;;17.0;16.0;11.0;;;6.0;25.0
69276;2015;12.0;;15.0;14.0;11.0;;;6.0;24.0
69276;2016;13.0;;17.0;15.0;13.0;;;6.0;27.0
69276;2017;13.0;;16.0;15.0;13.0;;;6.0;26.0
69276;2018;14.0;;19.0;15.0;14.0;;;7.0;26.0
69276;2019;16.0;;22.0;17.0;15.0;;;6.0;29.0
69276;2020;16.0;;22.0;19.0;13.0;;;6.0;30.0
69276;2021;17.0;;25.0;19.0;13.0;;;6.0;32.0
69277;2014;5.0;;;;;;;;10.0
69277;2015;5.0;;;;;;;;9.0
69277;2016;5.0;;;;;;;;9.0
69277;2017;5.0;;;;;;;;9.0
69277;2018;5.0;;;;;;;5.0;11.0
69277;2019;5.0;;;;;;;;11.0
69277;2020;5.0;;;;;;;;11.0
69277;2021;5.0;;;6.0;;;;5.0;14.0
69278;2014;7.0;;;;;;;;15.0
69278;2015;8.0;;;;;;;;17.0
69278;2016;9.0;;;;;;;;18.0
69278;2017;9.0;;;;;;;;18.0
69278;2018;8.0;;;;;;;;17.0
69278;2019;8.0;;;;;;;;20.0
69278;2020;9.0;;;;;;;;20.0
69278;2021;8.0;;;;;;;;18.0
69279;2014;5.0;;;;;;;;
69279;2015;5.0;;;;;;;;
69279;2016;5.0;;;;;;;;
69279;2017;5.0;;;;;;;5.0;
69279;2018;5.0;;;;;;;5.0;
69279;2019;5.0;;;;;;;;
69279;2020;5.0;;;;;;;5.0;
69279;2021;5.0;;;;;;;;
69280;2014;;;;;;;;;
69280;2015;;;;;;;;;
69280;2016;;;;;;;;;
69280;2017;;;;;;;;;
69280;2018;;;;;;;;;
69280;2019;;;;;;;;;
69280;2020;;;;;;;;;
69280;2021;;;;;;;;;
69281;2014;;;;;;;;;
69281;2015;;;;;;;;;
69281;2016;;;;;;;;;
69281;2017;;;;;;;;;
69281;2018;;;;;;;;;
69281;2019;;;;;;;;;
69281;2020;;;;;;;;;
69281;2021;;;;;;;;;
69282;2014;12.0;16.0;14.0;15.0;12.0;6.0;;6.0;22.0
69282;2015;12.0;14.0;13.0;16.0;12.0;7.0;;7.0;22.0
69282;2016;12.0;14.0;13.0;15.0;12.0;7.0;;6.0;21.0
69282;2017;12.0;12.0;14.0;15.0;12.0;6.0;;6.0;22.0
69282;2018;12.0;15.0;14.0;16.0;11.0;7.0;7.0;6.0;24.0
69282;2019;13.0;14.0;15.0;16.0;13.0;7.0;7.0;6.0;24.0
69282;2020;13.0;15.0;14.0;16.0;13.0;9.0;6.0;6.0;24.0
69282;2021;13.0;17.0;15.0;15.0;13.0;9.0;7.0;6.0;25.0
69283;2014;7.0;;9.0;9.0;7.0;;;5.0;17.0
69283;2015;9.0;;10.0;10.0;9.0;;;5.0;19.0
69283;2016;8.0;;9.0;11.0;;;;5.0;18.0
69283;2017;8.0;;8.0;10.0;;;;5.0;18.0
69283;2018;8.0;;10.0;11.0;;;;5.0;20.0
69283;2019;9.0;;11.0;13.0;;;;5.0;20.0
69283;2020;8.0;;11.0;13.0;;;;5.0;19.0
69283;2021;9.0;;11.0;13.0;;;;5.0;21.0
69284;2014;;;;;;;;;
69284;2015;;;;;;;;;
69284;2016;;;;;;;;;
69284;2017;;;;;;;;;
69284;2018;;;;;;;;;
69284;2019;;;;;;;;;
69284;2020;;;;;;;;;
69284;2021;;;;;;;;;
69285;2014;7.0;;;;;;;;
69285;2015;7.0;;;;;;;;
69285;2016;7.0;;;;;;;;
69285;2017;6.0;;;;;;;;
69285;2018;6.0;;;;;;;;
69285;2019;6.0;;;;;;;;
69285;2020;7.0;;;;;;;;
69285;2021;5.0;;;;;;;;
69286;2014;22.0;31.0;30.0;28.0;19.0;13.0;8.0;5.0;34.0
69286;2015;23.0;35.0;32.0;28.0;20.0;12.0;9.0;5.0;35.0
69286;2016;24.0;33.0;33.0;30.0;22.0;13.0;10.0;5.0;37.0
69286;2017;23.0;27.0;30.0;29.0;21.0;14.0;11.0;5.0;36.0
69286;2018;24.0;29.0;30.0;29.0;22.0;16.0;12.0;5.0;37.0
69286;2019;24.0;30.0;31.0;29.0;21.0;16.0;11.0;5.0;36.0
69286;2020;23.0;32.0;30.0;27.0;22.0;15.0;12.0;6.0;36.0
69286;2021;25.0;29.0;31.0;30.0;25.0;17.0;13.0;5.0;40.0
69287;2014;5.0;;;;;;;;
69287;2015;5.0;;;;;;;;
69287;2016;5.0;;;;;;;;
69287;2017;5.0;;;;;;;;
69287;2018;5.0;;;;;;;;
69287;2019;5.0;;;;;;;;
69287;2020;5.0;;;;;;;;
69287;2021;5.0;;;;;;;;
69288;2014;5.0;;;;;;;;
69288;2015;6.0;;;;;;;;
69288;2016;6.0;;;;;;;;
69288;2017;6.0;;;;;;;;
69288;2018;5.0;;;;;;;;
69288;2019;6.0;;;;;;;;
69288;2020;6.0;;;;;;;;
69288;2021;5.0;;;;;;;;
69289;2014;5.0;;;;;;;;
69289;2015;5.0;;;;;;;;
69289;2016;;;;;;;;;
69289;2017;;;;;;;;;
69289;2018;5.0;;;;;;;;
69289;2019;5.0;;;;;;;;
69289;2020;5.0;;;;;;;;
69289;2021;5.0;;;;;;;;
69290;2014;17.0;22.0;20.0;21.0;16.0;12.0;7.0;6.0;28.0
69290;2015;18.0;22.0;20.0;23.0;17.0;10.0;8.0;7.0;29.0
69290;2016;17.0;19.0;20.0;23.0;16.0;10.0;8.0;6.0;29.0
69290;2017;17.0;20.0;20.0;22.0;16.0;11.0;9.0;6.0;29.0
69290;2018;18.0;20.0;22.0;24.0;17.0;11.0;9.0;6.0;31.0
69290;2019;18.0;19.0;20.0;24.0;17.0;12.0;9.0;6.0;30.0
69290;2020;18.0;18.0;19.0;23.0;17.0;13.0;9.0;7.0;29.0
69290;2021;19.0;18.0;22.0;24.0;19.0;13.0;11.0;7.0;32.0
69291;2014;6.0;;;;;;;;12.0
69291;2015;5.0;;;;;;;;
69291;2016;6.0;;;;;;;;13.0
69291;2017;6.0;;;;;;;;13.0
69291;2018;6.0;;;;;;;;13.0
69291;2019;6.0;;;;;;;;13.0
69291;2020;6.0;;;;;;;;13.0
69291;2021;7.0;;;;;;;;16.0
69292;2014;10.0;;;;;;;;15.0
69292;2015;10.0;;;;;;;;15.0
69292;2016;10.0;;;;;;;;15.0
69292;2017;9.0;;;;;;;;14.0
69292;2018;10.0;;;;;;;;14.0
69292;2019;10.0;;;;;;;;15.0
69292;2020;10.0;;;;;;;;16.0
69292;2021;11.0;;;;;;;;16.0
69293;2014;;;;;;;;;
69293;2015;;;;;;;;;
69293;2016;;;;;;;;;
69293;2017;;;;;;;;;
69293;2018;;;;;;;;;
69293;2019;;;;;;;;;
69293;2020;;;;;;;;;
69293;2021;;;;;;;;;
69294;2014;;;;;;;;;
69294;2015;;;;;;;;;
69294;2016;;;;;;;;;
69294;2017;;;;;;;;;
69294;2018;;;;;;;;;
69294;2019;;;;;;;;;
69294;2020;;;;;;;;;
69294;2021;;;;;;;;;
69295;2014;;;;;;;;;
69295;2015;;;;;;;;;
69295;2016;;;;;;;;;
69295;2017;;;;;;;;;
69295;2018;;;;;;;;;
69295;2019;;;;;;;;;
69295;2020;;;;;;;;;
69295;2021;;;;;;;;;
69296;2014;;;;;;;;;
69296;2015;;;;;;;;;
69296;2016;;;;;;;;;
69296;2017;;;;;;;;;
69296;2018;;;;;;;;;
69296;2019;;;;;;;;;
69296;2020;;;;;;;;;
69296;2021;;;;;;;;;
69297;2014;6.0;;;;;;;;
69297;2015;8.0;;;;;;;5.0;18.0
69297;2016;7.0;;;;;;;;17.0
69297;2017;8.0;;;;;;;;19.0
69297;2018;6.0;;;;;;;;17.0
69297;2019;7.0;;;;;;;;21.0
69297;2020;8.0;;;;;;;;19.0
69297;2021;8.0;;;;;;;;23.0
69298;2014;;;;;;;;;
69298;2015;;;;;;;;;
69298;2016;;;;;;;;;
69298;2017;;;;;;;;;
69298;2018;;;;;;;;;
69298;2019;;;;;;;;;
69298;2020;;;;;;;;;
69298;2021;;;;;;;;;
69299;2014;;;;;;;;;
69299;2015;;;;;;;;;
69299;2016;;;;;;;;;
69299;2017;;;;;;;;;
69299;2018;;;;;;;;;
69299;2019;;;;;;;;;
69299;2020;;;;;;;;;
69299;2021;;;;;;;;;
