id_commune;id_year;nb_menages_fiscaux;nb_personnes_menages_fiscaux;mediane_niveau_vie_euros;pct_menages_imposables
69001;2014;124.0;361.5;21462.8571428571;
69001;2015;132.0;375.0;21606.5384615385;
69001;2016;133.0;382.5;21615.7142857143;
69001;2017;136.0;383.0;22610.0;
69001;2018;145.0;399.0;22520.0;
69001;2019;141.0;373.0;23290.0;
69001;2020;136.0;330.0;24170.0;
69001;2021;138.0;349.0;24970.0;
69002;2014;113.0;234.0;18494.5;
69002;2015;116.0;243.0;19841.0;
69002;2016;118.0;246.0;20848.6666666667;
69002;2017;115.0;242.0;19550.0;
69002;2018;110.0;231.0;21030.0;
69002;2019;113.0;229.0;20190.0;
69002;2020;116.0;236.0;18990.0;
69002;2021;112.0;227.0;21290.0;
69003;2014;958.0;2368.0;23454.7619047619;68.0
69003;2015;958.0;2376.0;23293.3333333333;63.0
69003;2016;943.0;2327.0;23448.2142857143;60.0
69003;2017;972.0;2326.0;23390.0;61.0
69003;2018;975.0;2366.0;24880.0;62.0
69003;2019;1003.0;2397.0;25080.0;67.0
69003;2020;1058.0;2485.0;25740.0;62.0
69003;2021;1085.0;2568.0;27080.0;65.0
69004;2014;251.0;672.5;23311.914893617;
69004;2015;250.0;686.5;24259.5;
69004;2016;248.0;677.0;23805.5;
69004;2017;253.0;693.0;25360.0;
69004;2018;255.0;677.0;25720.0;
69004;2019;252.0;673.0;26330.0;
69004;2020;264.0;708.0;26980.0;
69004;2021;260.0;699.0;26980.0;
69005;2014;200.0;583.5;22403.0;
69005;2015;206.0;596.0;24899.3333333333;
69005;2016;209.0;588.0;24149.7142857143;
69005;2017;209.0;580.0;25820.0;
69005;2018;204.0;572.0;25350.0;
69005;2019;201.0;555.0;24730.0;
69005;2020;212.0;574.0;24930.0;
69005;2021;213.0;575.0;25550.0;
69006;2014;2111.0;4828.0;18611.2;47.0
69006;2015;2128.0;4774.5;18492.4;45.0
69006;2016;2119.0;4725.5;18955.2;40.0
69006;2017;2095.0;4621.0;19180.0;41.0
69006;2018;2061.0;4548.0;19860.0;42.0
69006;2019;2109.0;4611.0;20180.0;47.0
69006;2020;2178.0;4682.0;20520.0;39.0
69006;2021;2196.0;4671.0;21120.0;41.0
69007;2014;1098.0;2650.0;23680.9523809524;70.0
69007;2015;1121.0;2633.5;24097.6;68.0
69007;2016;1126.0;2659.0;24411.5;63.0
69007;2017;1131.0;2656.0;24550.0;65.0
69007;2018;1147.0;2665.0;24950.0;65.0
69007;2019;1147.0;2666.0;25420.0;69.0
69007;2020;1162.0;2672.0;26050.0;64.0
69007;2021;1182.0;2682.0;26440.0;66.0
69008;2014;232.0;630.0;21154.2857142857;
69008;2015;240.0;661.5;21505.3333333333;
69008;2016;243.0;671.5;21757.2;
69008;2017;250.0;688.0;22710.0;
69008;2018;250.0;667.0;23150.0;
69008;2019;248.0;642.0;23190.0;
69008;2020;212.0;514.0;23800.0;
69008;2021;256.0;670.0;25170.0;
69009;2014;2596.0;6813.0;22430.0;64.0
69009;2015;2643.0;6926.0;22404.2619047619;62.0
69009;2016;2657.0;6886.0;22729.3333333333;59.0
69009;2017;2746.0;7133.0;23110.0;58.0
69009;2018;2776.0;7077.0;23820.0;58.0
69009;2019;2836.0;7128.0;23720.0;63.0
69009;2020;2988.0;7326.0;24000.0;55.0
69009;2021;3110.0;7621.0;24690.0;59.0
69010;2014;2561.0;6153.5;20812.0;59.0
69010;2015;2576.0;6143.5;21064.2857142857;56.0
69010;2016;2601.0;6150.5;21196.6666666667;53.0
69010;2017;2618.0;6133.0;21320.0;51.0
69010;2018;2652.0;6132.0;21630.0;50.0
69010;2019;2709.0;6217.0;22250.0;58.0
69010;2020;2751.0;6193.0;22640.0;53.0
69010;2021;2808.0;6272.0;23450.0;55.0
69012;2014;240.0;625.5;20901.25;
69012;2015;237.0;612.0;20636.0;
69012;2016;243.0;626.0;20935.0;
69012;2017;242.0;612.0;21320.0;
69012;2018;240.0;602.0;22240.0;
69012;2019;238.0;590.0;21860.0;
69012;2020;226.0;545.0;22800.0;
69012;2021;222.0;540.0;24030.0;
69013;2014;1372.0;3595.0;22340.4347826087;67.0
69013;2015;1394.0;3646.0;22606.7272727273;64.0
69013;2016;1434.0;3765.0;22978.0;60.0
69013;2017;1466.0;3778.0;23160.0;61.0
69013;2018;1490.0;3793.0;24400.0;59.0
69013;2019;1544.0;3842.0;24170.0;63.0
69013;2020;1584.0;3961.0;24640.0;56.0
69013;2021;1704.0;4205.0;24910.0;58.0
69014;2014;391.0;1004.5;20327.0;
69014;2015;386.0;986.5;20748.0;
69014;2016;381.0;976.5;20865.2380952381;
69014;2017;382.0;998.0;21360.0;
69014;2018;381.0;981.0;22480.0;
69014;2019;384.0;968.0;22010.0;
69014;2020;391.0;1005.0;22600.0;
69014;2021;397.0;1003.0;22620.0;
69016;2014;49.0;121.5;20320.0;
69016;2015;46.0;112.5;20057.2;
69016;2016;49.0;130.0;18406.6666666667;
69016;2017;47.0;123.0;18540.0;
69016;2018;45.0;109.0;21150.0;
69016;2019;50.0;116.0;20380.0;
69016;2020;52.0;115.0;21550.0;
69016;2021;52.0;115.0;23200.0;
69017;2014;282.0;747.5;24308.5714285714;
69017;2015;286.0;756.5;24524.6666666667;
69017;2016;301.0;789.0;24334.0;
69017;2017;303.0;793.0;25770.0;
69017;2018;299.0;779.0;25640.0;
69017;2019;289.0;726.0;24850.0;
69017;2020;303.0;757.0;24820.0;
69017;2021;309.0;754.0;26690.0;
69018;2014;849.0;1816.5;18781.3333333333;
69018;2015;871.0;1877.0;18786.6666666667;
69018;2016;880.0;1865.5;19518.0;
69018;2017;864.0;1796.0;19700.0;
69018;2018;877.0;1841.0;20090.0;
69018;2019;886.0;1808.0;20250.0;
69018;2020;869.0;1742.0;20610.0;
69018;2021;874.0;1752.0;21680.0;
69019;2014;3417.0;7836.0;18622.5;50.0
69019;2015;3430.0;7775.0;18983.53;48.0
69019;2016;5156.0;12335.0;20073.3333333333;45.0
69019;2017;5212.0;12372.0;20450.0;46.0
69019;2018;5232.0;12340.0;20950.0;46.0
69019;2019;5410.0;12724.0;20980.0;53.0
69019;2020;5660.0;13233.0;21500.0;46.0
69019;2021;5875.0;13587.0;22210.0;48.0
69020;2014;226.0;641.0;23682.6666666667;
69020;2015;231.0;642.5;24240.0;
69020;2016;230.0;626.0;25315.9420289855;
69020;2017;240.0;661.0;24540.0;
69020;2018;251.0;679.0;25540.0;
69020;2019;250.0;675.0;26960.0;
69020;2020;252.0;668.0;27360.0;
69020;2021;259.0;673.0;29010.0;
69021;2014;872.0;2204.5;22089.0;61.0
69021;2015;891.0;2242.0;21884.0;60.0
69021;2016;909.0;2268.0;22600.9523809524;57.0
69021;2017;923.0;2293.0;22910.0;58.0
69021;2018;920.0;2241.0;23290.0;55.0
69021;2019;933.0;2258.0;23310.0;61.0
69021;2020;955.0;2267.0;24210.0;54.0
69021;2021;965.0;2274.0;24500.0;58.0
69022;2014;208.0;562.0;21459.3333333333;
69022;2015;213.0;560.0;21751.25;
69022;2016;218.0;567.0;22551.75;
69022;2017;206.0;536.0;23770.0;
69022;2018;209.0;537.0;23620.0;
69022;2019;210.0;520.0;23480.0;
69022;2020;194.0;466.0;23910.0;
69022;2021;210.0;506.0;24520.0;
69023;2014;577.0;1565.5;23602.6086956522;
69023;2015;585.0;1567.5;24231.7391304348;
69023;2016;588.0;1562.0;24244.5;
69023;2017;602.0;1564.0;24110.0;
69023;2018;602.0;1563.0;25730.0;
69023;2019;595.0;1527.0;25300.0;
69023;2020;607.0;1546.0;25230.0;
69023;2021;617.0;1576.0;27320.0;
69024;2014;978.0;2379.5;23156.8;65.0
69024;2015;981.0;2359.5;23365.0;64.0
69024;2016;1644.0;4017.5;23743.0769230769;62.0
69024;2017;1695.0;4100.0;24050.0;63.0
69024;2018;1695.0;4104.0;24780.0;62.0
69024;2019;1733.0;4144.0;25040.0;68.0
69024;2020;1777.0;4237.0;25760.0;62.0
69024;2021;1809.0;4328.0;26650.0;64.0
69026;2014;180.0;498.0;24046.7857142857;
69026;2015;174.0;493.0;23343.0;
69026;2016;181.0;508.5;23992.5;
69026;2017;181.0;504.0;23630.0;
69026;2018;181.0;506.0;24130.0;
69026;2019;177.0;491.0;24700.0;
69026;2020;181.0;488.0;26450.0;
69026;2021;188.0;517.0;26280.0;
69027;2014;4635.0;11548.0;23663.5;70.0
69027;2015;4617.0;11455.0;24050.6451612903;66.0
69027;2016;4665.0;11506.5;24327.1428571429;63.0
69027;2017;4806.0;11725.0;24490.0;64.0
69027;2018;5037.0;12031.0;25090.0;63.0
69027;2019;5196.0;12310.0;25250.0;68.0
69027;2020;5255.0;12385.0;25810.0;62.0
69027;2021;5284.0;12267.0;26720.0;64.0
69028;2014;2212.0;5990.0;26182.3076923077;76.0
69028;2015;2316.0;6217.0;26469.5;73.0
69028;2016;2334.0;6199.5;27070.7142857143;70.0
69028;2017;2392.0;6369.0;27320.0;69.0
69028;2018;2452.0;6460.0;27980.0;69.0
69028;2019;2571.0;6724.0;28110.0;74.0
69028;2020;2602.0;6808.0;29020.0;68.0
69028;2021;2621.0;6809.0;29700.0;70.0
69029;2014;15930.0;37885.5;19565.3333333333;59.0
69029;2015;16194.0;38152.5;19808.8888888889;57.0
69029;2016;16517.0;38853.5;19727.0;53.0
69029;2017;16494.0;38640.0;20110.0;53.0
69029;2018;16419.0;38062.0;20580.0;52.0
69029;2019;16939.0;39129.0;20920.0;59.0
69029;2020;16958.0;39070.0;21330.0;52.0
69029;2021;16960.0;38686.0;21950.0;54.0
69030;2014;336.0;871.5;20327.2;
69030;2015;330.0;866.0;20975.5;
69030;2016;327.0;840.5;22036.4;
69030;2017;321.0;819.0;23180.0;
69030;2018;326.0;809.0;22440.0;
69030;2019;315.0;779.0;22840.0;
69030;2020;329.0;840.0;23820.0;
69030;2021;333.0;817.0;24700.0;
69031;2014;495.0;1345.5;22434.3333333333;
69031;2015;506.0;1369.0;22065.2380952381;
69031;2016;518.0;1426.5;22102.1212121212;
69031;2017;507.0;1400.0;22910.0;
69031;2018;512.0;1389.0;23600.0;
69031;2019;520.0;1406.0;23810.0;
69031;2020;522.0;1390.0;24770.0;
69031;2021;507.0;1358.0;25730.0;
69032;2014;756.0;1965.5;22939.5238095238;
69032;2015;759.0;1964.5;23265.3333333333;
69032;2016;771.0;1977.0;23751.6;
69032;2017;787.0;1994.0;24770.0;
69032;2018;798.0;2024.0;25350.0;61.0
69032;2019;829.0;2093.0;25540.0;68.0
69032;2020;826.0;2118.0;26340.0;61.0
69032;2021;838.0;2112.0;27450.0;64.0
69033;2014;939.0;2670.5;29844.0;82.0
69033;2015;967.0;2753.5;29849.3333333333;80.0
69033;2016;985.0;2755.0;30537.0833333333;78.0
69033;2017;1030.0;2822.0;31460.0;80.0
69033;2018;1046.0;2882.0;31630.0;79.0
69033;2019;1047.0;2872.0;32200.0;83.0
69033;2020;1075.0;2936.0;32510.0;76.0
69033;2021;1087.0;2965.0;34010.0;80.0
69034;2014;19120.0;42060.0;24108.9473684211;70.0
69034;2015;19118.0;41991.5;24542.0;68.0
69034;2016;19215.0;42135.0;24652.6666666667;66.0
69034;2017;19219.0;41740.0;25010.0;66.0
69034;2018;19302.0;41634.0;25590.0;66.0
69034;2019;19567.0;41853.0;25870.0;70.0
69034;2020;19697.0;41990.0;26440.0;64.0
69034;2021;19648.0;41606.0;27370.0;66.0
69035;2014;159.0;386.0;21485.9047619048;
69035;2015;162.0;383.0;21895.2380952381;
69035;2016;160.0;385.0;22242.380952381;
69035;2017;161.0;396.0;22490.0;
69035;2018;161.0;391.0;22990.0;
69035;2019;165.0;403.0;22690.0;
69035;2020;168.0;405.0;23620.0;
69035;2021;161.0;406.0;24870.0;
69036;2014;417.0;1129.5;21250.9523809524;
69036;2015;421.0;1138.5;21518.8;
69036;2016;429.0;1167.0;21324.0833333333;
69036;2017;423.0;1104.0;22280.0;
69036;2018;412.0;1061.0;23110.0;
69036;2019;421.0;1090.0;23230.0;
69036;2020;429.0;1100.0;22910.0;
69036;2021;439.0;1121.0;24520.0;
69037;2014;336.0;783.0;20018.0;
69037;2015;333.0;789.5;20819.5;
69037;2016;332.0;797.0;21083.8095238095;
69037;2017;327.0;791.0;20970.0;
69037;2018;331.0;795.0;21900.0;
69037;2019;332.0;774.0;21870.0;
69037;2020;352.0;819.0;22490.0;
69037;2021;349.0;811.0;23330.0;
69038;2014;381.0;945.5;19844.0;
69038;2015;377.0;948.0;19996.6666666667;
69038;2016;379.0;945.0;19628.3333333333;
69038;2017;379.0;938.0;20160.0;
69038;2018;373.0;905.0;21220.0;
69038;2019;378.0;898.0;20850.0;
69038;2020;387.0;943.0;21060.0;
69038;2021;394.0;965.0;21860.0;
69039;2014;283.0;692.0;20092.8;
69039;2015;292.0;711.0;20451.1904761905;
69039;2016;285.0;689.5;21577.1428571429;
69039;2017;287.0;698.0;21410.0;
69039;2018;282.0;672.0;22810.0;
69039;2019;289.0;681.0;22600.0;
69039;2020;302.0;708.0;22710.0;
69039;2021;298.0;703.0;24090.0;
69040;2014;2479.0;5689.5;24032.6666666667;69.0
69040;2015;2490.0;5667.0;24776.5;68.0
69040;2016;2470.0;5541.5;24942.5;65.0
69040;2017;2479.0;5643.0;25510.0;66.0
69040;2018;2535.0;5660.0;25820.0;64.0
69040;2019;2628.0;5780.0;26020.0;68.0
69040;2020;2715.0;5921.0;26420.0;62.0
69040;2021;2706.0;5927.0;27100.0;64.0
69042;2014;212.0;622.5;21644.0;
69042;2015;209.0;609.0;21867.2142857143;
69042;2016;210.0;597.5;21175.2173913043;
69042;2017;206.0;592.0;22180.0;
69042;2018;213.0;591.0;23210.0;
69042;2019;207.0;552.0;23800.0;
69042;2020;206.0;546.0;24390.0;
69042;2021;212.0;567.0;25080.0;
69043;2014;3360.0;8907.0;27943.3333333333;77.0
69043;2015;3419.0;8960.5;28070.0;75.0
69043;2016;3440.0;8964.0;28135.0357142857;72.0
69043;2017;3485.0;8968.0;28660.0;72.0
69043;2018;3497.0;9039.0;29560.0;72.0
69043;2019;3522.0;8975.0;30080.0;76.0
69043;2020;3527.0;8980.0;30220.0;71.0
69043;2021;3550.0;9050.0;31090.0;72.0
69044;2014;2083.0;5242.5;33673.3333333333;82.0
69044;2015;2098.0;5248.5;33860.6666666667;80.0
69044;2016;2095.0;5181.5;34261.3333333333;77.0
69044;2017;2124.0;5264.0;34680.0;77.0
69044;2018;2221.0;5442.0;35560.0;76.0
69044;2019;2289.0;5575.0;35440.0;79.0
69044;2020;2360.0;5719.0;35920.0;73.0
69044;2021;2361.0;5686.0;36390.0;75.0
69045;2014;469.0;1185.5;22474.5161290323;
69045;2015;466.0;1191.5;22565.6;
69045;2016;473.0;1201.5;22872.8;
69045;2017;488.0;1238.0;22680.0;
69045;2018;484.0;1192.0;23610.0;
69045;2019;491.0;1234.0;23530.0;
69045;2020;512.0;1240.0;24390.0;
69045;2021;500.0;1208.0;26070.0;
69046;2014;1663.0;4554.5;29876.6666666667;81.0
69046;2015;1703.0;4650.5;29820.3333333333;80.0
69046;2016;1725.0;4691.0;30562.0;77.0
69046;2017;1756.0;4738.0;31190.0;77.0
69046;2018;1794.0;4816.0;31640.0;76.0
69046;2019;1827.0;4834.0;31820.0;80.0
69046;2020;1881.0;4936.0;32310.0;74.0
69046;2021;1850.0;4796.0;33860.0;75.0
69047;2014;383.0;945.5;25618.5714285714;
69047;2015;387.0;977.0;27486.0;
69047;2016;397.0;1003.5;27698.5;
69047;2017;393.0;974.0;29270.0;
69047;2018;401.0;986.0;29680.0;
69047;2019;398.0;942.0;30090.0;
69047;2020;397.0;933.0;31010.0;
69047;2021;402.0;950.0;32860.0;
69049;2014;1023.0;2680.0;28666.8333333333;79.0
69049;2015;1035.0;2707.0;29104.6666666667;74.0
69049;2016;1042.0;2670.0;29768.5714285714;72.0
69049;2017;1058.0;2730.0;29760.0;73.0
69049;2018;1062.0;2710.0;30650.0;73.0
69049;2019;1071.0;2659.0;30670.0;76.0
69049;2020;1091.0;2666.0;32090.0;72.0
69049;2021;1087.0;2665.0;32350.0;74.0
69050;2014;873.0;2201.0;24527.0833333333;70.0
69050;2015;884.0;2244.5;24529.6;68.0
69050;2016;884.0;2223.5;25352.8571428571;64.0
69050;2017;884.0;2235.0;25960.0;66.0
69050;2018;894.0;2238.0;26870.0;65.0
69050;2019;897.0;2238.0;26950.0;69.0
69050;2020;901.0;2240.0;27600.0;63.0
69050;2021;923.0;2293.0;28030.0;66.0
69051;2014;413.0;1137.0;23154.1666666667;
69051;2015;425.0;1143.0;22805.2380952381;
69051;2016;425.0;1157.5;23404.0;
69051;2017;423.0;1167.0;23480.0;
69051;2018;426.0;1166.0;25070.0;
69051;2019;447.0;1224.0;25080.0;
69051;2020;455.0;1243.0;25810.0;
69051;2021;444.0;1185.0;27050.0;
69052;2014;1623.0;4239.0;27484.6666666667;75.0
69052;2015;1647.0;4281.5;27450.9523809524;75.0
69052;2016;1639.0;4252.0;28007.6;72.0
69052;2017;1646.0;4221.0;28460.0;71.0
69052;2018;1661.0;4262.0;29750.0;72.0
69052;2019;1633.0;4180.0;29580.0;76.0
69052;2020;1640.0;4143.0;30150.0;69.0
69052;2021;1720.0;4342.0;31020.0;72.0
69053;2014;203.0;540.5;20893.0434782609;
69053;2015;200.0;530.5;20644.347826087;
69053;2016;205.0;538.0;21890.6666666667;
69053;2017;202.0;510.0;23190.0;
69053;2018;203.0;510.0;23640.0;
69053;2019;207.0;515.0;23260.0;
69053;2020;198.0;487.0;24410.0;
69053;2021;199.0;472.0;25220.0;
69054;2014;157.0;342.0;21485.2222222222;
69054;2015;162.0;349.0;21534.6666666667;
69054;2016;168.0;363.0;22259.5238095238;
69054;2017;164.0;348.0;22110.0;
69054;2018;171.0;364.0;21560.0;
69054;2019;173.0;366.0;22930.0;
69054;2020;168.0;364.0;23460.0;
69054;2021;175.0;379.0;24480.0;
69055;2014;558.0;1510.5;25105.7142857143;
69055;2015;557.0;1511.5;24600.0;
69055;2016;545.0;1421.5;24942.8;
69055;2017;560.0;1462.0;25450.0;
69055;2018;575.0;1476.0;26090.0;
69055;2019;571.0;1437.0;26050.0;
69055;2020;595.0;1462.0;26350.0;
69055;2021;589.0;1464.0;27560.0;
69056;2014;712.0;1940.5;24039.4444444444;
69056;2015;740.0;1979.0;23890.6666666667;
69056;2016;754.0;2015.0;24265.7142857143;66.0
69056;2017;758.0;2049.0;24270.0;65.0
69056;2018;756.0;2060.0;25640.0;64.0
69056;2019;763.0;2052.0;25530.0;70.0
69056;2020;772.0;2045.0;26190.0;65.0
69056;2021;790.0;2070.0;27050.0;68.0
69057;2014;220.0;566.0;25200.8;
69057;2015;222.0;581.0;24728.6666666667;
69057;2016;226.0;590.5;24204.6666666667;
69057;2017;222.0;586.0;25280.0;
69057;2018;224.0;578.0;25480.0;
69057;2019;228.0;578.0;25880.0;
69057;2020;230.0;591.0;25820.0;
69057;2021;238.0;611.0;26530.0;
69058;2014;169.0;398.5;18046.0;
69058;2015;161.0;366.0;18730.9166666667;
69058;2016;166.0;387.5;19686.6666666667;
69058;2017;161.0;383.0;20650.0;
69058;2018;167.0;390.0;21510.0;
69058;2019;174.0;402.0;21390.0;
69058;2020;169.0;394.0;21390.0;
69058;2021;177.0;412.0;23730.0;
69059;2014;565.0;1471.5;24575.652173913;
69059;2015;576.0;1485.0;25297.0;
69059;2016;581.0;1501.5;26216.6666666667;
69059;2017;576.0;1457.0;26040.0;
69059;2018;577.0;1451.0;26820.0;
69059;2019;600.0;1484.0;27050.0;
69059;2020;619.0;1586.0;27750.0;
69059;2021;644.0;1647.0;28930.0;
69060;2014;248.0;619.0;19380.0;
69060;2015;247.0;600.0;19775.3333333333;
69060;2016;247.0;597.0;19733.9130434783;
69060;2017;242.0;573.0;20180.0;
69060;2018;248.0;568.0;20840.0;
69060;2019;255.0;599.0;20980.0;
69060;2020;250.0;561.0;21420.0;
69060;2021;245.0;532.0;21860.0;
69061;2014;450.0;1144.5;24554.2857142857;
69061;2015;474.0;1187.5;25589.6;
69061;2016;472.0;1210.5;25339.5238095238;
69061;2017;485.0;1240.0;25400.0;
69061;2018;487.0;1248.0;27040.0;
69061;2019;475.0;1203.0;27400.0;
69061;2020;479.0;1172.0;28110.0;
69061;2021;486.0;1190.0;28860.0;
69062;2014;293.0;802.5;20396.6666666667;
69062;2015;291.0;788.5;21044.7619047619;
69062;2016;297.0;800.0;20948.4;
69062;2017;297.0;782.0;20360.0;
69062;2018;304.0;796.0;21140.0;
69062;2019;303.0;794.0;21460.0;
69062;2020;299.0;799.0;22070.0;
69062;2021;302.0;788.0;22830.0;
69063;2014;1657.0;4346.0;30951.4285714286;79.0
69063;2015;1735.0;4441.5;31123.0;77.0
69063;2016;1749.0;4440.0;32009.3333333333;74.0
69063;2017;1743.0;4455.0;32080.0;75.0
69063;2018;1735.0;4389.0;32880.0;76.0
69063;2019;1732.0;4381.0;33490.0;80.0
69063;2020;1797.0;4538.0;33020.0;72.0
69063;2021;1809.0;4575.0;35240.0;76.0
69064;2014;1625.0;3639.5;20791.6;59.0
69064;2015;1631.0;3659.5;21303.3333333333;57.0
69064;2016;1646.0;3627.5;21697.8260869565;55.0
69064;2017;1637.0;3570.0;22110.0;55.0
69064;2018;1647.0;3606.0;22400.0;53.0
69064;2019;1710.0;3697.0;22410.0;59.0
69064;2020;1770.0;3787.0;22620.0;51.0
69064;2021;1750.0;3718.0;23490.0;53.0
69065;2014;361.0;921.5;21704.2857142857;
69065;2015;353.0;918.0;21894.2857142857;
69065;2016;356.0;929.5;22921.4285714286;
69065;2017;359.0;932.0;22940.0;
69065;2018;363.0;942.0;23330.0;
69065;2019;369.0;945.0;23250.0;
69065;2020;370.0;913.0;24140.0;
69065;2021;374.0;917.0;25170.0;
69066;2014;1710.0;3686.0;19240.3703703704;52.0
69066;2015;2046.0;4400.0;19427.3333333333;50.0
69066;2016;2032.0;4327.5;19657.7777777778;43.0
69066;2017;2012.0;4250.0;19930.0;43.0
69066;2018;1982.0;4181.0;20060.0;40.0
69066;2019;1990.0;4097.0;20220.0;46.0
69066;2020;2038.0;4183.0;20860.0;38.0
69066;2021;2016.0;4152.0;21050.0;41.0
69067;2014;463.0;1117.5;19876.0;
69067;2015;472.0;1130.0;20203.3333333333;
69067;2016;466.0;1108.5;20758.0;
69067;2017;474.0;1118.0;21140.0;
69067;2018;470.0;1119.0;22070.0;
69067;2019;499.0;1134.0;21360.0;
69067;2020;509.0;1136.0;21470.0;
69067;2021;512.0;1152.0;22530.0;
69068;2014;996.0;2392.0;24333.3333333333;68.0
69068;2015;998.0;2396.0;24563.1785714286;66.0
69068;2016;969.0;2331.5;24862.8571428571;63.0
69068;2017;992.0;2390.0;25450.0;63.0
69068;2018;988.0;2349.0;26120.0;64.0
69068;2019;972.0;2331.0;26170.0;68.0
69068;2020;998.0;2412.0;27070.0;62.0
69068;2021;1009.0;2425.0;28290.0;66.0
69069;2014;4619.0;11019.5;24485.0;71.0
69069;2015;4737.0;11199.5;24907.7777777778;69.0
69069;2016;4870.0;11447.5;24907.3333333333;66.0
69069;2017;4877.0;11484.0;25200.0;66.0
69069;2018;4965.0;11523.0;25650.0;66.0
69069;2019;5168.0;11884.0;25770.0;70.0
69069;2020;5322.0;12183.0;26620.0;63.0
69069;2021;5408.0;12230.0;27380.0;66.0
69070;2014;501.0;1208.0;20254.4782608696;
69070;2015;508.0;1204.0;20378.3333333333;
69070;2016;504.0;1210.5;20278.0;
69070;2017;515.0;1221.0;21070.0;
69070;2018;524.0;1231.0;21170.0;
69070;2019;543.0;1273.0;21620.0;
69070;2020;556.0;1286.0;21260.0;
69070;2021;577.0;1307.0;22890.0;
69071;2014;432.0;1180.5;29636.0;
69071;2015;425.0;1168.0;29442.5;
69071;2016;423.0;1152.5;29678.8888888889;
69071;2017;425.0;1128.0;30270.0;
69071;2018;442.0;1169.0;31400.0;
69071;2019;418.0;1095.0;31280.0;
69071;2020;452.0;1198.0;31830.0;
69071;2021;451.0;1193.0;33160.0;
69072;2014;3131.0;8593.0;29393.3333333333;78.0
69072;2015;3135.0;8517.5;29868.5;75.0
69072;2016;3163.0;8613.5;30182.0;74.0
69072;2017;3167.0;8537.0;30510.0;73.0
69072;2018;3175.0;8518.0;31420.0;73.0
69072;2019;3317.0;8807.0;31380.0;78.0
69072;2020;3339.0;8815.0;31830.0;72.0
69072;2021;3443.0;9094.0;32510.0;73.0
69074;2014;563.0;1500.0;23607.6;
69074;2015;569.0;1514.5;24395.3333333333;
69074;2016;603.0;1604.0;24893.75;
69074;2017;607.0;1618.0;25500.0;
69074;2018;608.0;1605.0;26110.0;
69074;2019;618.0;1582.0;26010.0;
69074;2020;609.0;1554.0;26530.0;
69074;2021;620.0;1541.0;28360.0;
69075;2014;63.0;187.5;21472.5;
69075;2015;62.0;189.5;22870.0;
69075;2016;65.0;191.5;22565.3333333333;
69075;2017;66.0;197.0;22650.0;
69075;2018;67.0;197.0;22000.0;
69075;2019;69.0;195.0;22030.0;
69075;2020;67.0;188.0;23240.0;
69075;2021;68.0;185.0;23960.0;
69076;2014;949.0;2690.5;30138.5185185185;81.0
69076;2015;950.0;2698.5;30930.8;79.0
69076;2016;943.0;2632.5;31395.0;76.0
69076;2017;956.0;2651.0;31560.0;76.0
69076;2018;977.0;2656.0;33430.0;77.0
69076;2019;996.0;2673.0;33680.0;80.0
69076;2020;1007.0;2671.0;33820.0;76.0
69076;2021;1001.0;2643.0;34020.0;77.0
69077;2014;344.0;954.0;21808.115942029;
69077;2015;347.0;976.0;22528.0952380952;
69077;2016;345.0;953.0;22460.0;
69077;2017;350.0;949.0;23250.0;
69077;2018;360.0;975.0;23480.0;
69077;2019;384.0;1024.0;23850.0;
69077;2020;397.0;1055.0;23610.0;
69077;2021;408.0;1131.0;24320.0;
69078;2014;302.0;815.0;20548.5;
69078;2015;307.0;825.5;21148.6666666667;
69078;2016;312.0;830.5;21533.0;
69078;2017;318.0;849.0;21640.0;
69078;2018;318.0;847.0;22020.0;
69078;2019;312.0;818.0;22700.0;
69078;2020;312.0;806.0;23360.0;
69078;2021;323.0;818.0;24160.0;
69080;2014;586.0;1597.0;23610.0;
69080;2015;628.0;1689.0;23552.8571428571;
69080;2016;639.0;1717.0;23585.7435897436;
69080;2017;656.0;1749.0;23770.0;
69080;2018;679.0;1808.0;24700.0;
69080;2019;684.0;1825.0;25440.0;
69080;2020;714.0;1890.0;26200.0;
69080;2021;720.0;1898.0;26910.0;
69081;2014;6632.0;16001.5;26630.8333333333;72.0
69081;2015;6658.0;16035.0;27014.8333333333;70.0
69081;2016;6752.0;15990.0;27279.6428571429;67.0
69081;2017;6779.0;16084.0;27610.0;67.0
69081;2018;6739.0;15624.0;28250.0;65.0
69081;2019;7176.0;16626.0;28230.0;71.0
69081;2020;7285.0;16758.0;28350.0;64.0
69081;2021;7078.0;16117.0;29600.0;66.0
69082;2014;108.0;261.5;21007.3333333333;
69082;2015;103.0;254.0;21956.6666666667;
69082;2016;110.0;268.5;21690.4761904762;
69082;2017;109.0;263.0;22100.0;
69082;2018;112.0;261.0;22020.0;
69082;2019;112.0;256.0;22160.0;
69082;2020;105.0;233.0;24100.0;
69082;2021;107.0;237.0;25840.0;
69083;2014;428.0;1146.5;26369.6153846154;
69083;2015;423.0;1138.0;26731.3333333333;
69083;2016;419.0;1120.0;27449.0;
69083;2017;426.0;1138.0;27510.0;
69083;2018;425.0;1126.0;29000.0;
69083;2019;431.0;1130.0;29560.0;
69083;2020;446.0;1159.0;29070.0;
69083;2021;445.0;1158.0;30290.0;
69084;2014;538.0;1234.5;19827.1428571429;
69084;2015;535.0;1221.5;20493.75;
69084;2016;542.0;1253.5;20730.0;
69084;2017;543.0;1264.0;21250.0;
69084;2018;547.0;1242.0;22620.0;
69084;2019;569.0;1257.0;22460.0;
69084;2020;567.0;1240.0;22750.0;
69084;2021;562.0;1217.0;24350.0;
69085;2014;532.0;1440.0;27262.0833333333;
69085;2015;543.0;1483.0;27554.4;
69085;2016;537.0;1415.0;27482.0;
69085;2017;543.0;1419.0;27880.0;
69085;2018;553.0;1444.0;29390.0;
69085;2019;549.0;1416.0;29410.0;
69085;2020;559.0;1452.0;29320.0;
69085;2021;567.0;1462.0;31110.0;
69086;2014;892.0;2416.0;26020.0;76.0
69086;2015;910.0;2450.0;25984.6666666667;71.0
69086;2016;912.0;2427.5;26749.1304347826;69.0
69086;2017;914.0;2435.0;26980.0;70.0
69086;2018;921.0;2428.0;28310.0;70.0
69086;2019;928.0;2444.0;28780.0;77.0
69086;2020;945.0;2431.0;29120.0;73.0
69086;2021;977.0;2485.0;29780.0;75.0
69087;2014;1023.0;2814.5;29234.0;78.0
69087;2015;1038.0;2848.5;29947.0;74.0
69087;2016;1061.0;2858.5;29790.4347826087;73.0
69087;2017;1078.0;2853.0;30570.0;73.0
69087;2018;1070.0;2811.0;31890.0;73.0
69087;2019;1064.0;2749.0;32000.0;77.0
69087;2020;1094.0;2852.0;33010.0;72.0
69087;2021;1125.0;2870.0;34190.0;73.0
69088;2014;3050.0;7023.5;22402.0;66.0
69088;2015;3156.0;7187.5;22600.9523809524;64.0
69088;2016;3152.0;7147.0;22758.0;60.0
69088;2017;3103.0;7017.0;23160.0;61.0
69088;2018;3136.0;7005.0;23940.0;61.0
69088;2019;3200.0;7096.0;23890.0;66.0
69088;2020;3242.0;7175.0;24630.0;59.0
69088;2021;3255.0;7239.0;25230.0;62.0
69089;2014;5434.0;13748.5;24905.0;74.0
69089;2015;5520.0;13913.0;25283.3333333333;72.0
69089;2016;5582.0;13826.0;25696.0869565217;69.0
69089;2017;5658.0;14018.0;25960.0;69.0
69089;2018;5804.0;14138.0;26710.0;69.0
69089;2019;5942.0;14385.0;26850.0;74.0
69089;2020;5958.0;14358.0;27440.0;67.0
69089;2021;6046.0;14457.0;28120.0;69.0
69090;2014;306.0;847.0;25429.0476190476;
69090;2015;309.0;840.0;25581.6666666667;
69090;2016;307.0;820.5;26619.0476190476;
69090;2017;311.0;841.0;25630.0;
69090;2018;307.0;815.0;27020.0;
69090;2019;314.0;829.0;26480.0;
69090;2020;320.0;842.0;27290.0;
69090;2021;336.0;887.0;27540.0;
69091;2014;7728.0;19311.0;16580.4;43.0
69091;2015;7733.0;19419.5;16579.0476190476;40.0
69091;2016;7641.0;19237.5;16650.7407407407;36.0
69091;2017;7548.0;18886.0;16790.0;36.0
69091;2018;7715.0;19238.0;17120.0;35.0
69091;2019;7979.0;19830.0;17180.0;43.0
69091;2020;8082.0;20060.0;17680.0;35.0
69091;2021;8021.0;19748.0;18160.0;37.0
69092;2014;3046.0;7580.0;20428.75;59.0
69092;2015;3036.0;7522.5;20903.6666666667;56.0
69092;2016;3047.0;7550.5;21165.2;51.0
69092;2017;3017.0;7414.0;21840.0;52.0
69092;2018;3037.0;7550.0;22020.0;51.0
69092;2019;3036.0;7485.0;22280.0;57.0
69092;2020;3081.0;7466.0;22740.0;51.0
69092;2021;3131.0;7494.0;23660.0;53.0
69093;2014;482.0;1059.0;19777.0;
69093;2015;494.0;1059.5;19336.6666666667;
69093;2016;485.0;1057.5;19517.1428571429;
69093;2017;487.0;1061.0;19480.0;
69093;2018;499.0;1084.0;19830.0;
69093;2019;508.0;1115.0;20210.0;
69093;2020;511.0;1100.0;20410.0;
69093;2021;514.0;1114.0;21580.0;
69094;2014;2255.0;5654.5;24928.3333333333;73.0
69094;2015;2315.0;5771.0;25281.0;71.0
69094;2016;2370.0;5912.0;25606.0;67.0
69094;2017;2435.0;6046.0;25380.0;67.0
69094;2018;2513.0;6193.0;25940.0;66.0
69094;2019;2566.0;6280.0;26040.0;72.0
69094;2020;2627.0;6460.0;26740.0;65.0
69094;2021;2653.0;6513.0;27230.0;67.0
69095;2014;315.0;828.0;20055.8333333333;
69095;2015;326.0;839.5;19968.6666666667;
69095;2016;323.0;838.0;20783.3333333333;
69095;2017;315.0;815.0;21120.0;
69095;2018;305.0;790.0;21040.0;
69095;2019;313.0;794.0;21360.0;
69095;2020;325.0;810.0;22390.0;
69095;2021;322.0;806.0;22700.0;
69096;2014;3818.0;9588.0;19253.5;56.0
69096;2015;3821.0;9665.0;19560.8;52.0
69096;2016;3832.0;9666.0;19506.1904761905;48.0
69096;2017;3691.0;9278.0;19900.0;48.0
69096;2018;3728.0;9327.0;20370.0;48.0
69096;2019;3853.0;9509.0;20500.0;56.0
69096;2020;3870.0;9501.0;21100.0;48.0
69096;2021;3896.0;9463.0;21900.0;51.0
69097;2014;303.0;827.0;21592.3076923077;
69097;2015;298.0;806.5;21886.6666666667;
69097;2016;299.0;802.5;22207.0;
69097;2017;289.0;769.0;22350.0;
69097;2018;294.0;780.0;22700.0;
69097;2019;295.0;741.0;23600.0;
69097;2020;297.0;749.0;24250.0;
69097;2021;292.0;733.0;25590.0;
69098;2014;172.0;487.5;19114.0;
69098;2015;174.0;482.5;19611.3333333333;
69098;2016;173.0;473.0;19988.0;
69098;2017;170.0;449.0;19980.0;
69098;2018;169.0;452.0;21260.0;
69098;2019;170.0;441.0;21830.0;
69098;2020;177.0;451.0;21230.0;
69098;2021;189.0;460.0;22970.0;
69099;2014;532.0;1338.5;19533.0;
69099;2015;542.0;1342.5;19498.8;
69099;2016;533.0;1312.0;19545.5;
69099;2017;530.0;1297.0;20200.0;
69099;2018;534.0;1283.0;21090.0;
69099;2019;540.0;1290.0;21180.0;
69099;2020;555.0;1313.0;22590.0;
69099;2021;563.0;1336.0;22560.0;
69100;2014;3307.0;8589.5;22622.0;70.0
69100;2015;3366.0;8723.5;22834.347826087;67.0
69100;2016;3366.0;8690.0;23341.9230769231;63.0
69100;2017;3419.0;8750.0;23610.0;62.0
69100;2018;3452.0;8804.0;23930.0;62.0
69100;2019;3480.0;8891.0;24360.0;69.0
69100;2020;3555.0;9022.0;24920.0;61.0
69100;2021;3605.0;9051.0;25740.0;62.0
69102;2014;266.0;711.0;20248.9047619048;
69102;2015;268.0;724.0;20585.0;
69102;2016;275.0;731.5;20495.2380952381;
69102;2017;285.0;757.0;20560.0;
69102;2018;298.0;774.0;21450.0;
69102;2019;294.0;752.0;21180.0;
69102;2020;269.0;665.0;21750.0;
69102;2021;291.0;717.0;23230.0;
69103;2014;376.0;887.5;21570.8333333333;
69103;2015;376.0;887.0;21634.1666666667;
69103;2016;379.0;881.0;21965.6666666667;
69103;2017;370.0;868.0;22180.0;
69103;2018;377.0;846.0;22740.0;
69103;2019;389.0;864.0;22600.0;
69103;2020;377.0;806.0;23010.0;
69103;2021;387.0;829.0;23260.0;
69104;2014;177.0;415.0;19352.0;
69104;2015;175.0;404.0;20139.0;
69104;2016;192.0;433.0;20423.3333333333;
69104;2017;192.0;422.0;20190.0;
69104;2018;188.0;432.0;20550.0;
69104;2019;193.0;438.0;20690.0;
69104;2020;200.0;448.0;21400.0;
69104;2021;206.0;454.0;22170.0;
69105;2014;350.0;969.5;24210.4761904762;
69105;2015;357.0;966.5;24951.5;
69105;2016;372.0;970.0;25091.6666666667;
69105;2017;400.0;1023.0;25170.0;
69105;2018;408.0;1056.0;26790.0;
69105;2019;398.0;1043.0;25580.0;
69105;2020;415.0;1077.0;27310.0;
69105;2021;430.0;1105.0;27670.0;
69106;2014;394.0;1074.5;27560.6666666667;
69106;2015;398.0;1101.5;28250.6666666667;
69106;2016;406.0;1105.5;29361.3333333333;
69106;2017;428.0;1171.0;29920.0;
69106;2018;435.0;1190.0;30860.0;
69106;2019;435.0;1175.0;30990.0;
69106;2020;446.0;1192.0;31640.0;
69106;2021;475.0;1295.0;32050.0;
69107;2014;418.0;994.0;20053.0;
69107;2015;416.0;986.0;20453.3333333333;
69107;2016;423.0;996.5;20582.1739130435;
69107;2017;438.0;1014.0;20880.0;
69107;2018;448.0;1013.0;21490.0;
69107;2019;450.0;1024.0;21810.0;
69107;2020;461.0;1023.0;21560.0;
69107;2021;443.0;977.0;23260.0;
69108;2014;377.0;990.0;21213.125;
69108;2015;379.0;978.5;21673.3333333333;
69108;2016;393.0;1037.0;21812.619047619;
69108;2017;408.0;1057.0;22350.0;
69108;2018;408.0;1041.0;23080.0;
69108;2019;413.0;1059.0;23030.0;
69108;2020;426.0;1075.0;24180.0;
69108;2021;436.0;1102.0;24230.0;
69109;2014;335.0;858.5;21446.0;
69109;2015;345.0;875.5;21361.4285714286;
69109;2016;352.0;898.5;21925.2380952381;
69109;2017;345.0;890.0;22080.0;
69109;2018;346.0;863.0;23200.0;
69109;2019;348.0;843.0;22660.0;
69109;2020;352.0;842.0;23750.0;
69109;2021;360.0;855.0;24990.0;
69110;2014;697.0;1823.5;20352.380952381;
69110;2015;703.0;1821.0;20714.8214285714;
69110;2016;690.0;1781.5;20998.0;
69110;2017;688.0;1744.0;21270.0;
69110;2018;702.0;1751.0;21550.0;
69110;2019;693.0;1694.0;21700.0;
69110;2020;730.0;1731.0;22370.0;
69110;2021;733.0;1717.0;22970.0;
69111;2014;242.0;668.0;24461.5384615385;
69111;2015;243.0;679.0;25408.8;
69111;2016;248.0;678.5;25485.3333333333;
69111;2017;243.0;662.0;26280.0;
69111;2018;243.0;663.0;26190.0;
69111;2019;253.0;675.0;26000.0;
69111;2020;257.0;675.0;25270.0;
69111;2021;258.0;663.0;26900.0;
69112;2014;2033.0;5472.5;27262.5;77.0
69112;2015;2117.0;5644.0;27529.2785714286;75.0
69112;2016;2288.0;5998.5;27424.4444444444;71.0
69112;2017;2458.0;6259.0;27310.0;70.0
69112;2018;2620.0;6602.0;28220.0;70.0
69112;2019;2697.0;6775.0;28020.0;75.0
69112;2020;2708.0;6780.0;28600.0;68.0
69112;2021;2742.0;6814.0;29630.0;72.0
69113;2014;313.0;812.5;21382.0;
69113;2015;310.0;802.5;21533.9473684211;
69113;2016;321.0;842.5;21362.2222222222;
69113;2017;315.0;816.0;21860.0;
69113;2018;319.0;827.0;22640.0;
69113;2019;323.0;849.0;22930.0;
69113;2020;324.0;829.0;23990.0;
69113;2021;329.0;825.0;24730.0;
69114;2014;728.0;1993.5;23534.7826086957;
69114;2015;728.0;1968.0;23273.3333333333;
69115;2014;1859.0;4733.0;22388.0;65.0
69115;2015;1870.0;4826.5;22474.1666666667;62.0
69115;2016;1874.0;4844.5;22945.3333333333;58.0
69115;2017;1875.0;4829.0;23590.0;59.0
69115;2018;1887.0;4835.0;23920.0;59.0
69115;2019;1883.0;4771.0;24040.0;64.0
69115;2020;1878.0;4731.0;24610.0;58.0
69115;2021;1914.0;4785.0;24720.0;60.0
69116;2014;1258.0;3278.0;29018.0666666667;76.0
69116;2015;1342.0;3455.0;29775.6;74.0
69116;2016;1383.0;3573.0;29251.3333333333;71.0
69116;2017;1412.0;3644.0;29990.0;72.0
69116;2018;1442.0;3716.0;31360.0;73.0
69116;2019;1419.0;3616.0;31450.0;76.0
69116;2020;1424.0;3575.0;31650.0;71.0
69116;2021;1454.0;3643.0;34510.0;72.0
69117;2014;1119.0;3167.0;29189.9166666667;81.0
69117;2015;1142.0;3215.0;29996.8;77.0
69117;2016;1130.0;3120.5;30432.0;75.0
69117;2017;1127.0;3092.0;30890.0;76.0
69117;2018;1152.0;3078.0;31340.0;74.0
69117;2019;1182.0;3136.0;31990.0;77.0
69117;2020;1209.0;3202.0;32910.0;72.0
69117;2021;1229.0;3274.0;33180.0;76.0
69118;2014;1012.0;2592.0;21944.6666666667;67.0
69118;2015;1014.0;2570.0;22258.3333333333;62.0
69118;2016;1025.0;2591.0;22273.4615384615;59.0
69118;2017;1040.0;2641.0;22990.0;57.0
69118;2018;1049.0;2620.0;23540.0;57.0
69118;2019;1069.0;2679.0;23600.0;65.0
69118;2020;1085.0;2691.0;23850.0;56.0
69118;2021;1104.0;2712.0;24520.0;61.0
69119;2014;347.0;893.5;21417.0;
69119;2015;352.0;925.5;21927.3333333333;
69119;2016;357.0;921.5;22067.1428571429;
69119;2017;360.0;933.0;22260.0;
69119;2018;363.0;929.0;22460.0;
69119;2019;369.0;926.0;22810.0;
69119;2020;358.0;904.0;23810.0;
69119;2021;364.0;916.0;23880.0;
69120;2014;225.0;588.0;19527.5;
69120;2015;223.0;582.5;19138.6666666667;
69120;2016;232.0;609.0;18849.3333333333;
69120;2017;236.0;600.0;19680.0;
69120;2018;232.0;595.0;20580.0;
69120;2019;227.0;568.0;20730.0;
69120;2020;233.0;586.0;21850.0;
69120;2021;231.0;580.0;23030.0;
69121;2014;1056.0;2630.0;23488.0952380952;69.0
69121;2015;1080.0;2659.5;23871.3333333333;69.0
69121;2016;1094.0;2649.0;24465.9259259259;65.0
69121;2017;1122.0;2743.0;25160.0;66.0
69121;2018;1150.0;2796.0;25620.0;66.0
69121;2019;1234.0;2893.0;25580.0;70.0
69121;2020;1321.0;3035.0;25730.0;62.0
69121;2021;1329.0;3057.0;26930.0;67.0
69122;2014;678.0;1836.5;26154.4444444444;
69122;2015;669.0;1791.5;26177.7777777778;
69122;2016;674.0;1809.5;25881.2;
69122;2017;675.0;1810.0;26390.0;
69122;2018;691.0;1843.0;28020.0;
69122;2019;711.0;1889.0;28020.0;
69122;2020;771.0;1977.0;28790.0;
69122;2021;802.0;2021.0;28690.0;71.0
69123;2014;224658.0;459031.0;22145.3333333333;64.0
69123;2015;224822.0;459656.0;22501.3043478261;62.0
69123;2016;225617.0;459305.5;22806.0;60.0
69123;2017;226384.0;458268.0;23250.0;60.0
69123;2018;227513.0;458057.0;23890.0;60.0
69123;2019;232702.0;466406.0;24150.0;66.0
69123;2020;233587.0;463732.0;24570.0;60.0
69123;2021;230041.0;451689.0;25430.0;61.0
69124;2014;200.0;443.0;19424.7826086956;
69124;2015;209.0;455.0;20056.6666666667;
69124;2016;206.0;462.5;21419.4285714286;
69124;2017;208.0;474.0;21010.0;
69124;2018;208.0;473.0;21750.0;
69124;2019;207.0;470.0;21730.0;
69124;2020;201.0;437.0;22030.0;
69124;2021;208.0;442.0;21820.0;
69125;2014;347.0;883.0;27414.2857142857;
69125;2015;348.0;870.5;27832.0;
69125;2016;353.0;871.5;28142.0;
69125;2017;365.0;881.0;28640.0;
69125;2018;350.0;837.0;29130.0;
69125;2019;370.0;888.0;28580.0;
69125;2020;398.0;976.0;28640.0;
69125;2021;397.0;983.0;30530.0;
69126;2014;254.0;677.0;29362.4;
69126;2015;263.0;705.0;29499.3333333333;
69126;2016;271.0;719.5;28557.3333333333;
69126;2017;273.0;744.0;28290.0;
69126;2018;288.0;793.0;29730.0;
69126;2019;285.0;780.0;30260.0;
69126;2020;298.0;791.0;29850.0;
69126;2021;322.0;828.0;30160.0;
69127;2014;1187.0;3227.5;26760.8;78.0
69127;2015;1186.0;3232.0;27389.5238095238;74.0
69127;2016;1217.0;3271.0;27851.5;72.0
69127;2017;1238.0;3314.0;28090.0;73.0
69127;2018;1286.0;3359.0;28300.0;72.0
69127;2019;1305.0;3402.0;28960.0;75.0
69127;2020;1348.0;3448.0;29380.0;70.0
69127;2021;1340.0;3417.0;29680.0;70.0
69130;2014;91.0;218.0;20118.0;
69130;2015;91.0;217.0;19650.4761904762;
69130;2016;85.0;197.0;18959.3333333333;
69130;2017;84.0;196.0;20010.0;
69130;2018;85.0;201.0;20950.0;
69130;2019;86.0;208.0;20530.0;
69130;2020;87.0;205.0;20990.0;
69130;2021;84.0;193.0;24390.0;
69131;2014;1313.0;3537.5;23435.0;72.0
69131;2015;1331.0;3511.5;24084.7826086957;68.0
69131;2016;1312.0;3402.5;24753.0;66.0
69131;2017;1310.0;3330.0;24680.0;66.0
69131;2018;1346.0;3405.0;25670.0;67.0
69131;2019;1409.0;3554.0;26120.0;70.0
69131;2020;1432.0;3580.0;26160.0;65.0
69131;2021;1435.0;3562.0;27280.0;67.0
69132;2014;307.0;818.0;19759.6428571429;
69132;2015;311.0;826.0;19283.75;
69132;2016;313.0;810.5;20287.1428571429;
69132;2017;309.0;812.0;20630.0;
69132;2018;312.0;807.0;20860.0;
69132;2019;314.0;785.0;21200.0;
69132;2020;315.0;804.0;21730.0;
69132;2021;310.0;789.0;22000.0;
69133;2014;1684.0;4410.0;26868.0;77.0
69133;2015;1695.0;4392.5;27502.0;76.0
69133;2016;1717.0;4472.0;27696.6666666667;73.0
69133;2017;1738.0;4468.0;28300.0;73.0
69133;2018;1761.0;4463.0;28760.0;72.0
69133;2019;1767.0;4428.0;29160.0;76.0
69133;2020;1800.0;4454.0;29570.0;72.0
69133;2021;1778.0;4378.0;30670.0;73.0
69134;2014;80.0;198.5;26722.6666666667;
69134;2015;80.0;209.0;26775.7142857143;
69134;2016;85.0;214.0;26962.7333333333;
69134;2017;89.0;229.0;28000.0;
69134;2018;91.0;240.0;27260.0;
69134;2019;91.0;238.0;28010.0;
69134;2020;91.0;231.0;28140.0;
69134;2021;93.0;230.0;30920.0;
69135;2014;377.0;868.0;18891.9047619048;
69135;2015;368.0;844.0;19368.3333333333;
69135;2016;792.0;1813.5;19122.7777777778;
69135;2017;795.0;1800.0;19250.0;
69135;2018;769.0;1756.0;19830.0;
69135;2019;785.0;1784.0;19700.0;
69135;2020;784.0;1719.0;20870.0;
69135;2021;798.0;1746.0;21080.0;
69136;2014;1095.0;2879.0;25097.6984126984;75.0
69136;2015;1125.0;3003.0;24771.4285714286;73.0
69136;2016;1163.0;3113.0;25396.5;70.0
69136;2017;1204.0;3205.0;25810.0;68.0
69136;2018;1221.0;3234.0;26280.0;67.0
69136;2019;1240.0;3315.0;26310.0;73.0
69136;2020;1256.0;3347.0;27080.0;65.0
69136;2021;1268.0;3344.0;27760.0;69.0
69137;2014;161.0;409.5;23137.1428571429;
69137;2015;157.0;409.5;22615.8333333333;
69137;2016;160.0;416.5;23717.0;
69137;2017;150.0;414.0;23740.0;
69137;2018;159.0;428.0;24650.0;
69137;2019;168.0;445.0;24340.0;
69137;2020;165.0;434.0;24270.0;
69137;2021;169.0;434.0;27240.0;
69138;2014;168.0;456.5;20582.0;
69138;2015;168.0;451.0;22076.0;
69138;2016;171.0;455.0;21917.9166666667;
69138;2017;174.0;458.0;21240.0;
69138;2018;163.0;427.0;22120.0;
69138;2019;171.0;442.0;21920.0;
69138;2020;176.0;439.0;22710.0;
69138;2021;175.0;443.0;22850.0;
69139;2014;594.0;1438.5;20332.0833333333;
69139;2015;599.0;1436.0;20596.1111111111;
69139;2016;610.0;1485.5;20593.2;
69139;2017;610.0;1481.0;21130.0;
69139;2018;601.0;1395.0;21990.0;
69139;2019;582.0;1348.0;21820.0;
69139;2020;593.0;1382.0;22860.0;
69139;2021;610.0;1408.0;23730.0;
69140;2014;762.0;2087.0;26224.6666666667;76.0
69140;2015;774.0;2116.5;27234.6666666667;75.0
69140;2016;780.0;2118.0;27137.619047619;71.0
69140;2017;792.0;2114.0;27570.0;71.0
69140;2018;790.0;2080.0;27730.0;71.0
69140;2019;807.0;2100.0;28440.0;75.0
69140;2020;821.0;2137.0;29140.0;69.0
69140;2021;880.0;2262.0;29600.0;71.0
69141;2014;2217.0;5532.0;24145.4166666667;71.0
69141;2015;2305.0;5731.5;24162.3076923077;68.0
69141;2016;2414.0;5878.5;24422.6666666667;64.0
69141;2017;2514.0;6082.0;24600.0;65.0
69141;2018;2565.0;6133.0;25440.0;64.0
69141;2019;2638.0;6301.0;25480.0;69.0
69141;2020;2623.0;6285.0;26300.0;62.0
69141;2021;2632.0;6165.0;27260.0;65.0
69142;2014;3008.0;6393.5;20082.8571428571;61.0
69142;2015;3032.0;6426.0;20209.5;58.0
69142;2016;2974.0;6252.0;20534.6666666667;55.0
69142;2017;3086.0;6477.0;20820.0;56.0
69142;2018;3026.0;6291.0;21060.0;56.0
69142;2019;3037.0;6319.0;21560.0;62.0
69142;2020;3189.0;6565.0;21870.0;54.0
69142;2021;3073.0;6239.0;22750.0;56.0
69143;2014;3326.0;7218.0;20256.6666666667;60.0
69143;2015;3341.0;7251.0;20592.0;57.0
69143;2016;3353.0;7227.5;20547.0;53.0
69143;2017;3449.0;7482.0;21250.0;54.0
69143;2018;3431.0;7362.0;22210.0;55.0
69143;2019;3405.0;7241.0;22220.0;61.0
69143;2020;3541.0;7408.0;22480.0;52.0
69143;2021;3626.0;7416.0;23150.0;56.0
69145;2014;356.0;890.0;20880.6666666667;
69145;2015;348.0;882.5;21413.3333333333;
69145;2016;360.0;906.5;21807.3333333333;
69145;2017;357.0;894.0;21990.0;
69145;2018;345.0;887.0;22730.0;
69145;2019;354.0;915.0;22040.0;
69145;2020;352.0;910.0;22900.0;
69145;2021;355.0;922.0;23900.0;
69148;2014;919.0;2478.5;25837.2;77.0
69148;2015;929.0;2513.5;26128.0;75.0
69148;2016;946.0;2526.5;26729.5652173913;72.0
69148;2017;956.0;2516.0;27050.0;71.0
69148;2018;999.0;2632.0;28080.0;68.0
69148;2019;1006.0;2668.0;28500.0;75.0
69148;2020;1036.0;2718.0;28730.0;70.0
69148;2021;1025.0;2640.0;30280.0;72.0
69149;2014;12123.0;26209.0;20710.9523809524;62.0
69149;2015;12095.0;26041.5;20933.8095238095;59.0
69149;2016;12008.0;25790.5;21222.0;57.0
69149;2017;12136.0;25856.0;21630.0;57.0
69149;2018;12022.0;25478.0;22380.0;57.0
69149;2019;12318.0;26043.0;22720.0;64.0
69149;2020;12304.0;25803.0;23350.0;56.0
69149;2021;12189.0;25270.0;24040.0;59.0
69151;2014;560.0;1517.5;21108.0;
69151;2015;564.0;1539.0;21541.1111111111;
69151;2016;558.0;1499.0;21435.0;
69151;2017;570.0;1486.0;22700.0;
69151;2018;568.0;1474.0;23660.0;
69151;2019;562.0;1434.0;23300.0;
69151;2020;565.0;1407.0;23680.0;
69151;2021;561.0;1370.0;24720.0;
69153;2014;377.0;1052.0;31294.0;
69153;2015;386.0;1068.5;31206.5;
69153;2016;387.0;1046.5;32090.7142857143;
69153;2017;398.0;1071.0;33170.0;
69153;2018;402.0;1082.0;32990.0;
69153;2019;395.0;1050.0;34290.0;
69153;2020;404.0;1082.0;35510.0;
69153;2021;400.0;1074.0;35970.0;
69154;2014;857.0;2309.0;25704.0;76.0
69154;2015;882.0;2348.5;26242.0;76.0
69154;2016;905.0;2420.0;26213.6666666667;74.0
69154;2017;958.0;2512.0;25980.0;73.0
69154;2018;974.0;2527.0;26790.0;71.0
69154;2019;1024.0;2590.0;27060.0;77.0
69154;2020;1080.0;2668.0;27520.0;66.0
69154;2021;1121.0;2756.0;28690.0;70.0
69155;2014;421.0;1169.0;22642.8571428571;
69155;2015;428.0;1196.0;22248.0;
69155;2016;429.0;1193.5;23020.0;
69155;2017;435.0;1176.0;23280.0;
69155;2018;426.0;1118.0;22990.0;
69155;2019;439.0;1120.0;23770.0;
69155;2020;430.0;1108.0;24480.0;
69155;2021;434.0;1120.0;25480.0;
69156;2014;957.0;2643.5;27405.3846153846;79.0
69156;2015;965.0;2678.5;27753.0;76.0
69156;2016;986.0;2690.5;28290.0;74.0
69156;2017;1008.0;2717.0;28050.0;73.0
69156;2018;1017.0;2745.0;29450.0;72.0
69156;2019;1007.0;2680.0;29270.0;77.0
69156;2020;1014.0;2678.0;29520.0;70.0
69156;2021;1045.0;2688.0;30730.0;71.0
69157;2014;1086.0;2715.0;21410.6666666667;60.0
69157;2015;1116.0;2777.0;21499.380952381;59.0
69157;2016;2058.0;5192.5;23005.5;59.0
69157;2017;2089.0;5293.0;23320.0;58.0
69157;2018;2131.0;5372.0;23830.0;56.0
69157;2019;2144.0;5388.0;23870.0;63.0
69157;2020;2165.0;5407.0;24340.0;55.0
69157;2021;2195.0;5428.0;25190.0;58.0
69160;2014;457.0;1115.5;19699.5;
69160;2015;447.0;1099.0;19838.6666666667;
69160;2016;442.0;1052.5;19963.2;
69160;2017;438.0;1034.0;20380.0;
69160;2018;439.0;1034.0;20970.0;
69160;2019;444.0;1041.0;21410.0;
69160;2020;453.0;1063.0;22090.0;
69160;2021;453.0;1053.0;23210.0;
69161;2014;217.0;453.5;17564.5;
69161;2015;220.0;463.5;17557.0;
69161;2016;217.0;462.5;17912.5;
69161;2017;231.0;481.0;18250.0;
69161;2018;236.0;469.0;19120.0;
69161;2019;229.0;468.0;19760.0;
69161;2020;223.0;434.0;19640.0;
69161;2021;215.0;418.0;20760.0;
69162;2014;531.0;1285.0;20708.0;
69162;2015;537.0;1323.0;20533.8333333333;
69162;2016;557.0;1360.0;21048.5;
69162;2017;561.0;1362.0;22040.0;
69162;2018;568.0;1348.0;22870.0;
69162;2019;581.0;1366.0;22420.0;
69162;2020;576.0;1349.0;23030.0;
69162;2021;583.0;1368.0;23660.0;
69163;2014;1255.0;3391.0;23679.5652173913;70.0
69163;2015;1312.0;3551.5;23038.75;65.0
69163;2016;1314.0;3554.5;23614.0;60.0
69163;2017;1286.0;3443.0;23870.0;62.0
69163;2018;1299.0;3414.0;24820.0;63.0
69163;2019;1299.0;3363.0;25210.0;69.0
69163;2020;1321.0;3408.0;25820.0;63.0
69163;2021;1353.0;3465.0;26670.0;65.0
69164;2014;135.0;303.5;19394.0;
69164;2015;134.0;319.0;19736.0;
69164;2016;136.0;308.5;18968.0;
69164;2017;136.0;305.0;19910.0;
69164;2018;143.0;311.0;20720.0;
69164;2019;149.0;317.0;20650.0;
69164;2020;156.0;325.0;20000.0;
69164;2021;152.0;298.0;21590.0;
69165;2014;429.0;1131.0;21152.2;
69165;2015;411.0;1084.0;21204.8;
69165;2016;435.0;1143.0;21335.0;
69165;2017;431.0;1123.0;22360.0;
69165;2018;429.0;1063.0;22950.0;
69165;2019;423.0;1057.0;23550.0;
69165;2020;445.0;1090.0;23940.0;
69165;2021;443.0;1072.0;24530.0;
69166;2014;106.0;281.5;22424.6666666667;
69166;2015;106.0;281.5;23314.6153846154;
69166;2016;114.0;301.0;22252.380952381;
69166;2017;98.0;271.0;23310.0;
69166;2018;102.0;278.0;24490.0;
69166;2019;98.0;244.0;24660.0;
69166;2020;102.0;250.0;26370.0;
69166;2021;102.0;256.0;25620.0;
69167;2014;210.0;543.0;22373.0;
69167;2015;212.0;571.0;21823.8095238095;
69167;2016;220.0;586.5;22007.2222222222;
69167;2017;220.0;589.0;22560.0;
69167;2018;222.0;598.0;23500.0;
69167;2019;206.0;531.0;24030.0;
69167;2020;212.0;531.0;24350.0;
69167;2021;230.0;583.0;25220.0;
69168;2014;544.0;1480.5;24542.6666666667;
69168;2015;545.0;1471.5;25141.3333333333;
69168;2016;535.0;1452.0;25134.8;
69168;2017;524.0;1396.0;26150.0;
69168;2018;520.0;1360.0;27370.0;
69168;2019;519.0;1364.0;27720.0;
69168;2020;553.0;1477.0;27660.0;
69168;2021;565.0;1500.0;29240.0;
69169;2014;252.0;635.5;21196.1904761905;
69169;2015;255.0;635.0;21510.6666666667;
69169;2016;261.0;663.5;21440.4;
69169;2017;263.0;671.0;21690.0;
69169;2018;265.0;667.0;22930.0;
69169;2019;272.0;682.0;22970.0;
69169;2020;267.0;649.0;23310.0;
69169;2021;271.0;636.0;23420.0;
69170;2014;444.0;1189.5;21644.6666666667;
69170;2015;453.0;1176.5;21998.5714285714;
69170;2016;454.0;1188.0;22233.2142857143;
69170;2017;445.0;1145.0;22950.0;
69170;2018;450.0;1147.0;24220.0;
69170;2019;461.0;1145.0;24420.0;
69170;2020;460.0;1138.0;24240.0;
69170;2021;455.0;1132.0;25080.0;
69171;2014;964.0;2330.0;21504.6111111111;65.0
69171;2015;970.0;2282.5;22033.9285714286;60.0
69171;2016;984.0;2303.0;21963.8095238095;58.0
69171;2017;1017.0;2315.0;23190.0;58.0
69171;2018;1024.0;2336.0;23630.0;57.0
69171;2019;1051.0;2398.0;23410.0;66.0
69171;2020;1078.0;2478.0;24440.0;57.0
69171;2021;1111.0;2527.0;24670.0;60.0
69172;2014;288.0;816.5;22761.4285714286;
69172;2015;289.0;788.0;23580.9523809524;
69172;2016;301.0;797.5;24050.0;
69172;2017;302.0;777.0;24170.0;
69172;2018;307.0;796.0;25330.0;
69172;2019;297.0;760.0;25280.0;
69172;2020;293.0;728.0;25670.0;
69172;2021;323.0;807.0;26240.0;
69173;2014;386.0;1018.0;22814.6666666667;
69173;2015;383.0;999.5;22559.4444444444;
69173;2016;383.0;971.0;24404.0;
69173;2017;394.0;997.0;24760.0;
69173;2018;406.0;967.0;24820.0;
69173;2019;415.0;985.0;25070.0;
69173;2020;416.0;983.0;26170.0;
69173;2021;419.0;1020.0;27830.0;
69174;2014;222.0;608.0;19292.380952381;
69174;2015;220.0;579.5;20175.2380952381;
69174;2016;221.0;583.5;19984.7619047619;
69174;2017;226.0;571.0;20420.0;
69174;2018;231.0;580.0;20800.0;
69174;2019;235.0;587.0;21370.0;
69174;2020;244.0;599.0;21700.0;
69174;2021;247.0;609.0;23270.0;
69175;2014;782.0;2052.5;22754.0;69.0
69175;2015;800.0;2068.5;22808.0;67.0
69175;2016;809.0;2077.5;23364.6666666667;61.0
69175;2017;814.0;2064.0;24160.0;64.0
69175;2018;819.0;2049.0;25060.0;62.0
69175;2019;823.0;2044.0;25250.0;67.0
69175;2020;814.0;2006.0;25820.0;61.0
69175;2021;832.0;2039.0;26350.0;64.0
69176;2014;1593.0;4277.5;24106.0;70.0
69176;2015;1647.0;4415.5;24737.3333333333;69.0
69176;2016;1695.0;4588.0;24973.6666666667;65.0
69176;2017;1695.0;4560.0;25270.0;66.0
69176;2018;1741.0;4666.0;25810.0;64.0
69176;2019;1748.0;4619.0;26020.0;69.0
69176;2020;1748.0;4564.0;26710.0;62.0
69176;2021;1716.0;4460.0;27650.0;65.0
69177;2014;757.0;2054.5;25125.3333333333;73.0
69177;2015;770.0;2067.5;24487.619047619;70.0
69177;2016;770.0;2061.0;24473.5714285714;67.0
69177;2017;772.0;2070.0;25260.0;64.0
69177;2018;798.0;2096.0;26080.0;67.0
69177;2019;812.0;2143.0;26540.0;72.0
69177;2020;822.0;2163.0;27350.0;69.0
69177;2021;826.0;2132.0;28150.0;69.0
69178;2014;288.0;764.0;20715.0;
69178;2015;302.0;779.0;20612.380952381;
69178;2016;297.0;779.0;20480.9523809524;
69178;2017;298.0;767.0;21090.0;
69178;2018;294.0;736.0;21890.0;
69178;2019;297.0;723.0;21410.0;
69178;2020;312.0;743.0;21860.0;
69178;2021;295.0;707.0;22510.0;
69179;2014;669.0;1807.0;25460.0;
69179;2015;692.0;1836.5;24876.0;
69179;2016;1531.0;4126.5;25288.0;67.0
69179;2017;1556.0;4173.0;25750.0;67.0
69179;2018;1555.0;4126.0;26980.0;67.0
69179;2019;1594.0;4221.0;26660.0;71.0
69179;2020;1626.0;4259.0;27620.0;67.0
69179;2021;1613.0;4169.0;27940.0;69.0
69180;2014;100.0;289.5;22180.3333333333;
69180;2015;104.0;292.0;21922.380952381;
69180;2016;105.0;288.0;23332.6666666667;
69180;2017;102.0;274.0;23670.0;
69180;2018;112.0;276.0;23580.0;
69180;2019;110.0;266.0;24720.0;
69180;2020;105.0;246.0;25680.0;
69180;2021;112.0;248.0;25880.0;
69181;2014;75.0;191.0;21869.1666666667;
69181;2015;75.0;201.5;21245.7142857143;
69181;2016;73.0;191.0;23189.0476190476;
69181;2017;76.0;200.0;22140.0;
69181;2018;73.0;193.0;22040.0;
69181;2019;73.0;188.0;22910.0;
69181;2020;77.0;201.0;22810.0;
69181;2021;76.0;195.0;23190.0;
69182;2014;167.0;338.0;18416.1904761905;
69182;2015;163.0;336.0;17968.0;
69182;2016;165.0;351.5;19086.0;
69182;2017;173.0;362.0;18900.0;
69182;2018;175.0;352.0;19720.0;
69182;2019;177.0;348.0;19960.0;
69182;2020;179.0;348.0;20280.0;
69182;2021;179.0;354.0;20380.0;
69183;2014;131.0;298.5;20160.0;
69183;2015;132.0;302.0;19361.3333333333;
69183;2016;139.0;315.0;19120.0;
69183;2017;140.0;309.0;20030.0;
69183;2018;144.0;314.0;19710.0;
69183;2019;146.0;300.0;20140.0;
69183;2020;147.0;310.0;20540.0;
69183;2021;143.0;293.0;20390.0;
69184;2014;391.0;995.0;21826.6666666667;
69184;2015;390.0;1022.5;22168.0;
69184;2016;396.0;1009.5;22354.0;
69184;2017;385.0;981.0;23430.0;
69184;2018;396.0;1001.0;23610.0;
69184;2019;413.0;1023.0;23040.0;
69184;2020;426.0;1030.0;24220.0;
69184;2021;425.0;1022.0;25380.0;
69186;2014;87.0;198.5;20580.0;
69186;2015;91.0;204.5;20290.4761904762;
69186;2016;90.0;207.0;19871.25;
69186;2017;89.0;201.0;21250.0;
69186;2018;81.0;182.0;21940.0;
69186;2019;87.0;186.0;21430.0;
69186;2020;90.0;187.0;23140.0;
69186;2021;92.0;199.0;21850.0;
69187;2014;253.0;653.0;20639.5833333333;
69187;2015;256.0;661.5;19958.5714285714;
69187;2016;259.0;653.0;21390.3333333333;
69187;2017;261.0;659.0;21500.0;
69187;2018;266.0;660.0;22240.0;
69187;2019;261.0;627.0;21750.0;
69187;2020;266.0;657.0;22460.0;
69187;2021;289.0;689.0;23090.0;
69188;2014;303.0;826.0;20597.2222222222;
69188;2015;295.0;808.0;21046.0;
69188;2016;299.0;803.5;21292.0;
69188;2017;295.0;792.0;21720.0;
69188;2018;307.0;805.0;22020.0;
69188;2019;313.0;816.0;21590.0;
69188;2020;317.0;822.0;22510.0;
69188;2021;324.0;818.0;23400.0;
69189;2014;919.0;1886.5;21950.0;
69189;2015;927.0;1883.0;21953.5483870968;
69189;2016;958.0;1910.0;22696.0869565217;
69189;2017;957.0;1911.0;22530.0;
69189;2018;959.0;1878.0;23310.0;
69189;2019;1036.0;1980.0;23410.0;66.0
69189;2020;1058.0;2024.0;23650.0;57.0
69189;2021;1052.0;2017.0;24540.0;61.0
69190;2014;733.0;2029.5;28034.4444444444;79.0
69190;2015;747.0;2058.5;27880.4761904762;76.0
69190;2016;766.0;2092.5;27686.5;72.0
69190;2017;770.0;2093.0;28150.0;72.0
69190;2018;774.0;2006.0;28220.0;72.0
69190;2019;843.0;2170.0;28840.0;78.0
69190;2020;839.0;2157.0;29670.0;73.0
69190;2021;854.0;2177.0;30200.0;75.0
69191;2014;2083.0;5525.5;36562.6666666667;82.0
69191;2015;2111.0;5530.5;36485.2380952381;79.0
69191;2016;2161.0;5606.5;36722.0;77.0
69191;2017;2210.0;5721.0;37330.0;77.0
69191;2018;2177.0;5542.0;38120.0;76.0
69191;2019;2155.0;5445.0;38630.0;79.0
69191;2020;2330.0;5909.0;38970.0;75.0
69191;2021;2320.0;5898.0;40340.0;77.0
69192;2014;52.0;138.0;23854.0;
69192;2015;52.0;136.0;24258.8461538462;
69192;2016;53.0;144.0;24420.3333333333;
69192;2017;54.0;150.0;24170.0;
69192;2018;55.0;152.0;24090.0;
69192;2019;54.0;145.0;23250.0;
69192;2020;54.0;145.0;25060.0;
69192;2021;59.0;147.0;25650.0;
69193;2014;460.0;1293.0;27513.5;
69193;2015;461.0;1298.5;28914.0;
69193;2016;475.0;1323.0;27963.8095238095;
69193;2017;473.0;1311.0;29360.0;
69193;2018;478.0;1298.0;30000.0;
69193;2019;476.0;1292.0;30300.0;
69193;2020;482.0;1304.0;30350.0;
69193;2021;493.0;1310.0;31000.0;
69194;2014;2474.0;6587.5;37125.625;85.0
69194;2015;2522.0;6638.5;37286.6666666667;82.0
69194;2016;2597.0;6783.0;36818.6666666667;80.0
69194;2017;2650.0;6861.0;38160.0;80.0
69194;2018;2685.0;6971.0;40590.0;79.0
69194;2019;2712.0;7050.0;40250.0;82.0
69194;2020;2752.0;7096.0;39470.0;77.0
69194;2021;2765.0;7133.0;42270.0;78.0
69196;2014;247.0;604.0;20078.4615384615;
69196;2015;240.0;585.5;20740.9523809524;
69196;2016;238.0;580.5;21174.2857142857;
69196;2017;226.0;553.0;21650.0;
69196;2018;236.0;565.0;22160.0;
69196;2019;245.0;568.0;21660.0;
69196;2020;248.0;579.0;22700.0;
69196;2021;249.0;570.0;23770.0;
69197;2014;814.0;2167.5;21302.8;62.0
69197;2015;815.0;2170.0;21627.3333333333;60.0
69197;2016;829.0;2199.5;22408.6666666667;55.0
69197;2017;822.0;2169.0;22790.0;55.0
69197;2018;828.0;2151.0;23580.0;55.0
69197;2019;838.0;2167.0;23500.0;61.0
69197;2020;842.0;2150.0;24040.0;53.0
69197;2021;871.0;2201.0;25040.0;58.0
69198;2014;287.0;713.0;23222.8571428571;
69198;2015;288.0;708.0;22828.75;
69198;2016;294.0;727.5;23996.0;
69198;2017;288.0;729.0;24320.0;
69198;2018;294.0;726.0;24410.0;
69198;2019;291.0;711.0;25670.0;
69198;2020;291.0;714.0;26020.0;
69198;2021;294.0;719.0;25860.0;
69199;2014;6830.0;17831.0;15337.3333333333;40.0
69199;2015;6918.0;18230.5;15318.0;36.0
69199;2016;6753.0;17669.5;15375.3333333333;33.0
69199;2017;6667.0;17463.0;15600.0;33.0
69199;2018;6657.0;17468.0;16020.0;33.0
69199;2019;6863.0;17861.0;16080.0;40.0
69199;2020;6814.0;17604.0;16640.0;32.0
69199;2021;6639.0;16898.0;16880.0;35.0
69200;2014;615.0;1561.5;21828.0952380952;
69200;2015;613.0;1548.0;22100.6666666667;
69200;2016;616.0;1552.0;22416.7857142857;
69200;2017;625.0;1582.0;22760.0;
69200;2018;630.0;1562.0;23220.0;
69200;2019;640.0;1571.0;22930.0;
69200;2020;659.0;1589.0;23510.0;
69200;2021;669.0;1598.0;24220.0;
69201;2014;649.0;1278.0;18770.0;
69201;2015;635.0;1256.5;19363.0;
69201;2016;649.0;1273.0;19335.0;
69201;2017;621.0;1244.0;19120.0;
69201;2018;600.0;1187.0;19960.0;
69201;2019;592.0;1178.0;20320.0;
69201;2020;596.0;1179.0;20430.0;
69201;2021;591.0;1173.0;20920.0;
69202;2014;9279.0;21729.5;25728.0;74.0
69202;2015;9297.0;21762.5;25894.0;71.0
69202;2016;9400.0;21939.0;26202.2222222222;69.0
69202;2017;9479.0;22017.0;26450.0;68.0
69202;2018;9432.0;21789.0;27160.0;68.0
69202;2019;9613.0;22114.0;27370.0;72.0
69202;2020;9712.0;22093.0;27770.0;66.0
69202;2021;9650.0;21747.0;28780.0;67.0
69203;2014;415.0;1027.0;20891.6666666667;
69203;2015;408.0;995.0;21102.0;
69203;2016;404.0;961.0;21937.0;
69203;2017;403.0;977.0;22100.0;
69203;2018;393.0;945.0;22270.0;
69203;2019;396.0;926.0;22470.0;
69203;2020;398.0;928.0;22820.0;
69203;2021;391.0;901.0;23380.0;
69204;2014;8548.0;20933.0;24071.4285714286;71.0
69204;2015;8541.0;20863.5;24425.2173913043;69.0
69204;2016;8572.0;20839.0;24695.2173913043;65.0
69204;2017;8600.0;20777.0;25060.0;65.0
69204;2018;8651.0;20859.0;25660.0;64.0
69204;2019;8857.0;21294.0;25710.0;69.0
69204;2020;8930.0;21455.0;26240.0;63.0
69204;2021;8896.0;21267.0;26810.0;65.0
69205;2014;1899.0;4924.5;27356.6666666667;77.0
69205;2015;1905.0;4930.5;27825.3333333333;76.0
69205;2016;1907.0;4910.0;27953.3333333333;73.0
69205;2017;1913.0;4944.0;28380.0;74.0
69205;2018;1941.0;4984.0;29330.0;72.0
69205;2019;2012.0;5182.0;29280.0;76.0
69205;2020;2075.0;5363.0;29410.0;68.0
69205;2021;2082.0;5319.0;30290.0;70.0
69206;2014;1698.0;4312.0;21791.0;65.0
69206;2015;1702.0;4300.5;22447.0;62.0
69206;2016;1718.0;4308.0;22666.0;58.0
69206;2017;1703.0;4263.0;23010.0;59.0
69206;2018;1728.0;4276.0;23910.0;58.0
69206;2019;1738.0;4291.0;24160.0;65.0
69206;2020;1765.0;4293.0;24600.0;58.0
69206;2021;1851.0;4436.0;25200.0;60.0
69207;2014;1183.0;3032.5;22846.1904761905;66.0
69207;2015;1207.0;3075.5;23739.0;63.0
69207;2016;1189.0;3031.0;24030.4347826087;61.0
69207;2017;1187.0;2993.0;24630.0;61.0
69207;2018;1197.0;2972.0;25500.0;61.0
69207;2019;1159.0;2857.0;25920.0;66.0
69207;2020;1178.0;2895.0;26210.0;59.0
69207;2021;1206.0;2983.0;27110.0;61.0
69208;2014;805.0;2252.0;26402.8571428571;75.0
69208;2015;814.0;2287.5;26320.0;72.0
69208;2016;812.0;2252.0;26736.0;68.0
69208;2017;818.0;2242.0;26550.0;70.0
69208;2018;826.0;2245.0;27190.0;71.0
69208;2019;826.0;2214.0;27850.0;75.0
69208;2020;851.0;2250.0;28090.0;67.0
69208;2021;861.0;2298.0;28890.0;72.0
69209;2014;244.0;510.5;19118.4;
69209;2015;248.0;522.5;19271.9230769231;
69209;2016;251.0;517.0;20336.6666666667;
69209;2017;253.0;513.0;20550.0;
69209;2018;251.0;502.0;21270.0;
69209;2019;258.0;512.0;21810.0;
69209;2020;254.0;491.0;21700.0;
69209;2021;253.0;495.0;22390.0;
69212;2014;158.0;418.0;25098.0;
69212;2015;152.0;408.0;25819.0476190476;
69212;2016;182.0;467.0;25874.3333333333;
69212;2017;184.0;482.0;26500.0;
69212;2018;183.0;473.0;28190.0;
69212;2019;186.0;462.0;28580.0;
69212;2020;190.0;467.0;28800.0;
69212;2021;197.0;490.0;30230.0;
69214;2014;445.0;1187.0;20424.7619047619;
69214;2015;456.0;1217.0;20599.3333333333;
69214;2016;456.0;1200.5;20324.7826086956;
69214;2017;451.0;1174.0;21220.0;
69214;2018;464.0;1199.0;21330.0;
69214;2019;470.0;1181.0;21470.0;
69214;2020;463.0;1178.0;22260.0;
69214;2021;468.0;1179.0;23570.0;
69215;2014;320.0;838.0;23751.0714285714;
69215;2015;321.0;836.0;23730.3333333333;
69215;2016;336.0;863.0;23712.7777777778;
69215;2017;345.0;874.0;25200.0;
69215;2018;343.0;881.0;26550.0;
69215;2019;352.0;882.0;26690.0;
69215;2020;353.0;870.0;27510.0;
69215;2021;362.0;901.0;27530.0;
69216;2014;241.0;574.0;20438.0;
69216;2015;238.0;562.0;20899.0;
69216;2016;239.0;561.5;21664.6666666667;
69216;2017;242.0;569.0;21720.0;
69216;2018;239.0;546.0;22180.0;
69216;2019;235.0;545.0;22530.0;
69216;2020;244.0;591.0;22310.0;
69216;2021;249.0;616.0;23150.0;
69217;2014;316.0;789.0;20552.3076923077;
69217;2015;316.0;774.0;19988.3333333333;
69217;2016;319.0;760.0;20550.0;
69217;2017;316.0;738.0;20270.0;
69217;2018;327.0;769.0;21400.0;
69217;2019;338.0;773.0;22020.0;
69217;2020;339.0;772.0;22980.0;
69217;2021;341.0;769.0;23590.0;
69218;2014;388.0;1004.5;20668.3333333333;
69218;2015;386.0;986.0;21921.6666666667;
69218;2016;405.0;1034.0;22620.0;
69218;2017;416.0;1044.0;22480.0;
69218;2018;408.0;1029.0;23680.0;
69218;2019;413.0;1035.0;22910.0;
69218;2020;420.0;1034.0;23440.0;
69218;2021;436.0;1056.0;24660.0;
69219;2014;816.0;2161.0;26197.5;76.0
69219;2015;853.0;2259.0;26319.0804597701;74.0
69219;2016;859.0;2249.0;26744.0;70.0
69219;2017;862.0;2242.0;26470.0;71.0
69219;2018;856.0;2219.0;27160.0;70.0
69219;2019;868.0;2233.0;27710.0;73.0
69219;2020;886.0;2249.0;28170.0;69.0
69219;2021;879.0;2179.0;29190.0;69.0
69220;2014;751.0;1708.5;21108.8888888889;
69220;2015;750.0;1678.5;21017.0;
69220;2016;769.0;1704.5;20781.0714285714;
69220;2017;766.0;1720.0;21960.0;
69220;2018;758.0;1667.0;22310.0;
69220;2019;775.0;1706.0;22700.0;
69220;2020;810.0;1759.0;23190.0;
69220;2021;838.0;1789.0;24060.0;
69225;2014;212.0;537.5;21743.8461538462;
69225;2015;216.0;543.0;21725.0;
69225;2016;215.0;533.0;21968.6666666667;
69225;2017;220.0;545.0;22690.0;
69225;2018;220.0;540.0;22820.0;
69225;2019;222.0;546.0;23090.0;
69225;2020;222.0;552.0;23940.0;
69225;2021;224.0;548.0;24570.0;
69227;2014;1540.0;3810.0;21165.8333333333;56.0
69227;2015;1543.0;3790.0;21437.0833333333;56.0
69227;2016;1542.0;3704.5;21504.6666666667;47.0
69227;2017;1606.0;3858.0;22050.0;49.0
69227;2018;1583.0;3761.0;22820.0;50.0
69227;2019;1630.0;3807.0;22930.0;57.0
69227;2020;1607.0;3776.0;23530.0;50.0
69227;2021;1585.0;3691.0;24790.0;54.0
69228;2014;875.0;2252.5;22194.2857142857;65.0
69228;2015;897.0;2294.0;22852.0833333333;63.0
69228;2016;1599.0;4138.5;23668.6666666667;58.0
69228;2017;1615.0;4132.0;23790.0;61.0
69228;2018;1620.0;4118.0;24580.0;59.0
69228;2019;1668.0;4201.0;24890.0;64.0
69228;2020;1713.0;4303.0;25070.0;57.0
69228;2021;1737.0;4319.0;25960.0;61.0
69229;2014;311.0;781.0;20838.0;
69229;2015;318.0;785.0;20402.0;
69229;2016;323.0;779.0;20794.7083333333;
69229;2017;319.0;768.0;21600.0;
69229;2018;322.0;771.0;21460.0;
69229;2019;315.0;747.0;21880.0;
69229;2020;323.0;763.0;22630.0;
69229;2021;316.0;758.0;22220.0;
69230;2014;114.0;306.0;20319.3333333333;
69230;2015;121.0;314.0;21257.9166666667;
69230;2016;126.0;333.0;20520.6666666667;
69230;2017;127.0;333.0;21770.0;
69230;2018;126.0;329.0;21060.0;
69230;2019;128.0;341.0;21880.0;
69230;2020;128.0;328.0;23920.0;
69230;2021;128.0;330.0;24300.0;
69231;2014;1045.0;2733.5;23767.3333333333;69.0
69231;2015;1054.0;2751.5;23945.7142857143;68.0
69231;2016;1051.0;2739.5;24446.6666666667;64.0
69231;2017;1066.0;2722.0;25010.0;64.0
69231;2018;1059.0;2688.0;25680.0;64.0
69231;2019;1094.0;2746.0;25870.0;71.0
69231;2020;1110.0;2758.0;26250.0;63.0
69231;2021;1119.0;2713.0;26870.0;67.0
69233;2014;469.0;1213.0;28194.6666666667;
69233;2015;475.0;1242.5;30161.6;
69233;2016;466.0;1185.0;30422.6666666667;
69233;2017;467.0;1209.0;32770.0;
69233;2018;469.0;1201.0;32170.0;
69233;2019;474.0;1217.0;32220.0;
69233;2020;477.0;1223.0;33340.0;
69233;2021;462.0;1209.0;35130.0;
69234;2014;608.0;1563.5;22059.3333333333;
69234;2015;620.0;1598.0;22929.2307692308;
69234;2016;629.0;1615.0;23356.6666666667;
69234;2017;621.0;1568.0;23820.0;
69234;2018;643.0;1628.0;24500.0;
69234;2019;656.0;1702.0;24800.0;
69234;2020;679.0;1733.0;25030.0;
69234;2021;688.0;1753.0;26410.0;
69235;2014;798.0;1854.0;21993.2857142857;
69235;2015;804.0;1855.5;22590.0;
69235;2016;808.0;1861.5;22821.0;
69235;2017;824.0;1888.0;23110.0;
69235;2018;846.0;1956.0;23260.0;
69235;2019;867.0;1943.0;23260.0;
69235;2020;867.0;1948.0;24040.0;
69235;2021;849.0;1916.0;24390.0;
69236;2014;222.0;576.5;21175.0;
69236;2015;229.0;576.5;21982.380952381;
69236;2016;229.0;599.5;22093.3333333333;
69236;2017;227.0;588.0;21930.0;
69236;2018;225.0;580.0;23400.0;
69236;2019;232.0;579.0;23250.0;
69236;2020;232.0;575.0;22970.0;
69236;2021;227.0;561.0;24150.0;
69238;2014;1562.0;3535.0;19268.4285714286;49.0
69238;2015;1608.0;3537.5;19259.3333333333;45.0
69238;2016;1626.0;3546.5;19469.0;41.0
69238;2017;1642.0;3589.0;19710.0;41.0
69238;2018;1681.0;3656.0;20270.0;41.0
69238;2019;1720.0;3683.0;20240.0;46.0
69238;2020;1710.0;3668.0;20820.0;39.0
69238;2021;1678.0;3593.0;21800.0;43.0
69239;2014;469.0;1211.5;21844.0;
69239;2015;463.0;1215.5;21993.3333333333;
69239;2016;471.0;1200.5;22560.9523809524;
69239;2017;477.0;1208.0;22770.0;
69239;2018;476.0;1168.0;23420.0;
69239;2019;473.0;1172.0;24030.0;
69239;2020;477.0;1184.0;24260.0;
69239;2021;487.0;1194.0;25940.0;
69240;2014;289.0;643.5;19137.7777777778;
69240;2015;294.0;646.0;19583.0434782609;
69240;2016;293.0;622.5;19767.2222222222;
69240;2017;291.0;623.0;19960.0;
69240;2018;296.0;612.0;21140.0;
69240;2019;303.0;618.0;20510.0;
69240;2020;295.0;608.0;20930.0;
69240;2021;303.0;617.0;21280.0;
69241;2014;931.0;2481.0;25190.0;75.0
69241;2015;951.0;2543.0;25494.7619047619;71.0
69241;2016;949.0;2512.0;25645.2380952381;70.0
69241;2017;965.0;2533.0;26190.0;69.0
69241;2018;987.0;2555.0;27450.0;69.0
69241;2019;999.0;2566.0;27490.0;73.0
69241;2020;1006.0;2587.0;28260.0;68.0
69241;2021;1024.0;2608.0;28720.0;70.0
69242;2014;338.0;982.5;21125.8823529412;
69242;2015;338.0;985.5;21170.6666666667;
69242;2016;333.0;942.0;21376.1538461538;
69242;2017;328.0;904.0;22320.0;
69242;2018;334.0;915.0;23240.0;
69242;2019;342.0;923.0;23460.0;
69242;2020;338.0;907.0;24010.0;
69242;2021;355.0;928.0;23880.0;
69243;2014;4638.0;10508.5;17307.3913043478;44.0
69243;2015;4600.0;10319.5;17538.6666666667;41.0
69243;2016;4520.0;10087.0;17587.5;37.0
69243;2017;4603.0;10191.0;18010.0;37.0
69243;2018;4597.0;10161.0;18500.0;37.0
69243;2019;4708.0;10360.0;18640.0;44.0
69243;2020;4694.0;10183.0;19120.0;36.0
69243;2021;4651.0;9956.0;19730.0;40.0
69244;2014;9435.0;21036.0;25317.3333333333;73.0
69244;2015;9564.0;21263.0;25635.4222222222;71.0
69244;2016;9742.0;21447.0;25807.4074074074;68.0
69244;2017;9559.0;20949.0;26300.0;69.0
69244;2018;9425.0;20525.0;27130.0;68.0
69244;2019;10028.0;21760.0;27540.0;74.0
69244;2020;9991.0;21450.0;27980.0;68.0
69244;2021;9944.0;21170.0;29010.0;69.0
69245;2014;280.0;687.0;23020.0;
69245;2015;277.0;705.0;23610.2564102564;
69245;2016;281.0;704.5;23877.5;
69245;2017;285.0;704.0;24710.0;
69245;2018;284.0;707.0;25040.0;
69245;2019;280.0;695.0;25060.0;
69245;2020;294.0;747.0;25850.0;
69245;2021;304.0;756.0;25830.0;
69246;2014;439.0;1156.5;24291.5;
69246;2015;458.0;1207.5;24998.0952380952;
69246;2016;476.0;1228.0;25525.3333333333;
69246;2017;483.0;1246.0;25500.0;
69246;2018;491.0;1251.0;26490.0;
69246;2019;501.0;1271.0;27180.0;
69246;2020;513.0;1318.0;26750.0;
69246;2021;505.0;1304.0;27890.0;
69248;2014;2520.0;5821.0;18781.9047619048;52.0
69248;2015;2468.0;5656.0;19090.3571428571;48.0
69248;2016;2447.0;5596.0;19273.5;42.0
69248;2017;2429.0;5513.0;19560.0;43.0
69248;2018;2424.0;5446.0;20200.0;43.0
69248;2019;2417.0;5450.0;20280.0;47.0
69248;2020;2465.0;5440.0;20490.0;42.0
69248;2021;2463.0;5381.0;21160.0;44.0
69249;2014;1156.0;3043.0;22536.4;66.0
69249;2015;1196.0;3137.5;23191.0;66.0
69249;2016;1179.0;3033.5;23540.6666666667;62.0
69249;2017;1161.0;2907.0;23860.0;62.0
69249;2018;1202.0;2993.0;24280.0;61.0
69249;2019;1258.0;3081.0;24790.0;67.0
69249;2020;1295.0;3167.0;25260.0;61.0
69249;2021;1322.0;3220.0;26100.0;63.0
69250;2014;1685.0;4150.5;29678.0;79.0
69250;2015;1714.0;4261.5;29652.0;76.0
69250;2016;1733.0;4301.5;30426.6666666667;74.0
69250;2017;1741.0;4296.0;31290.0;74.0
69250;2018;1774.0;4382.0;31840.0;74.0
69250;2019;1843.0;4568.0;31850.0;77.0
69250;2020;1856.0;4585.0;32340.0;74.0
69250;2021;1861.0;4576.0;33530.0;75.0
69252;2014;257.0;706.5;22786.4;
69252;2015;256.0;696.5;23310.5;
69252;2016;268.0;729.0;23197.6923076923;
69252;2017;263.0;717.0;23460.0;
69252;2018;273.0;737.0;24340.0;
69252;2019;277.0;729.0;24320.0;
69252;2020;274.0;714.0;25510.0;
69252;2021;276.0;714.0;25940.0;
69253;2014;232.0;630.5;23923.4782608696;
69253;2015;236.0;644.5;24400.0;
69253;2016;234.0;631.5;25748.4;
69253;2017;229.0;625.0;25500.0;
69253;2018;236.0;631.0;26930.0;
69253;2019;241.0;637.0;26510.0;
69253;2020;246.0;632.0;26230.0;
69253;2021;246.0;648.0;27690.0;
69254;2014;343.0;866.5;18429.0;
69254;2015;346.0;881.5;18520.9523809524;
69254;2016;346.0;880.5;19364.5;
69254;2017;349.0;880.0;19730.0;
69254;2018;344.0;863.0;20980.0;
69254;2019;356.0;894.0;21320.0;
69254;2020;363.0;918.0;21740.0;
69254;2021;376.0;936.0;22710.0;
69255;2014;2077.0;5388.5;24438.5714285714;70.0
69255;2015;2091.0;5427.0;24694.2105263158;67.0
69255;2016;2119.0;5362.0;24903.7;63.0
69255;2017;2221.0;5639.0;25050.0;65.0
69255;2018;2272.0;5750.0;25640.0;65.0
69255;2019;2316.0;5850.0;25900.0;69.0
69255;2020;2328.0;5909.0;26250.0;63.0
69255;2021;2336.0;5907.0;26950.0;64.0
69256;2014;16129.0;45387.5;15015.0;37.0
69256;2015;16306.0;45605.0;15006.3055555556;35.0
69256;2016;16369.0;45403.5;15208.0;32.0
69256;2017;16506.0;45305.0;15520.0;32.0
69256;2018;16610.0;45447.0;15930.0;33.0
69256;2019;17429.0;47228.0;16130.0;41.0
69256;2020;17487.0;46431.0;16770.0;35.0
69256;2021;17520.0;46087.0;17180.0;37.0
69257;2014;400.0;1059.0;21173.6;
69257;2015;409.0;1084.0;22060.0;
69257;2016;414.0;1096.5;22153.4782608696;
69257;2017;421.0;1124.0;22850.0;
69257;2018;419.0;1104.0;23400.0;
69257;2019;390.0;983.0;22730.0;
69257;2020;404.0;981.0;23200.0;
69257;2021;412.0;989.0;24940.0;
69258;2014;131.0;315.0;20654.4;
69258;2015;134.0;323.0;20270.4761904762;
69258;2016;139.0;346.0;19127.3333333333;
69258;2017;129.0;311.0;20400.0;
69258;2018;131.0;310.0;22220.0;
69258;2019;135.0;300.0;23030.0;
69258;2020;131.0;285.0;23080.0;
69258;2021;136.0;293.0;23900.0;
69259;2014;23570.0;61439.5;15636.0;44.0
69259;2015;24112.0;62795.5;15686.6666666667;41.0
69259;2016;24199.0;62368.5;15725.0;38.0
69259;2017;24295.0;62747.0;15920.0;37.0
69259;2018;24495.0;63227.0;16220.0;37.0
69259;2019;25329.0;64841.0;16360.0;44.0
69259;2020;25263.0;63882.0;16850.0;36.0
69259;2021;25157.0;62836.0;17140.0;38.0
69260;2014;1626.0;4390.5;24635.2;69.0
69260;2015;1710.0;4613.0;24465.45;66.0
69260;2016;1797.0;4741.0;24636.6666666667;64.0
69260;2017;1836.0;4806.0;24970.0;64.0
69260;2018;1842.0;4781.0;26170.0;65.0
69260;2019;1961.0;5048.0;25890.0;70.0
69260;2020;1970.0;5002.0;26660.0;63.0
69260;2021;1973.0;4967.0;27760.0;64.0
69261;2014;;;;
69261;2015;;;;
69261;2016;;;;
69261;2017;;;;
69261;2018;;;;
69261;2020;;;;
69261;2021;;;;
69263;2014;342.0;899.5;19490.0;
69263;2015;346.0;911.0;19627.5;
69263;2016;344.0;893.0;20882.1739130435;
69263;2017;344.0;894.0;20860.0;
69263;2018;344.0;873.0;22130.0;
69263;2019;354.0;889.0;21720.0;
69263;2020;358.0;880.0;22600.0;
69263;2021;370.0;892.0;22900.0;
69264;2014;16284.0;35505.0;17338.5;49.0
69264;2015;16213.0;35268.5;17470.0;47.0
69264;2016;16237.0;35236.5;17611.1111111111;43.0
69264;2017;16070.0;34749.0;18020.0;44.0
69264;2018;16048.0;34647.0;18340.0;44.0
69264;2019;16423.0;35190.0;18610.0;51.0
69264;2020;16503.0;34711.0;19030.0;43.0
69264;2021;16443.0;33931.0;19640.0;46.0
69265;2014;310.0;800.5;24349.5;
69265;2015;311.0;809.5;25479.5238095238;
69265;2016;324.0;841.0;24731.3333333333;
69265;2017;324.0;845.0;26270.0;
69265;2018;323.0;829.0;27800.0;
69265;2019;332.0;874.0;28190.0;
69265;2020;338.0;871.0;27910.0;
69265;2021;332.0;860.0;29320.0;
69266;2014;65606.0;141953.0;19010.0;56.0
69266;2015;65592.0;141829.5;19258.0;54.0
69266;2016;66202.0;141461.0;19480.5;52.0
69266;2017;66884.0;142335.0;19790.0;52.0
69266;2018;67683.0;142846.0;20370.0;52.0
69266;2019;66750.0;139635.0;20610.0;59.0
69266;2020;70268.0;145088.0;21010.0;52.0
69266;2021;69635.0;142271.0;21540.0;53.0
69267;2014;813.0;2071.5;21376.6666666667;62.0
69267;2015;815.0;2098.5;21854.7826086957;58.0
69267;2016;832.0;2108.0;21896.0;52.0
69267;2017;821.0;2093.0;23100.0;51.0
69267;2018;829.0;2031.0;23800.0;54.0
69267;2019;837.0;2059.0;23990.0;59.0
69267;2020;859.0;2037.0;24430.0;54.0
69267;2021;843.0;1982.0;24700.0;
69268;2014;1323.0;3579.5;28031.2;81.0
69268;2015;1339.0;3600.0;28889.0;78.0
69268;2016;1367.0;3594.5;28957.3333333333;76.0
69268;2017;1332.0;3447.0;29860.0;74.0
69268;2018;1352.0;3426.0;30850.0;74.0
69268;2019;1406.0;3545.0;31100.0;81.0
69268;2020;1411.0;3565.0;30720.0;73.0
69268;2021;1392.0;3472.0;32340.0;76.0
69269;2014;399.0;995.0;21522.0833333333;
69269;2015;404.0;1008.5;22119.2;
69269;2016;389.0;968.5;22244.0;
69269;2017;390.0;955.0;22120.0;
69269;2018;378.0;903.0;23700.0;
69269;2019;397.0;938.0;24270.0;
69269;2020;414.0;948.0;24450.0;
69269;2021;408.0;918.0;25190.0;
69270;2014;1590.0;4174.5;27328.3333333333;79.0
69270;2015;1602.0;4204.0;27506.0;77.0
69270;2016;1657.0;4325.5;27790.0;74.0
69270;2017;1671.0;4372.0;28510.0;75.0
69270;2018;1699.0;4484.0;29760.0;74.0
69270;2019;1710.0;4499.0;29780.0;78.0
69270;2020;1735.0;4500.0;30260.0;72.0
69270;2021;1699.0;4359.0;31360.0;75.0
69271;2014;3834.0;10065.0;25956.6666666667;76.0
69271;2015;3883.0;10250.5;26197.9487179487;73.0
69271;2016;3982.0;10378.0;26555.25;70.0
69271;2017;4006.0;10379.0;26990.0;69.0
69271;2018;4051.0;10416.0;27790.0;69.0
69271;2019;4020.0;10257.0;27990.0;73.0
69271;2020;4243.0;10587.0;28060.0;67.0
69271;2021;4349.0;10776.0;28750.0;68.0
69272;2014;1574.0;4346.5;26092.6666666667;75.0
69272;2015;1575.0;4334.0;26273.3333333333;72.0
69272;2016;1596.0;4356.0;26368.0;69.0
69272;2017;1618.0;4375.0;26780.0;70.0
69272;2018;1656.0;4385.0;27500.0;69.0
69272;2019;1742.0;4540.0;27530.0;73.0
69272;2020;1788.0;4597.0;27830.0;67.0
69272;2021;1790.0;4619.0;28770.0;68.0
69273;2014;3929.0;10277.0;22601.1111111111;70.0
69273;2015;3942.0;10282.0;22783.6;67.0
69273;2016;3948.0;10170.0;23174.1047619048;63.0
69273;2017;4003.0;10317.0;23380.0;63.0
69273;2018;3993.0;10258.0;23890.0;63.0
69273;2019;3961.0;10155.0;24320.0;68.0
69273;2020;4064.0;10283.0;24730.0;60.0
69273;2021;4045.0;10135.0;25250.0;63.0
69275;2014;11532.0;28252.0;19559.0;59.0
69275;2015;11664.0;28511.5;19795.0;56.0
69275;2016;11590.0;28222.0;19954.0;52.0
69275;2017;11559.0;28034.0;20230.0;52.0
69275;2018;11653.0;28128.0;20730.0;52.0
69275;2019;11902.0;28498.0;21060.0;58.0
69275;2020;11818.0;27949.0;21490.0;51.0
69275;2021;12050.0;28222.0;22050.0;53.0
69276;2014;3542.0;9593.0;20388.9285714286;60.0
69276;2015;3623.0;9742.0;20385.4615384615;57.0
69276;2016;3612.0;9627.0;20589.0476190476;53.0
69276;2017;3689.0;9689.0;20680.0;53.0
69276;2018;3741.0;9717.0;21280.0;53.0
69276;2019;3914.0;10053.0;21120.0;58.0
69276;2020;3905.0;10008.0;21610.0;49.0
69276;2021;3937.0;10060.0;22210.0;50.0
69277;2014;4942.0;13201.0;27382.2857142857;79.0
69277;2015;5040.0;13392.0;27874.7619047619;77.0
69277;2016;5080.0;13360.5;28310.3571428571;75.0
69277;2017;5115.0;13424.0;28710.0;74.0
69277;2018;5214.0;13551.0;29250.0;73.0
69277;2019;5285.0;13822.0;29280.0;78.0
69277;2020;5350.0;13892.0;29780.0;72.0
69277;2021;5364.0;13783.0;30610.0;73.0
69278;2014;2091.0;5483.5;22877.5;67.0
69278;2015;2127.0;5504.0;23372.0833333333;64.0
69278;2016;2136.0;5440.0;23817.3333333333;61.0
69278;2017;2097.0;5324.0;24500.0;62.0
69278;2018;2122.0;5349.0;24980.0;62.0
69278;2019;2131.0;5297.0;25830.0;67.0
69278;2020;2156.0;5321.0;26040.0;61.0
69278;2021;2192.0;5305.0;26920.0;64.0
69279;2014;2084.0;5973.0;24478.0;75.0
69279;2015;2103.0;5983.5;24502.9166666667;72.0
69279;2016;2096.0;5898.0;25194.6666666667;69.0
69279;2017;2134.0;5980.0;25650.0;67.0
69279;2018;2217.0;6077.0;26260.0;67.0
69279;2019;2261.0;6189.0;26320.0;72.0
69279;2020;2304.0;6172.0;26810.0;67.0
69279;2021;2284.0;6069.0;28030.0;68.0
69280;2014;469.0;1375.5;23021.5384615385;
69280;2015;479.0;1361.0;23458.4;
69280;2016;483.0;1389.0;23563.0769230769;
69280;2017;489.0;1407.0;24370.0;
69280;2018;507.0;1417.0;25320.0;
69280;2019;526.0;1474.0;25440.0;
69280;2020;535.0;1507.0;26150.0;
69280;2021;553.0;1547.0;27110.0;
69281;2014;610.0;1637.0;25856.25;
69281;2015;619.0;1653.5;26472.0833333333;
69281;2016;642.0;1696.5;26221.3043478261;
69281;2017;670.0;1760.0;26830.0;
69281;2018;724.0;1870.0;27170.0;
69281;2019;735.0;1905.0;27200.0;
69281;2020;760.0;1945.0;28370.0;
69281;2021;753.0;1907.0;29440.0;
69282;2014;12180.0;32052.5;21207.2;63.0
69282;2015;12446.0;32602.0;21482.0;60.0
69282;2016;12459.0;32389.0;21807.3333333333;57.0
69282;2017;12645.0;32748.0;22090.0;57.0
69282;2018;12913.0;33137.0;22570.0;57.0
69282;2019;13491.0;34232.0;22790.0;63.0
69282;2020;13520.0;34013.0;23280.0;56.0
69282;2021;13752.0;34420.0;23860.0;58.0
69283;2014;4706.0;13077.5;23088.3333333333;70.0
69283;2015;4972.0;13629.0;23031.3043478261;66.0
69283;2016;5092.0;13992.5;23255.0;62.0
69283;2017;5129.0;13961.0;23630.0;62.0
69283;2018;5161.0;13906.0;24290.0;63.0
69283;2019;5231.0;14077.0;24700.0;68.0
69283;2020;5264.0;14070.0;25350.0;62.0
69283;2021;5299.0;14067.0;26070.0;64.0
69284;2014;1096.0;3145.5;28971.3333333333;81.0
69284;2015;1127.0;3210.0;30016.6666666667;79.0
69284;2016;1126.0;3186.5;29929.3333333333;77.0
69284;2017;1155.0;3215.0;30380.0;76.0
69284;2018;1175.0;3207.0;31630.0;77.0
69284;2019;1181.0;3198.0;31780.0;80.0
69284;2020;1209.0;3261.0;32640.0;76.0
69284;2021;1241.0;3302.0;33600.0;79.0
69285;2014;1463.0;4135.5;22983.2142857143;67.0
69285;2015;1466.0;4157.5;22935.7142857143;66.0
69285;2016;1465.0;4098.0;23286.6666666667;63.0
69285;2017;1416.0;3949.0;24090.0;64.0
69285;2018;1463.0;4075.0;25050.0;65.0
69285;2019;1467.0;4117.0;25130.0;70.0
69285;2020;1495.0;4129.0;26040.0;63.0
69285;2021;1488.0;4085.0;27420.0;66.0
69286;2014;11393.0;29979.5;17759.3333333333;50.0
69286;2015;11436.0;29923.0;17988.7222222222;48.0
69286;2016;11390.0;29736.0;17844.3333333333;44.0
69286;2017;11567.0;29971.0;18200.0;45.0
69286;2018;11587.0;29877.0;18850.0;45.0
69286;2019;11742.0;30017.0;19010.0;51.0
69286;2020;11941.0;30122.0;19390.0;44.0
69286;2021;11930.0;29765.0;19980.0;46.0
69287;2014;2474.0;6721.0;25306.0;77.0
69287;2015;2488.0;6759.0;25723.5714285714;75.0
69287;2016;2485.0;6772.0;25980.5555555556;72.0
69287;2017;2498.0;6749.0;26440.0;72.0
69287;2018;2526.0;6776.0;26780.0;71.0
69287;2019;2530.0;6773.0;26960.0;76.0
69287;2020;2554.0;6824.0;27960.0;70.0
69287;2021;2568.0;6829.0;28700.0;71.0
69288;2014;2048.0;5412.5;24018.6666666667;75.0
69288;2015;2093.0;5447.5;24215.0;71.0
69288;2016;2118.0;5491.5;24708.0;69.0
69288;2017;2146.0;5530.0;25330.0;69.0
69288;2018;2132.0;5450.0;25950.0;69.0
69288;2019;2228.0;5634.0;26130.0;74.0
69288;2020;2301.0;5723.0;26720.0;66.0
69288;2021;2362.0;5836.0;27380.0;69.0
69289;2014;1703.0;4589.0;25297.7777777778;74.0
69289;2015;1727.0;4666.0;25401.3333333333;73.0
69289;2016;1741.0;4639.5;25411.3333333333;69.0
69289;2017;1775.0;4704.0;26020.0;70.0
69289;2018;1748.0;4615.0;27050.0;70.0
69289;2019;1812.0;4750.0;26950.0;74.0
69289;2020;1830.0;4763.0;27710.0;68.0
69289;2021;1833.0;4778.0;28430.0;69.0
69290;2014;17389.0;44283.0;19153.0;56.0
69290;2015;17761.0;45554.0;19243.0;53.0
69290;2016;18148.0;46322.5;19394.0;49.0
69290;2017;18557.0;47007.0;19640.0;50.0
69290;2018;18848.0;47551.0;20170.0;50.0
69290;2019;19459.0;48702.0;20290.0;56.0
69290;2020;19879.0;49347.0;20910.0;50.0
69290;2021;20081.0;49800.0;21420.0;53.0
69291;2014;2201.0;5494.5;23412.0;70.0
69291;2015;2251.0;5607.5;23645.6;67.0
69291;2016;2272.0;5586.0;23796.0;64.0
69291;2017;2284.0;5583.0;24410.0;64.0
69291;2018;2324.0;5626.0;25000.0;65.0
69291;2019;2413.0;5777.0;25180.0;71.0
69291;2020;2454.0;5906.0;25590.0;62.0
69291;2021;2416.0;5777.0;26560.0;65.0
69292;2014;2343.0;5427.0;21000.4761904762;64.0
69292;2015;2419.0;5638.0;21288.5555555556;62.0
69292;2016;2460.0;5637.5;21462.0833333333;60.0
69292;2017;2505.0;5608.0;22200.0;59.0
69292;2018;2712.0;6116.0;22730.0;59.0
69292;2019;2706.0;6036.0;23360.0;66.0
69292;2020;2792.0;6203.0;23780.0;58.0
69292;2021;2905.0;6381.0;24460.0;62.0
69293;2014;796.0;2279.5;29003.5;81.0
69293;2015;813.0;2319.5;29387.619047619;79.0
69293;2016;806.0;2223.5;30026.6666666667;77.0
69293;2017;834.0;2311.0;30860.0;79.0
69293;2018;842.0;2284.0;32530.0;80.0
69293;2019;861.0;2297.0;32550.0;82.0
69293;2020;875.0;2343.0;33110.0;77.0
69293;2021;882.0;2353.0;33220.0;77.0
69294;2014;1044.0;2613.5;24197.2;73.0
69294;2015;1084.0;2676.0;24929.2;71.0
69294;2016;1078.0;2669.5;25419.3333333333;68.0
69294;2017;1093.0;2734.0;25280.0;67.0
69294;2018;1135.0;2842.0;25500.0;66.0
69294;2019;1213.0;2979.0;25230.0;70.0
69294;2020;1241.0;3023.0;26220.0;64.0
69294;2021;1264.0;3090.0;26360.0;66.0
69295;2014;626.0;1696.5;24802.2222222222;
69295;2015;641.0;1732.5;25068.0;
69295;2016;676.0;1800.0;25202.869047619;
69295;2017;681.0;1766.0;26150.0;
69295;2018;740.0;1875.0;26550.0;
69295;2019;759.0;1882.0;26790.0;
69295;2020;774.0;1926.0;27450.0;
69295;2021;770.0;1892.0;28190.0;
69296;2014;1128.0;3011.0;26208.4615384615;77.0
69296;2015;1145.0;3055.0;26554.6666666667;73.0
69296;2016;1156.0;3076.5;26500.0;69.0
69296;2017;1152.0;3059.0;26910.0;71.0
69296;2018;1171.0;3095.0;27070.0;70.0
69296;2019;1213.0;3151.0;27560.0;74.0
69296;2020;1227.0;3193.0;28050.0;68.0
69296;2021;1228.0;3185.0;29430.0;72.0
69297;2014;2031.0;5460.0;24144.3333333333;71.0
69297;2015;2037.0;5485.0;24858.5;69.0
69297;2016;2070.0;5568.0;25129.0;65.0
69297;2017;2069.0;5527.0;25430.0;66.0
69297;2018;2072.0;5525.0;26120.0;66.0
69297;2019;2132.0;5638.0;26270.0;71.0
69297;2020;2158.0;5678.0;26320.0;64.0
69297;2021;2200.0;5745.0;27400.0;67.0
69298;2014;1030.0;2875.5;26294.7619047619;77.0
69298;2015;1073.0;2998.5;26275.2380952381;74.0
69298;2016;1085.0;3023.0;26438.8;72.0
69298;2017;1102.0;3042.0;26950.0;73.0
69298;2018;1110.0;3039.0;27680.0;73.0
69298;2019;1098.0;3005.0;28340.0;77.0
69298;2020;1132.0;3092.0;28940.0;71.0
69298;2021;1152.0;3090.0;29590.0;74.0
69299;2014;879.0;2405.5;23897.8260869565;71.0
69299;2015;896.0;2444.5;23829.6666666667;70.0
69299;2016;912.0;2421.5;24004.0;66.0
69299;2017;937.0;2483.0;24720.0;65.0
69299;2018;970.0;2581.0;25410.0;66.0
69299;2019;984.0;2613.0;25580.0;72.0
69299;2020;998.0;2659.0;26370.0;66.0
69299;2021;1003.0;2621.0;27000.0;69.0
