id_commune;id_year;pct_revenus_activite;pct_revenus_salaires_chomage;pct_revenus_activite_non_salariee;pct_pensions_retraites;pct_revenus_patrimoine;pct_prestations_sociales;pct_prestations_familiales;pct_minima_sociaux;pct_prestations_logement;pct_impots;pct_revenus_non_salaries
69001;2014;;;;;;;;;;;
69001;2015;;;;;;;;;;;
69001;2016;;;;;;;;;;;
69001;2017;;;;;;;;;;;
69001;2018;;;;;;;;;;;
69001;2019;;;;;;;;;;;
69001;2020;;;;;;;;;;;
69001;2021;;;;;;;;;;;
69002;2014;;;;;;;;;;;
69002;2015;;;;;;;;;;;
69002;2016;;;;;;;;;;;
69002;2017;;;;;;;;;;;
69002;2018;;;;;;;;;;;
69002;2019;;;;;;;;;;;
69002;2020;;;;;;;;;;;
69002;2021;;;;;;;;;;;
69003;2014;79.6;75.4;;24.8;11.2;4.1;2.1;1.0;1.0;-19.7;4.2
69003;2015;;;80.0;24.2;10.8;4.4;2.2;1.1;1.1;-19.4;4.2
69003;2016;;;79.9;23.9;10.8;4.5;2.1;1.3;1.1;-19.1;4.4
69003;2017;;;81.8;23.8;9.7;4.5;2.1;1.4;1.0;-19.8;4.8
69003;2018;;;83.4;23.7;10.0;4.3;2.0;1.4;0.9;-21.4;4.7
69003;2019;;;78.7;23.2;13.9;4.6;1.9;1.8;0.9;-20.4;4.3
69003;2020;;;81.9;22.8;10.6;4.5;1.7;2.0;0.8;-19.8;4.2
69003;2021;;;83.8;21.9;11.5;3.6;1.5;1.5;0.6;-20.8;4.8
69004;2014;;;;;;;;;;;
69004;2015;;;;;;;;;;;
69004;2016;;;;;;;;;;;
69004;2017;;;;;;;;;;;
69004;2018;;;;;;;;;;;
69004;2019;;;;;;;;;;;
69004;2020;;;;;;;;;;;
69004;2021;;;;;;;;;;;
69005;2014;;;;;;;;;;;
69005;2015;;;;;;;;;;;
69005;2016;;;;;;;;;;;
69005;2017;;;;;;;;;;;
69005;2018;;;;;;;;;;;
69005;2019;;;;;;;;;;;
69005;2020;;;;;;;;;;;
69005;2021;;;;;;;;;;;
69006;2014;62.5;56.7;;34.3;10.3;6.7;2.9;1.8;1.9;-13.8;5.8
69006;2015;;;62.8;34.4;9.9;6.8;2.9;1.9;2.0;-13.9;5.3
69006;2016;;;63.2;34.5;9.0;6.9;2.9;2.1;1.9;-13.6;5.6
69006;2017;;;62.9;35.0;9.3;6.7;2.8;2.2;1.7;-13.9;5.9
69006;2018;;;63.3;35.6;9.0;7.0;2.8;2.5;1.7;-14.9;5.3
69006;2019;;;61.8;36.0;8.7;7.4;2.7;3.0;1.7;-13.9;4.5
69006;2020;;;60.4;34.8;9.5;7.8;2.7;3.5;1.6;-12.5;4.6
69006;2021;;;63.3;34.1;8.6;7.0;2.5;3.1;1.4;-13.0;5.2
69007;2014;82.2;70.3;;22.4;12.5;2.8;1.9;0.6;0.4;-19.9;11.9
69007;2015;;;80.7;22.7;14.6;2.5;1.6;0.5;0.4;-20.5;11.5
69007;2016;;;79.2;22.8;14.2;2.5;1.3;0.7;0.5;-18.7;11.7
69007;2017;;;79.4;23.5;14.1;2.6;1.4;0.7;0.5;-19.6;9.9
69007;2018;;;81.0;22.3;14.0;2.5;1.3;0.7;0.5;-19.8;11.9
69007;2019;;;81.4;22.4;14.3;2.5;1.3;0.8;0.4;-20.6;14.5
69007;2020;;;83.2;22.6;13.2;2.5;1.2;0.9;0.4;-21.5;14.3
69007;2021;;;82.4;23.4;13.2;2.5;1.3;0.9;0.3;-21.5;11.9
69008;2014;;;;;;;;;;;
69008;2015;;;;;;;;;;;
69008;2016;;;;;;;;;;;
69008;2017;;;;;;;;;;;
69008;2018;;;;;;;;;;;
69008;2019;;;;;;;;;;;
69008;2020;;;;;;;;;;;
69008;2021;;;;;;;;;;;
69009;2014;81.0;77.4;;21.6;9.0;4.6;2.8;0.8;1.0;-16.2;3.6
69009;2015;;;81.2;22.0;8.8;4.4;2.6;0.8;1.0;-16.4;3.4
69009;2016;;;81.8;22.3;8.0;4.5;2.5;1.0;1.0;-16.6;3.6
69009;2017;;;82.4;21.4;7.9;4.5;2.5;1.1;0.9;-16.2;3.9
69009;2018;;;83.2;21.6;8.4;4.6;2.5;1.2;0.9;-17.8;4.1
69009;2019;;;81.8;22.3;7.6;5.0;2.5;1.6;0.9;-16.7;4.5
69009;2020;;;81.4;21.9;7.1;5.4;2.6;1.9;0.9;-15.8;3.4
69009;2021;;;83.0;21.0;7.7;4.9;2.3;1.7;0.9;-16.6;3.8
69010;2014;76.8;73.9;;25.1;7.3;5.8;2.8;1.5;1.5;-15.0;2.9
69010;2015;;;76.6;25.5;6.9;5.9;2.7;1.7;1.6;-14.9;2.8
69010;2016;;;76.4;25.6;6.9;6.1;2.7;1.8;1.5;-15.0;2.7
69010;2017;;;75.7;26.0;6.6;6.5;2.8;2.1;1.6;-14.8;2.8
69010;2018;;;76.5;26.9;6.3;6.2;2.7;2.1;1.4;-15.9;2.6
69010;2019;;;76.4;26.0;6.0;6.7;2.6;2.7;1.4;-15.1;2.7
69010;2020;;;75.8;25.4;6.1;6.8;2.6;2.9;1.3;-14.1;2.8
69010;2021;;;77.2;26.0;5.2;6.1;2.4;2.6;1.1;-14.5;2.5
69012;2014;;;;;;;;;;;
69012;2015;;;;;;;;;;;
69012;2016;;;;;;;;;;;
69012;2017;;;;;;;;;;;
69012;2018;;;;;;;;;;;
69012;2019;;;;;;;;;;;
69012;2020;;;;;;;;;;;
69012;2021;;;;;;;;;;;
69013;2014;73.2;69.8;;27.3;11.9;4.1;2.6;0.6;0.8;-16.5;3.4
69013;2015;;;74.7;26.3;12.0;3.8;2.4;0.6;0.8;-16.8;3.7
69013;2016;;;76.8;26.0;10.4;3.6;2.3;0.6;0.7;-16.8;3.8
69013;2017;;;75.9;27.1;9.8;3.9;2.3;0.8;0.8;-16.7;3.8
69013;2018;;;77.4;26.8;9.9;3.7;2.1;0.9;0.7;-17.8;4.1
69013;2019;;;76.7;27.1;8.9;4.1;2.2;1.2;0.7;-16.8;4.0
69013;2020;;;75.9;26.6;8.9;4.4;2.2;1.5;0.7;-15.8;3.8
69013;2021;;;78.2;25.3;8.1;4.4;2.1;1.6;0.7;-16.0;4.2
69014;2014;;;;;;;;;;;
69014;2015;;;;;;;;;;;
69014;2016;;;;;;;;;;;
69014;2017;;;;;;;;;;;
69014;2018;;;;;;;;;;;
69014;2019;;;;;;;;;;;
69014;2020;;;;;;;;;;;
69014;2021;;;;;;;;;;;
69016;2014;;;;;;;;;;;
69016;2015;;;;;;;;;;;
69016;2016;;;;;;;;;;;
69016;2017;;;;;;;;;;;
69016;2018;;;;;;;;;;;
69016;2019;;;;;;;;;;;
69016;2020;;;;;;;;;;;
69016;2021;;;;;;;;;;;
69017;2014;;;;;;;;;;;
69017;2015;;;;;;;;;;;
69017;2016;;;;;;;;;;;
69017;2017;;;;;;;;;;;
69017;2018;;;;;;;;;;;
69017;2019;;;;;;;;;;;
69017;2020;;;;;;;;;;;
69017;2021;;;;;;;;;;;
69018;2014;;;;;;;;;;;
69018;2015;;;;;;;;;;;
69018;2016;;;;;;;;;;;
69018;2017;;;;;;;;;;;
69018;2018;;;;;;;;;;;
69018;2019;;;;;;;;;;;
69018;2020;;;;;;;;;;;
69018;2021;;;;;;;;;;;
69019;2014;72.2;68.7;;25.9;7.1;7.9;3.2;2.2;2.4;-13.1;3.5
69019;2015;;;72.0;25.6;8.1;7.6;3.1;2.3;2.2;-13.3;3.0
69019;2016;;;74.6;24.2;7.3;7.0;3.2;2.1;1.7;-13.1;3.0
69019;2017;;;74.8;24.3;7.4;6.9;3.2;2.1;1.6;-13.4;2.7
69019;2018;;;75.4;23.9;8.7;6.7;3.1;2.2;1.4;-14.7;2.8
69019;2019;;;74.9;24.4;7.3;7.3;3.1;2.8;1.4;-13.9;2.6
69019;2020;;;74.5;24.1;6.8;7.4;3.1;3.0;1.3;-12.8;2.2
69019;2021;;;76.9;23.8;6.2;6.5;2.8;2.6;1.1;-13.4;2.3
69020;2014;;;;;;;;;;;
69020;2015;;;;;;;;;;;
69020;2016;;;;;;;;;;;
69020;2017;;;;;;;;;;;
69020;2018;;;;;;;;;;;
69020;2019;;;;;;;;;;;
69020;2020;;;;;;;;;;;
69020;2021;;;;;;;;;;;
69021;2014;75.4;68.5;;25.5;12.0;3.7;2.6;0.4;0.7;-16.6;6.9
69021;2015;;;74.7;26.0;12.2;3.6;2.5;0.5;0.6;-16.5;6.3
69021;2016;;;75.6;24.9;12.9;3.6;2.3;0.7;0.7;-17.0;7.0
69021;2017;;;75.0;25.9;12.9;3.7;2.2;0.8;0.7;-17.5;6.4
69021;2018;;;74.5;25.7;14.8;3.4;2.1;0.7;0.6;-18.4;6.1
69021;2019;;;73.6;26.3;13.3;3.4;2.0;0.9;0.5;-16.6;5.6
69021;2020;;;73.1;26.5;12.5;3.5;1.9;1.1;0.5;-15.6;5.8
69021;2021;;;74.2;26.4;12.7;3.1;1.8;0.9;0.4;-16.4;6.2
69022;2014;;;;;;;;;;;
69022;2015;;;;;;;;;;;
69022;2016;;;;;;;;;;;
69022;2017;;;;;;;;;;;
69022;2018;;;;;;;;;;;
69022;2019;;;;;;;;;;;
69022;2020;;;;;;;;;;;
69022;2021;;;;;;;;;;;
69023;2014;;;;;;;;;;;
69023;2015;;;;;;;;;;;
69023;2016;;;;;;;;;;;
69023;2017;;;;;;;;;;;
69023;2018;;;;;;;;;;;
69023;2019;;;;;;;;;;;
69023;2020;;;;;;;;;;;
69023;2021;;;;;;;;;;;
69024;2014;72.6;67.0;;28.7;11.1;3.8;2.2;0.8;0.8;-16.2;5.6
69024;2015;;;73.2;29.1;10.9;3.6;2.0;0.9;0.8;-16.8;4.1
69024;2016;;;74.7;27.8;11.1;3.3;1.8;0.8;0.6;-16.9;5.3
69024;2017;;;74.9;28.6;10.6;3.2;1.7;0.9;0.6;-17.3;5.6
69024;2018;;;75.3;28.7;11.3;3.1;1.7;0.9;0.5;-18.4;6.2
69024;2019;;;74.6;29.6;10.0;3.4;1.7;1.2;0.5;-17.6;5.6
69024;2020;;;74.0;30.0;9.9;3.4;1.8;1.1;0.5;-17.3;5.4
69024;2021;;;75.5;29.1;9.5;3.1;1.7;1.0;0.4;-17.2;5.9
69026;2014;;;;;;;;;;;
69026;2015;;;;;;;;;;;
69026;2016;;;;;;;;;;;
69026;2017;;;;;;;;;;;
69026;2018;;;;;;;;;;;
69026;2019;;;;;;;;;;;
69026;2020;;;;;;;;;;;
69026;2021;;;;;;;;;;;
69027;2014;74.7;70.6;;28.0;11.4;3.9;2.1;0.9;0.9;-18.0;4.1
69027;2015;;;74.8;28.3;11.3;3.8;2.0;0.9;0.9;-18.2;4.1
69027;2016;;;75.4;28.3;10.5;3.8;1.9;1.1;0.9;-18.0;4.5
69027;2017;;;75.5;28.2;10.5;3.8;1.9;1.1;0.8;-18.0;4.0
69027;2018;;;77.1;27.5;10.8;3.8;1.8;1.2;0.8;-19.2;4.0
69027;2019;;;76.2;27.6;10.6;4.1;1.8;1.5;0.8;-18.5;3.9
69027;2020;;;76.5;27.5;9.3;4.4;1.8;1.8;0.8;-17.7;3.8
69027;2021;;;77.0;26.6;10.7;3.7;1.6;1.5;0.6;-18.0;3.9
69028;2014;80.1;75.0;;22.7;15.2;2.7;1.9;0.3;0.5;-20.7;5.1
69028;2015;;;81.1;22.4;14.7;2.6;1.7;0.4;0.5;-20.8;5.0
69028;2016;;;81.5;22.4;13.8;2.6;1.6;0.5;0.5;-20.3;5.2
69028;2017;;;82.7;22.1;12.7;2.8;1.7;0.6;0.5;-20.3;4.7
69028;2018;;;83.5;21.6;14.0;2.7;1.6;0.6;0.5;-21.8;4.7
69028;2019;;;83.5;21.1;14.0;2.9;1.5;0.9;0.5;-21.5;4.3
69028;2020;;;81.9;21.3;14.5;2.7;1.4;0.9;0.4;-20.4;3.6
69028;2021;;;82.7;21.4;14.3;2.4;1.4;0.7;0.3;-20.8;4.1
69029;2014;72.9;68.5;;28.1;9.6;6.7;2.9;1.9;1.9;-17.3;4.4
69029;2015;;;72.9;28.1;9.8;6.7;2.8;2.0;1.9;-17.5;4.4
69029;2016;;;73.8;27.6;8.7;7.1;2.8;2.3;2.0;-17.2;4.2
69029;2017;;;73.9;27.4;8.8;7.1;2.9;2.3;1.9;-17.2;4.2
69029;2018;;;75.1;27.4;8.6;7.2;2.9;2.5;1.8;-18.3;4.5
69029;2019;;;74.6;26.9;8.3;7.6;2.8;3.0;1.8;-17.4;4.4
69029;2020;;;74.2;26.5;7.9;7.8;2.8;3.3;1.7;-16.4;4.1
69029;2021;;;76.3;25.9;7.5;7.0;2.6;2.9;1.5;-16.7;4.7
69030;2014;;;;;;;;;;;
69030;2015;;;;;;;;;;;
69030;2016;;;;;;;;;;;
69030;2017;;;;;;;;;;;
69030;2018;;;;;;;;;;;
69030;2019;;;;;;;;;;;
69030;2020;;;;;;;;;;;
69030;2021;;;;;;;;;;;
69031;2014;;;;;;;;;;;
69031;2015;;;;;;;;;;;
69031;2016;;;;;;;;;;;
69031;2017;;;;;;;;;;;
69031;2018;;;;;;;;;;;
69031;2019;;;;;;;;;;;
69031;2020;;;;;;;;;;;
69031;2021;;;;;;;;;;;
69032;2014;;;;;;;;;;;
69032;2015;;;;;;;;;;;
69032;2016;;;;;;;;;;;
69032;2017;;;;;;;;;;;
69032;2018;;;82.4;20.9;10.9;3.4;2.1;0.8;0.5;-17.6;5.9
69032;2019;;;83.7;19.8;10.9;3.1;1.8;0.9;0.4;-17.5;6.4
69032;2020;;;82.6;21.6;9.1;3.3;1.8;1.1;0.4;-16.6;5.5
69032;2021;;;78.0;18.1;19.0;2.5;1.4;0.8;0.3;-17.6;5.1
69033;2014;86.4;78.3;;19.6;13.8;2.0;1.5;0.3;0.2;-21.8;8.1
69033;2015;;;86.3;20.2;14.1;1.9;1.4;0.3;0.2;-22.5;7.1
69033;2016;;;86.2;20.4;13.7;1.8;1.3;0.4;0.2;-22.1;6.9
69033;2017;;;88.0;19.8;13.0;1.7;1.1;0.4;0.2;-22.5;7.5
69033;2018;;;89.6;20.4;12.8;1.6;1.1;0.3;0.2;-24.4;6.4
69033;2019;;;68.4;16.6;36.8;1.4;0.9;0.4;0.1;-23.2;5.3
69033;2020;;;87.3;21.3;13.2;1.9;1.1;0.6;0.2;-23.7;6.6
69033;2021;;;87.0;20.9;13.8;1.6;0.9;0.5;0.2;-23.3;7.5
69034;2014;74.1;68.2;;29.7;14.3;3.5;1.6;0.9;1.0;-21.6;5.9
69034;2015;;;74.1;29.1;15.2;3.4;1.5;0.9;1.0;-21.8;5.7
69034;2016;;;75.1;29.0;14.0;3.5;1.5;1.1;0.9;-21.6;5.9
69034;2017;;;76.0;28.6;13.8;3.4;1.4;1.1;0.9;-21.8;6.2
69034;2018;;;76.9;27.9;15.2;3.3;1.4;1.1;0.8;-23.3;6.2
69034;2019;;;77.1;27.8;14.2;3.6;1.4;1.4;0.8;-22.7;5.9
69034;2020;;;74.9;26.9;16.4;3.6;1.3;1.5;0.8;-21.8;5.3
69034;2021;;;78.2;27.0;13.3;3.3;1.2;1.4;0.7;-21.8;5.9
69035;2014;;;;;;;;;;;
69035;2015;;;;;;;;;;;
69035;2016;;;;;;;;;;;
69035;2017;;;;;;;;;;;
69035;2018;;;;;;;;;;;
69035;2019;;;;;;;;;;;
69035;2020;;;;;;;;;;;
69035;2021;;;;;;;;;;;
69036;2014;;;;;;;;;;;
69036;2015;;;;;;;;;;;
69036;2016;;;;;;;;;;;
69036;2017;;;;;;;;;;;
69036;2018;;;;;;;;;;;
69036;2019;;;;;;;;;;;
69036;2020;;;;;;;;;;;
69036;2021;;;;;;;;;;;
69037;2014;;;;;;;;;;;
69037;2015;;;;;;;;;;;
69037;2016;;;;;;;;;;;
69037;2017;;;;;;;;;;;
69037;2018;;;;;;;;;;;
69037;2019;;;;;;;;;;;
69037;2020;;;;;;;;;;;
69037;2021;;;;;;;;;;;
69038;2014;;;;;;;;;;;
69038;2015;;;;;;;;;;;
69038;2016;;;;;;;;;;;
69038;2017;;;;;;;;;;;
69038;2018;;;;;;;;;;;
69038;2019;;;;;;;;;;;
69038;2020;;;;;;;;;;;
69038;2021;;;;;;;;;;;
69039;2014;;;;;;;;;;;
69039;2015;;;;;;;;;;;
69039;2016;;;;;;;;;;;
69039;2017;;;;;;;;;;;
69039;2018;;;;;;;;;;;
69039;2019;;;;;;;;;;;
69039;2020;;;;;;;;;;;
69039;2021;;;;;;;;;;;
69040;2014;72.7;68.1;;30.5;13.3;3.7;1.8;0.9;1.0;-20.2;4.6
69040;2015;;;72.1;30.4;14.1;3.6;1.7;1.0;0.9;-20.2;4.3
69040;2016;;;72.5;30.8;13.4;3.6;1.5;1.1;0.9;-20.3;4.4
69040;2017;;;73.3;30.0;13.2;3.7;1.6;1.2;0.9;-20.2;4.5
69040;2018;;;74.3;30.2;13.1;3.6;1.6;1.2;0.8;-21.2;3.8
69040;2019;;;73.8;29.7;13.3;4.0;1.5;1.6;0.9;-20.8;3.6
69040;2020;;;75.2;28.8;11.8;4.4;1.6;1.9;0.9;-20.2;3.3
69040;2021;;;77.6;27.7;10.7;4.0;1.5;1.7;0.8;-20.0;3.9
69042;2014;;;;;;;;;;;
69042;2015;;;;;;;;;;;
69042;2016;;;;;;;;;;;
69042;2017;;;;;;;;;;;
69042;2018;;;;;;;;;;;
69042;2019;;;;;;;;;;;
69042;2020;;;;;;;;;;;
69042;2021;;;;;;;;;;;
69043;2014;78.3;72.1;;26.7;14.1;2.6;1.7;0.4;0.5;-21.7;6.2
69043;2015;;;77.3;26.7;14.5;2.5;1.5;0.4;0.5;-21.0;5.8
69043;2016;;;78.1;27.3;13.7;2.5;1.4;0.5;0.5;-21.6;5.9
69043;2017;;;77.7;27.3;14.2;2.4;1.4;0.5;0.5;-21.6;5.2
69043;2018;;;78.5;26.1;16.3;2.3;1.3;0.6;0.4;-23.2;5.3
69043;2019;;;78.1;26.2;15.9;2.3;1.2;0.7;0.4;-22.5;7.4
69043;2020;;;77.9;27.5;14.6;2.6;1.3;0.9;0.4;-22.6;4.7
69043;2021;;;75.7;26.1;17.7;2.4;1.2;0.8;0.4;-21.9;4.9
69044;2014;73.1;66.3;;28.6;22.5;1.7;1.1;0.3;0.4;-25.9;6.8
69044;2015;;;72.3;29.3;22.7;1.6;0.9;0.3;0.4;-25.9;6.6
69044;2016;;;74.4;28.8;21.0;1.5;0.8;0.4;0.3;-25.7;7.0
69044;2017;;;76.2;28.4;20.0;1.5;0.8;0.4;0.3;-26.1;6.5
69044;2018;;;78.4;26.6;20.7;1.5;0.7;0.5;0.3;-27.2;7.1
69044;2019;;;79.1;27.6;19.0;1.7;0.8;0.6;0.3;-27.4;7.9
69044;2020;;;78.1;27.0;19.7;1.9;0.8;0.8;0.3;-26.7;6.5
69044;2021;;;78.1;25.5;22.2;1.6;0.7;0.6;0.3;-27.4;5.2
69045;2014;;;;;;;;;;;
69045;2015;;;;;;;;;;;
69045;2016;;;;;;;;;;;
69045;2017;;;;;;;;;;;
69045;2018;;;;;;;;;;;
69045;2019;;;;;;;;;;;
69045;2020;;;;;;;;;;;
69045;2021;;;;;;;;;;;
69046;2014;79.4;71.4;;26.7;14.6;1.9;1.4;0.2;0.3;-22.6;8.0
69046;2015;;;79.1;26.5;15.4;1.8;1.2;0.3;0.3;-22.8;7.6
69046;2016;;;80.0;26.1;14.8;1.7;1.1;0.3;0.3;-22.6;7.1
69046;2017;;;80.4;25.2;15.7;1.8;1.1;0.4;0.3;-23.1;6.4
69046;2018;;;82.3;24.1;16.3;1.7;1.0;0.4;0.3;-24.4;7.0
69046;2019;;;80.8;25.2;14.5;2.0;1.1;0.6;0.3;-22.5;5.4
69046;2020;;;82.5;25.0;13.0;2.0;1.1;0.6;0.3;-22.5;5.0
69046;2021;;;82.6;25.0;12.8;1.8;1.0;0.5;0.3;-22.2;5.5
69047;2014;;;;;;;;;;;
69047;2015;;;;;;;;;;;
69047;2016;;;;;;;;;;;
69047;2017;;;;;;;;;;;
69047;2018;;;;;;;;;;;
69047;2019;;;;;;;;;;;
69047;2020;;;;;;;;;;;
69047;2021;;;;;;;;;;;
69049;2014;77.1;70.6;;27.6;14.8;2.0;1.5;0.2;0.3;-21.5;6.5
69049;2015;;;76.4;28.8;14.4;1.9;1.3;0.2;0.4;-21.5;6.5
69049;2016;;;76.9;28.4;14.2;1.8;1.1;0.4;0.3;-21.3;6.9
69049;2017;;;78.8;27.6;13.6;1.7;1.1;0.3;0.3;-21.7;6.8
69049;2018;;;79.1;27.8;14.3;1.7;1.1;0.3;0.3;-22.9;6.2
69049;2019;;;77.5;27.8;15.7;1.8;1.1;0.5;0.2;-22.8;5.6
69049;2020;;;75.0;26.6;19.1;1.6;0.9;0.4;0.3;-22.3;5.2
69049;2021;;;77.4;25.2;18.8;1.5;0.9;0.4;0.2;-22.9;4.8
69050;2014;80.9;76.8;;24.9;10.5;2.7;1.7;0.5;0.5;-19.0;4.1
69050;2015;;;80.5;25.3;10.4;2.7;1.7;0.5;0.5;-18.9;3.9
69050;2016;;;81.0;24.6;10.5;2.5;1.6;0.5;0.4;-18.6;4.5
69050;2017;;;80.4;25.4;10.3;2.7;1.6;0.7;0.4;-18.8;4.6
69050;2018;;;80.8;25.1;11.3;2.6;1.5;0.7;0.4;-19.8;4.5
69050;2019;;;80.2;24.9;11.8;2.9;1.5;1.0;0.4;-19.8;4.9
69050;2020;;;79.1;25.5;11.4;3.0;1.5;1.1;0.4;-19.0;3.9
69050;2021;;;80.9;24.9;10.2;2.5;1.4;0.8;0.3;-18.5;4.2
69051;2014;;;;;;;;;;;
69051;2015;;;;;;;;;;;
69051;2016;;;;;;;;;;;
69051;2017;;;;;;;;;;;
69051;2018;;;;;;;;;;;
69051;2019;;;;;;;;;;;
69051;2020;;;;;;;;;;;
69051;2021;;;;;;;;;;;
69052;2014;77.7;73.2;;27.7;10.8;2.5;1.8;0.3;0.4;-18.7;4.5
69052;2015;;;77.9;28.3;10.3;2.3;1.6;0.3;0.4;-18.8;4.3
69052;2016;;;78.4;28.1;10.2;2.2;1.5;0.4;0.4;-18.9;4.2
69052;2017;;;79.4;27.3;10.3;1.9;1.3;0.3;0.3;-18.9;4.8
69052;2018;;;81.7;26.6;10.1;2.0;1.2;0.5;0.3;-20.4;4.8
69052;2019;;;79.9;27.5;10.5;2.2;1.2;0.7;0.3;-20.1;5.0
69052;2020;;;80.3;27.1;9.7;2.2;1.2;0.7;0.3;-19.3;4.5
69052;2021;;;82.8;25.5;9.2;2.1;1.1;0.7;0.3;-19.6;4.7
69053;2014;;;;;;;;;;;
69053;2015;;;;;;;;;;;
69053;2016;;;;;;;;;;;
69053;2017;;;;;;;;;;;
69053;2018;;;;;;;;;;;
69053;2019;;;;;;;;;;;
69053;2020;;;;;;;;;;;
69053;2021;;;;;;;;;;;
69054;2014;;;;;;;;;;;
69054;2015;;;;;;;;;;;
69054;2016;;;;;;;;;;;
69054;2017;;;;;;;;;;;
69054;2018;;;;;;;;;;;
69054;2019;;;;;;;;;;;
69054;2020;;;;;;;;;;;
69054;2021;;;;;;;;;;;
69055;2014;;;;;;;;;;;
69055;2015;;;;;;;;;;;
69055;2016;;;;;;;;;;;
69055;2017;;;;;;;;;;;
69055;2018;;;;;;;;;;;
69055;2019;;;;;;;;;;;
69055;2020;;;;;;;;;;;
69055;2021;;;;;;;;;;;
69056;2014;;;;;;;;;;;
69056;2015;;;;;;;;;;;
69056;2016;;;84.6;20.6;6.6;3.5;2.4;0.6;0.5;-15.3;3.5
69056;2017;;;84.5;21.0;6.6;3.4;2.3;0.6;0.5;-15.5;3.0
69056;2018;;;84.7;21.0;7.7;3.3;2.2;0.7;0.4;-16.7;3.5
69056;2019;;;84.3;21.3;7.1;3.5;2.2;0.9;0.4;-16.2;3.1
69056;2020;;;84.2;22.1;5.9;3.7;2.2;1.1;0.4;-15.9;2.4
69056;2021;;;85.8;20.8;6.0;3.1;1.9;0.9;0.3;-15.7;3.3
69057;2014;;;;;;;;;;;
69057;2015;;;;;;;;;;;
69057;2016;;;;;;;;;;;
69057;2017;;;;;;;;;;;
69057;2018;;;;;;;;;;;
69057;2019;;;;;;;;;;;
69057;2020;;;;;;;;;;;
69057;2021;;;;;;;;;;;
69058;2014;;;;;;;;;;;
69058;2015;;;;;;;;;;;
69058;2016;;;;;;;;;;;
69058;2017;;;;;;;;;;;
69058;2018;;;;;;;;;;;
69058;2019;;;;;;;;;;;
69058;2020;;;;;;;;;;;
69058;2021;;;;;;;;;;;
69059;2014;;;;;;;;;;;
69059;2015;;;;;;;;;;;
69059;2016;;;;;;;;;;;
69059;2017;;;;;;;;;;;
69059;2018;;;;;;;;;;;
69059;2019;;;;;;;;;;;
69059;2020;;;;;;;;;;;
69059;2021;;;;;;;;;;;
69060;2014;;;;;;;;;;;
69060;2015;;;;;;;;;;;
69060;2016;;;;;;;;;;;
69060;2017;;;;;;;;;;;
69060;2018;;;;;;;;;;;
69060;2019;;;;;;;;;;;
69060;2020;;;;;;;;;;;
69060;2021;;;;;;;;;;;
69061;2014;;;;;;;;;;;
69061;2015;;;;;;;;;;;
69061;2016;;;;;;;;;;;
69061;2017;;;;;;;;;;;
69061;2018;;;;;;;;;;;
69061;2019;;;;;;;;;;;
69061;2020;;;;;;;;;;;
69061;2021;;;;;;;;;;;
69062;2014;;;;;;;;;;;
69062;2015;;;;;;;;;;;
69062;2016;;;;;;;;;;;
69062;2017;;;;;;;;;;;
69062;2018;;;;;;;;;;;
69062;2019;;;;;;;;;;;
69062;2020;;;;;;;;;;;
69062;2021;;;;;;;;;;;
69063;2014;86.2;75.6;;20.8;17.4;2.0;1.2;0.4;0.4;-26.4;10.6
69063;2015;;;84.9;21.1;18.1;1.8;1.1;0.3;0.4;-25.9;9.8
69063;2016;;;86.1;21.3;18.0;1.8;1.0;0.4;0.4;-27.2;9.6
69063;2017;;;82.5;21.2;20.8;1.9;1.0;0.5;0.4;-26.4;9.1
69063;2018;;;81.7;20.3;24.3;1.6;0.8;0.5;0.3;-27.9;9.0
69063;2019;;;80.1;21.4;23.4;1.7;0.8;0.6;0.3;-26.6;8.9
69063;2020;;;79.0;21.5;24.0;2.1;0.9;0.8;0.4;-26.6;6.9
69063;2021;;;76.2;19.7;28.1;1.8;0.8;0.7;0.3;-25.8;7.4
69064;2014;71.8;66.3;;29.7;11.3;4.3;2.0;1.1;1.1;-17.1;5.5
69064;2015;;;69.8;30.3;12.8;4.1;1.9;1.1;1.1;-17.0;5.0
69064;2016;;;70.2;30.4;11.5;4.2;1.8;1.3;1.1;-16.3;6.2
69064;2017;;;70.4;30.8;11.4;4.1;1.9;1.2;1.0;-16.7;6.9
69064;2018;;;71.1;31.6;10.5;4.4;2.0;1.4;1.0;-17.6;6.5
69064;2019;;;70.2;30.6;11.2;4.8;2.0;1.8;1.0;-16.8;5.5
69064;2020;;;69.5;31.2;9.5;5.3;2.1;2.2;1.0;-15.5;4.1
69064;2021;;;70.9;31.2;8.8;4.7;1.9;1.9;0.9;-15.6;4.5
69065;2014;;;;;;;;;;;
69065;2015;;;;;;;;;;;
69065;2016;;;;;;;;;;;
69065;2017;;;;;;;;;;;
69065;2018;;;;;;;;;;;
69065;2019;;;;;;;;;;;
69065;2020;;;;;;;;;;;
69065;2021;;;;;;;;;;;
69066;2014;56.9;53.2;;40.2;12.5;4.8;2.2;1.3;1.3;-14.4;3.7
69066;2015;;;57.9;39.2;12.1;5.0;2.2;1.5;1.3;-14.2;4.0
69066;2016;;;57.5;39.6;11.3;5.2;2.1;1.8;1.3;-13.6;3.9
69066;2017;;;56.9;39.6;12.3;5.2;2.1;1.8;1.3;-14.0;3.4
69066;2018;;;57.1;39.5;12.8;5.5;2.1;2.1;1.3;-14.9;3.5
69066;2019;;;56.0;40.5;10.4;6.3;2.3;2.7;1.3;-13.2;3.6
69066;2020;;;55.9;40.4;9.5;6.5;2.2;3.0;1.3;-12.3;3.1
69066;2021;;;56.3;39.3;11.1;5.9;2.1;2.7;1.1;-12.6;3.0
69067;2014;;;;;;;;;;;
69067;2015;;;;;;;;;;;
69067;2016;;;;;;;;;;;
69067;2017;;;;;;;;;;;
69067;2018;;;;;;;;;;;
69067;2019;;;;;;;;;;;
69067;2020;;;;;;;;;;;
69067;2021;;;;;;;;;;;
69068;2014;78.7;73.3;;25.4;12.3;3.2;1.7;0.8;0.7;-19.6;5.4
69068;2015;;;78.3;24.6;14.5;3.0;1.6;0.7;0.7;-20.4;5.6
69068;2016;;;78.7;25.6;13.0;3.3;1.6;0.9;0.7;-20.6;6.3
69068;2017;;;78.0;25.7;13.2;3.1;1.5;0.9;0.7;-20.0;6.8
69068;2018;;;81.2;24.5;13.7;2.8;1.4;0.8;0.6;-22.2;7.7
69068;2019;;;80.4;25.0;12.0;3.1;1.4;1.1;0.6;-20.5;8.3
69068;2020;;;78.4;24.5;14.1;3.4;1.4;1.3;0.7;-20.4;5.7
69068;2021;;;82.2;23.8;11.3;3.2;1.4;1.2;0.6;-20.5;6.8
69069;2014;75.2;71.9;;29.0;11.5;3.3;1.8;0.7;0.8;-19.0;3.3
69069;2015;;;74.7;28.7;12.3;3.3;1.8;0.7;0.8;-19.0;3.3
69069;2016;;;75.1;29.1;11.3;3.3;1.6;0.9;0.8;-18.8;3.4
69069;2017;;;75.7;28.9;10.9;3.4;1.7;0.9;0.8;-18.9;3.4
69069;2018;;;76.9;29.3;10.4;3.4;1.7;1.0;0.7;-20.0;3.8
69069;2019;;;75.9;29.1;10.4;3.8;1.7;1.4;0.7;-19.2;3.9
69069;2020;;;76.0;28.5;10.0;3.9;1.7;1.5;0.7;-18.4;3.5
69069;2021;;;76.9;28.0;10.3;3.5;1.5;1.4;0.6;-18.7;3.7
69070;2014;;;;;;;;;;;
69070;2015;;;;;;;;;;;
69070;2016;;;;;;;;;;;
69070;2017;;;;;;;;;;;
69070;2018;;;;;;;;;;;
69070;2019;;;;;;;;;;;
69070;2020;;;;;;;;;;;
69070;2021;;;;;;;;;;;
69071;2014;;;;;;;;;;;
69071;2015;;;;;;;;;;;
69071;2016;;;;;;;;;;;
69071;2017;;;;;;;;;;;
69071;2018;;;;;;;;;;;
69071;2019;;;;;;;;;;;
69071;2020;;;;;;;;;;;
69071;2021;;;;;;;;;;;
69072;2014;82.0;76.0;;22.8;15.8;2.6;1.6;0.5;0.5;-23.2;6.0
69072;2015;;;81.2;23.4;16.7;2.4;1.4;0.5;0.5;-23.7;6.0
69072;2016;;;82.1;23.8;15.6;2.3;1.3;0.5;0.5;-23.8;5.8
69072;2017;;;81.3;24.3;15.9;2.3;1.3;0.5;0.5;-23.8;5.6
69072;2018;;;82.1;24.0;16.9;2.2;1.2;0.6;0.4;-25.2;5.9
69072;2019;;;80.4;24.7;16.8;2.5;1.2;0.8;0.5;-24.4;5.3
69072;2020;;;82.0;24.3;15.5;2.7;1.2;1.0;0.5;-24.5;4.7
69072;2021;;;82.1;22.7;15.9;2.4;1.1;0.9;0.4;-23.1;5.7
69074;2014;;;;;;;;;;;
69074;2015;;;;;;;;;;;
69074;2016;;;;;;;;;;;
69074;2017;;;;;;;;;;;
69074;2018;;;;;;;;;;;
69074;2019;;;;;;;;;;;
69074;2020;;;;;;;;;;;
69074;2021;;;;;;;;;;;
69075;2014;;;;;;;;;;;
69075;2015;;;;;;;;;;;
69075;2016;;;;;;;;;;;
69075;2017;;;;;;;;;;;
69075;2018;;;;;;;;;;;
69075;2019;;;;;;;;;;;
69075;2020;;;;;;;;;;;
69075;2021;;;;;;;;;;;
69076;2014;82.0;76.7;;23.3;16.4;1.9;1.4;0.2;0.3;-23.6;5.3
69076;2015;;;82.4;23.5;15.9;1.7;1.2;0.3;0.3;-23.5;5.8
69076;2016;;;83.0;22.9;15.8;1.5;1.0;0.3;0.2;-23.2;4.4
69076;2017;;;84.4;22.5;15.3;1.5;0.9;0.4;0.2;-23.7;4.7
69076;2018;;;84.4;22.0;17.4;1.5;0.8;0.5;0.2;-25.3;4.4
69076;2019;;;83.6;22.8;16.5;1.5;0.8;0.5;0.2;-24.4;4.9
69076;2020;;;82.6;23.4;17.8;1.4;0.7;0.5;0.2;-25.2;4.2
69076;2021;;;80.9;22.2;21.1;1.2;0.6;0.4;0.2;-25.4;4.4
69077;2014;;;;;;;;;;;
69077;2015;;;;;;;;;;;
69077;2016;;;;;;;;;;;
69077;2017;;;;;;;;;;;
69077;2018;;;;;;;;;;;
69077;2019;;;;;;;;;;;
69077;2020;;;;;;;;;;;
69077;2021;;;;;;;;;;;
69078;2014;;;;;;;;;;;
69078;2015;;;;;;;;;;;
69078;2016;;;;;;;;;;;
69078;2017;;;;;;;;;;;
69078;2018;;;;;;;;;;;
69078;2019;;;;;;;;;;;
69078;2020;;;;;;;;;;;
69078;2021;;;;;;;;;;;
69080;2014;;;;;;;;;;;
69080;2015;;;;;;;;;;;
69080;2016;;;;;;;;;;;
69080;2017;;;;;;;;;;;
69080;2018;;;;;;;;;;;
69080;2019;;;;;;;;;;;
69080;2020;;;;;;;;;;;
69080;2021;;;;;;;;;;;
69081;2014;69.2;62.9;;32.6;20.1;3.1;1.7;0.7;0.7;-25.0;6.3
69081;2015;;;68.7;32.2;21.1;3.0;1.6;0.7;0.7;-25.0;6.1
69081;2016;;;69.3;32.6;19.9;3.0;1.4;0.8;0.7;-24.8;5.9
69081;2017;;;70.4;31.4;20.3;2.9;1.4;0.8;0.7;-25.0;5.9
69081;2018;;;70.9;31.1;21.9;2.9;1.4;0.9;0.6;-26.8;5.7
69081;2019;;;69.4;30.7;21.0;3.2;1.4;1.1;0.7;-24.3;5.1
69081;2020;;;70.7;31.1;18.4;3.6;1.5;1.4;0.7;-23.8;4.8
69081;2021;;;71.2;30.3;19.6;3.0;1.3;1.1;0.6;-24.1;5.3
69082;2014;;;;;;;;;;;
69082;2015;;;;;;;;;;;
69082;2016;;;;;;;;;;;
69082;2017;;;;;;;;;;;
69082;2018;;;;;;;;;;;
69082;2019;;;;;;;;;;;
69082;2020;;;;;;;;;;;
69082;2021;;;;;;;;;;;
69083;2014;;;;;;;;;;;
69083;2015;;;;;;;;;;;
69083;2016;;;;;;;;;;;
69083;2017;;;;;;;;;;;
69083;2018;;;;;;;;;;;
69083;2019;;;;;;;;;;;
69083;2020;;;;;;;;;;;
69083;2021;;;;;;;;;;;
69084;2014;;;;;;;;;;;
69084;2015;;;;;;;;;;;
69084;2016;;;;;;;;;;;
69084;2017;;;;;;;;;;;
69084;2018;;;;;;;;;;;
69084;2019;;;;;;;;;;;
69084;2020;;;;;;;;;;;
69084;2021;;;;;;;;;;;
69085;2014;;;;;;;;;;;
69085;2015;;;;;;;;;;;
69085;2016;;;;;;;;;;;
69085;2017;;;;;;;;;;;
69085;2018;;;;;;;;;;;
69085;2019;;;;;;;;;;;
69085;2020;;;;;;;;;;;
69085;2021;;;;;;;;;;;
69086;2014;81.5;78.4;;25.9;9.3;2.7;1.9;0.4;0.4;-19.4;3.1
69086;2015;;;81.0;26.0;9.5;2.6;1.8;0.4;0.4;-19.1;3.2
69086;2016;;;80.1;26.7;9.5;2.3;1.6;0.4;0.3;-18.6;3.3
69086;2017;;;81.2;25.9;9.6;2.4;1.6;0.5;0.3;-19.1;3.2
69086;2018;;;83.3;25.3;9.8;2.2;1.5;0.4;0.3;-20.6;4.0
69086;2019;;;80.2;25.1;13.0;2.2;1.4;0.6;0.2;-20.5;3.8
69086;2020;;;80.4;25.9;10.7;2.1;1.3;0.6;0.2;-19.1;3.1
69086;2021;;;82.8;25.5;9.9;1.9;1.2;0.5;0.2;-20.1;3.5
69087;2014;83.6;78.3;;24.2;13.0;2.4;1.6;0.3;0.4;-23.2;5.3
69087;2015;;;81.3;24.5;14.4;2.3;1.5;0.3;0.4;-22.5;6.1
69087;2016;;;80.3;24.4;16.2;2.1;1.3;0.4;0.4;-23.0;5.6
69087;2017;;;81.0;24.2;16.0;2.0;1.2;0.5;0.3;-23.2;5.5
69087;2018;;;83.5;23.6;15.7;1.8;1.1;0.4;0.3;-24.6;5.6
69087;2019;;;83.1;24.2;15.3;2.0;1.1;0.6;0.3;-24.6;5.6
69087;2020;;;85.3;24.3;13.4;2.1;1.2;0.6;0.3;-25.1;5.6
69087;2021;;;72.4;20.0;29.2;1.7;0.9;0.6;0.2;-23.3;5.3
69088;2014;76.5;71.9;;26.9;10.7;4.5;2.2;1.2;1.2;-18.6;4.6
69088;2015;;;77.2;26.1;11.2;4.4;2.0;1.2;1.2;-18.9;4.4
69088;2016;;;77.1;26.6;10.9;4.4;2.0;1.3;1.1;-19.0;4.4
69088;2017;;;76.8;27.7;10.0;4.6;2.1;1.4;1.1;-19.1;4.4
69088;2018;;;78.7;27.2;10.0;4.4;2.0;1.4;1.0;-20.3;4.6
69088;2019;;;78.3;27.0;9.5;4.6;2.0;1.7;0.9;-19.4;4.9
69088;2020;;;78.2;26.5;9.3;4.5;1.9;1.7;0.9;-18.5;4.7
69088;2021;;;78.4;25.5;10.6;4.3;1.8;1.7;0.8;-18.8;4.2
69089;2014;78.5;73.3;;26.5;11.8;3.5;2.1;0.7;0.8;-20.3;5.2
69089;2015;;;78.8;26.2;12.0;3.4;1.9;0.7;0.8;-20.4;5.4
69089;2016;;;79.5;26.2;11.6;3.3;1.8;0.7;0.8;-20.6;5.3
69089;2017;;;80.0;26.0;11.4;3.4;1.8;0.9;0.7;-20.8;5.7
69089;2018;;;81.7;25.5;11.6;3.3;1.7;0.9;0.7;-22.1;5.9
69089;2019;;;81.0;25.5;11.1;3.7;1.7;1.3;0.7;-21.3;5.9
69089;2020;;;79.7;25.4;11.6;3.7;1.7;1.4;0.6;-20.4;5.2
69089;2021;;;80.3;24.7;12.1;3.3;1.5;1.2;0.6;-20.4;4.4
69090;2014;;;;;;;;;;;
69090;2015;;;;;;;;;;;
69090;2016;;;;;;;;;;;
69090;2017;;;;;;;;;;;
69090;2018;;;;;;;;;;;
69090;2019;;;;;;;;;;;
69090;2020;;;;;;;;;;;
69090;2021;;;;;;;;;;;
69091;2014;66.0;64.2;;28.2;6.4;11.5;4.7;3.6;3.3;-12.1;1.8
69091;2015;;;65.2;28.1;6.9;11.9;4.5;3.9;3.4;-12.1;1.9
69091;2016;;;65.8;27.9;6.1;12.3;4.6;4.3;3.4;-12.1;2.0
69091;2017;;;65.5;27.9;5.8;12.7;4.9;4.5;3.3;-11.9;1.9
69091;2018;;;67.0;27.3;5.7;12.8;5.0;4.8;3.0;-12.8;2.0
69091;2019;;;66.3;26.4;5.4;13.8;5.1;5.7;3.0;-11.9;2.4
69091;2020;;;66.2;25.5;4.8;14.3;5.1;6.4;2.8;-10.8;1.8
69091;2021;;;68.8;24.9;4.9;12.8;4.7;5.7;2.4;-11.4;2.1
69092;2014;68.5;63.1;;31.5;10.8;5.8;2.7;1.5;1.7;-16.6;5.4
69092;2015;;;66.9;32.6;11.4;5.9;2.6;1.7;1.7;-16.8;5.1
69092;2016;;;67.3;32.4;10.7;6.0;2.6;1.9;1.6;-16.4;5.4
69092;2017;;;67.5;32.6;10.8;5.6;2.5;1.7;1.4;-16.5;5.6
69092;2018;;;70.0;31.6;10.5;5.5;2.5;1.8;1.2;-17.6;5.5
69092;2019;;;68.4;32.2;10.9;5.9;2.5;2.2;1.2;-17.4;5.9
69092;2020;;;68.5;32.6;9.7;6.0;2.5;2.4;1.1;-16.8;5.1
69092;2021;;;69.7;31.5;10.0;5.4;2.4;2.0;1.0;-16.6;4.0
69093;2014;;;;;;;;;;;
69093;2015;;;;;;;;;;;
69093;2016;;;;;;;;;;;
69093;2017;;;;;;;;;;;
69093;2018;;;;;;;;;;;
69093;2019;;;;;;;;;;;
69093;2020;;;;;;;;;;;
69093;2021;;;;;;;;;;;
69094;2014;77.3;72.8;;26.0;13.2;3.0;1.9;0.5;0.6;-19.5;4.5
69094;2015;;;76.2;26.0;14.1;2.9;1.7;0.5;0.6;-19.2;4.6
69094;2016;;;76.2;26.0;13.8;3.0;1.8;0.6;0.6;-19.0;4.2
69094;2017;;;77.4;26.1;11.9;3.2;1.9;0.7;0.6;-18.6;4.0
69094;2018;;;78.8;26.3;11.7;3.2;1.8;0.8;0.6;-20.0;4.5
69094;2019;;;77.7;26.4;11.2;3.6;1.9;1.1;0.6;-18.9;4.2
69094;2020;;;77.8;26.0;11.1;3.4;1.8;1.1;0.5;-18.3;4.2
69094;2021;;;75.1;24.6;15.3;3.1;1.7;0.9;0.5;-18.1;4.0
69095;2014;;;;;;;;;;;
69095;2015;;;;;;;;;;;
69095;2016;;;;;;;;;;;
69095;2017;;;;;;;;;;;
69095;2018;;;;;;;;;;;
69095;2019;;;;;;;;;;;
69095;2020;;;;;;;;;;;
69095;2021;;;;;;;;;;;
69096;2014;77.8;75.4;;23.0;6.3;7.3;3.6;1.9;1.9;-14.4;2.4
69096;2015;;;77.5;23.0;6.4;7.5;3.6;1.9;1.9;-14.4;2.3
69096;2016;;;77.7;23.1;5.9;7.6;3.6;2.2;1.9;-14.3;2.3
69096;2017;;;77.3;23.8;5.3;7.8;3.7;2.3;1.8;-14.2;2.5
69096;2018;;;78.6;23.7;5.4;7.8;3.8;2.4;1.6;-15.5;2.7
69096;2019;;;77.4;23.4;5.5;8.1;3.7;2.8;1.6;-14.4;2.7
69096;2020;;;77.2;22.6;5.2;8.2;3.6;3.2;1.4;-13.2;2.5
69096;2021;;;79.7;21.9;4.5;7.4;3.4;2.8;1.2;-13.5;2.9
69097;2014;;;;;;;;;;;
69097;2015;;;;;;;;;;;
69097;2016;;;;;;;;;;;
69097;2017;;;;;;;;;;;
69097;2018;;;;;;;;;;;
69097;2019;;;;;;;;;;;
69097;2020;;;;;;;;;;;
69097;2021;;;;;;;;;;;
69098;2014;;;;;;;;;;;
69098;2015;;;;;;;;;;;
69098;2016;;;;;;;;;;;
69098;2017;;;;;;;;;;;
69098;2018;;;;;;;;;;;
69098;2019;;;;;;;;;;;
69098;2020;;;;;;;;;;;
69098;2021;;;;;;;;;;;
69099;2014;;;;;;;;;;;
69099;2015;;;;;;;;;;;
69099;2016;;;;;;;;;;;
69099;2017;;;;;;;;;;;
69099;2018;;;;;;;;;;;
69099;2019;;;;;;;;;;;
69099;2020;;;;;;;;;;;
69099;2021;;;;;;;;;;;
69100;2014;78.0;73.1;;26.5;9.5;4.1;2.3;1.0;0.8;-18.1;4.9
69100;2015;;;77.2;27.1;9.9;4.1;2.2;1.1;0.8;-18.3;4.3
69100;2016;;;77.4;27.6;8.9;4.3;2.2;1.3;0.9;-18.2;4.2
69100;2017;;;76.5;27.5;9.3;4.5;2.3;1.4;0.8;-17.8;4.1
69100;2018;;;77.1;27.9;9.8;4.5;2.3;1.4;0.8;-19.3;4.4
69100;2019;;;76.0;27.7;10.2;4.8;2.3;1.7;0.8;-18.7;4.1
69100;2020;;;75.6;27.8;8.6;5.1;2.3;2.1;0.7;-17.1;4.0
69100;2021;;;77.2;27.5;7.8;4.6;2.1;1.8;0.7;-17.1;4.0
69102;2014;;;;;;;;;;;
69102;2015;;;;;;;;;;;
69102;2016;;;;;;;;;;;
69102;2017;;;;;;;;;;;
69102;2018;;;;;;;;;;;
69102;2019;;;;;;;;;;;
69102;2020;;;;;;;;;;;
69102;2021;;;;;;;;;;;
69103;2014;;;;;;;;;;;
69103;2015;;;;;;;;;;;
69103;2016;;;;;;;;;;;
69103;2017;;;;;;;;;;;
69103;2018;;;;;;;;;;;
69103;2019;;;;;;;;;;;
69103;2020;;;;;;;;;;;
69103;2021;;;;;;;;;;;
69104;2014;;;;;;;;;;;
69104;2015;;;;;;;;;;;
69104;2016;;;;;;;;;;;
69104;2017;;;;;;;;;;;
69104;2018;;;;;;;;;;;
69104;2019;;;;;;;;;;;
69104;2020;;;;;;;;;;;
69104;2021;;;;;;;;;;;
69105;2014;;;;;;;;;;;
69105;2015;;;;;;;;;;;
69105;2016;;;;;;;;;;;
69105;2017;;;;;;;;;;;
69105;2018;;;;;;;;;;;
69105;2019;;;;;;;;;;;
69105;2020;;;;;;;;;;;
69105;2021;;;;;;;;;;;
69106;2014;;;;;;;;;;;
69106;2015;;;;;;;;;;;
69106;2016;;;;;;;;;;;
69106;2017;;;;;;;;;;;
69106;2018;;;;;;;;;;;
69106;2019;;;;;;;;;;;
69106;2020;;;;;;;;;;;
69106;2021;;;;;;;;;;;
69107;2014;;;;;;;;;;;
69107;2015;;;;;;;;;;;
69107;2016;;;;;;;;;;;
69107;2017;;;;;;;;;;;
69107;2018;;;;;;;;;;;
69107;2019;;;;;;;;;;;
69107;2020;;;;;;;;;;;
69107;2021;;;;;;;;;;;
69108;2014;;;;;;;;;;;
69108;2015;;;;;;;;;;;
69108;2016;;;;;;;;;;;
69108;2017;;;;;;;;;;;
69108;2018;;;;;;;;;;;
69108;2019;;;;;;;;;;;
69108;2020;;;;;;;;;;;
69108;2021;;;;;;;;;;;
69109;2014;;;;;;;;;;;
69109;2015;;;;;;;;;;;
69109;2016;;;;;;;;;;;
69109;2017;;;;;;;;;;;
69109;2018;;;;;;;;;;;
69109;2019;;;;;;;;;;;
69109;2020;;;;;;;;;;;
69109;2021;;;;;;;;;;;
69110;2014;;;;;;;;;;;
69110;2015;;;;;;;;;;;
69110;2016;;;;;;;;;;;
69110;2017;;;;;;;;;;;
69110;2018;;;;;;;;;;;
69110;2019;;;;;;;;;;;
69110;2020;;;;;;;;;;;
69110;2021;;;;;;;;;;;
69111;2014;;;;;;;;;;;
69111;2015;;;;;;;;;;;
69111;2016;;;;;;;;;;;
69111;2017;;;;;;;;;;;
69111;2018;;;;;;;;;;;
69111;2019;;;;;;;;;;;
69111;2020;;;;;;;;;;;
69111;2021;;;;;;;;;;;
69112;2014;82.5;77.6;;21.6;13.9;2.5;1.7;0.4;0.4;-20.5;4.9
69112;2015;;;81.9;21.5;14.4;2.4;1.6;0.4;0.4;-20.2;5.0
69112;2016;;;82.5;22.0;13.1;2.5;1.5;0.5;0.5;-20.1;4.7
69112;2017;;;83.0;21.7;12.6;2.5;1.4;0.6;0.5;-19.8;4.9
69112;2018;;;84.1;21.2;12.9;2.6;1.4;0.7;0.5;-20.8;4.6
69112;2019;;;83.4;21.5;12.6;2.6;1.4;0.8;0.4;-20.1;4.5
69112;2020;;;83.8;22.1;11.5;2.7;1.4;0.9;0.4;-20.1;4.4
69112;2021;;;85.3;21.7;10.8;2.5;1.3;0.8;0.4;-20.3;4.6
69113;2014;;;;;;;;;;;
69113;2015;;;;;;;;;;;
69113;2016;;;;;;;;;;;
69113;2017;;;;;;;;;;;
69113;2018;;;;;;;;;;;
69113;2019;;;;;;;;;;;
69113;2020;;;;;;;;;;;
69113;2021;;;;;;;;;;;
69114;2014;;;;;;;;;;;
69114;2015;;;;;;;;;;;
69115;2014;68.2;63.8;;31.7;12.7;4.9;2.4;1.2;1.3;-17.5;4.4
69115;2015;;;68.3;31.1;13.0;4.9;2.5;1.1;1.3;-17.3;4.6
69115;2016;;;68.1;31.2;12.6;4.9;2.5;1.2;1.3;-16.8;3.6
69115;2017;;;69.1;31.6;11.4;4.8;2.5;1.1;1.2;-16.9;3.9
69115;2018;;;68.9;30.5;14.5;4.7;2.4;1.2;1.1;-18.6;3.7
69115;2019;;;69.1;32.3;11.2;5.0;2.5;1.5;1.0;-17.6;3.6
69115;2020;;;69.6;31.1;11.5;5.2;2.5;1.7;1.0;-17.4;3.6
69115;2021;;;71.0;30.7;11.2;4.8;2.4;1.5;0.9;-17.7;3.6
69116;2014;85.6;76.9;;21.3;20.7;2.1;1.3;0.4;0.4;-29.7;8.7
69116;2015;;;81.7;22.2;20.9;2.0;1.2;0.4;0.5;-26.8;10.0
69116;2016;;;82.5;21.6;20.5;2.1;1.1;0.5;0.5;-26.7;10.2
69116;2017;;;82.4;22.1;20.0;2.0;1.1;0.5;0.4;-26.5;9.2
69116;2018;;;83.2;21.2;20.7;2.0;1.0;0.6;0.4;-27.1;8.9
69116;2019;;;77.3;20.8;26.0;2.2;1.0;0.8;0.4;-26.3;7.2
69116;2020;;;80.3;21.7;24.5;2.4;1.0;0.9;0.5;-28.9;6.6
69116;2021;;;79.3;18.9;26.0;2.0;0.9;0.7;0.4;-26.2;6.2
69117;2014;80.9;74.0;;24.9;14.1;2.2;1.7;0.3;0.2;-22.1;6.9
69117;2015;;;80.9;24.3;15.1;2.1;1.5;0.3;0.3;-22.4;7.2
69117;2016;;;81.0;24.7;15.0;1.9;1.2;0.4;0.2;-22.6;7.2
69117;2017;;;79.9;24.9;15.5;1.9;1.2;0.5;0.2;-22.2;6.2
69117;2018;;;80.8;25.8;14.4;2.0;1.3;0.4;0.3;-23.0;7.0
69117;2019;;;79.2;24.7;17.0;2.0;1.2;0.5;0.3;-22.9;7.2
69117;2020;;;80.3;25.3;14.2;2.1;1.2;0.6;0.3;-21.9;5.5
69117;2021;;;81.1;24.0;15.2;2.0;1.1;0.6;0.3;-22.3;6.0
69118;2014;75.7;70.8;;25.8;10.6;3.8;2.5;0.5;0.8;-15.9;4.9
69118;2015;;;74.2;27.1;10.5;3.9;2.4;0.7;0.9;-15.7;4.9
69118;2016;;;73.7;27.7;9.9;4.1;2.3;0.9;0.9;-15.4;3.6
69118;2017;;;74.4;27.4;9.3;3.8;2.3;0.7;0.8;-14.9;3.2
69118;2018;;;73.8;28.3;10.3;4.0;2.4;0.8;0.8;-16.4;3.1
69118;2019;;;73.9;28.7;8.8;4.3;2.3;1.2;0.8;-15.7;2.8
69118;2020;;;72.6;28.9;8.7;4.4;2.3;1.4;0.7;-14.6;2.8
69118;2021;;;73.4;28.0;9.8;3.7;2.1;1.1;0.5;-14.9;2.6
69119;2014;;;;;;;;;;;
69119;2015;;;;;;;;;;;
69119;2016;;;;;;;;;;;
69119;2017;;;;;;;;;;;
69119;2018;;;;;;;;;;;
69119;2019;;;;;;;;;;;
69119;2020;;;;;;;;;;;
69119;2021;;;;;;;;;;;
69120;2014;;;;;;;;;;;
69120;2015;;;;;;;;;;;
69120;2016;;;;;;;;;;;
69120;2017;;;;;;;;;;;
69120;2018;;;;;;;;;;;
69120;2019;;;;;;;;;;;
69120;2020;;;;;;;;;;;
69120;2021;;;;;;;;;;;
69121;2014;78.6;74.7;;26.2;8.9;3.6;2.3;0.5;0.8;-17.3;3.9
69121;2015;;;79.5;26.3;8.4;3.2;2.0;0.5;0.7;-17.4;4.4
69121;2016;;;80.2;26.1;7.7;3.4;2.0;0.7;0.7;-17.4;5.0
69121;2017;;;80.2;25.4;8.5;3.3;1.9;0.7;0.7;-17.4;5.2
69121;2018;;;81.2;25.7;8.4;3.2;1.9;0.7;0.6;-18.5;5.3
69121;2019;;;80.3;25.9;8.4;3.3;1.7;1.0;0.6;-17.9;4.8
69121;2020;;;79.8;26.1;7.8;3.5;1.7;1.1;0.7;-17.2;4.4
69121;2021;;;82.0;25.0;7.0;3.1;1.6;1.0;0.5;-17.1;4.2
69122;2014;;;;;;;;;;;
69122;2015;;;;;;;;;;;
69122;2016;;;;;;;;;;;
69122;2017;;;;;;;;;;;
69122;2018;;;;;;;;;;;
69122;2019;;;;;;;;;;;
69122;2020;;;;;;;;;;;
69122;2021;;;83.8;23.3;12.1;2.1;1.2;0.6;0.3;-21.3;5.6
69123;2014;81.1;75.3;;22.6;11.7;5.0;1.8;1.5;1.7;-20.4;5.8
69123;2015;;;80.8;22.4;12.5;4.9;1.7;1.6;1.6;-20.6;5.8
69123;2016;;;81.8;22.3;11.7;4.9;1.6;1.7;1.6;-20.7;5.9
69123;2017;;;82.5;22.0;11.4;4.9;1.6;1.8;1.5;-20.8;5.8
69123;2018;;;83.0;21.2;13.5;4.7;1.6;1.8;1.3;-22.4;6.0
69123;2019;;;83.2;21.1;11.7;5.2;1.6;2.2;1.4;-21.2;5.9
69123;2020;;;83.2;21.0;11.0;5.3;1.5;2.5;1.3;-20.5;5.4
69123;2021;;;83.6;20.5;11.8;4.8;1.4;2.2;1.2;-20.7;5.8
69124;2014;;;;;;;;;;;
69124;2015;;;;;;;;;;;
69124;2016;;;;;;;;;;;
69124;2017;;;;;;;;;;;
69124;2018;;;;;;;;;;;
69124;2019;;;;;;;;;;;
69124;2020;;;;;;;;;;;
69124;2021;;;;;;;;;;;
69125;2014;;;;;;;;;;;
69125;2015;;;;;;;;;;;
69125;2016;;;;;;;;;;;
69125;2017;;;;;;;;;;;
69125;2018;;;;;;;;;;;
69125;2019;;;;;;;;;;;
69125;2020;;;;;;;;;;;
69125;2021;;;;;;;;;;;
69126;2014;;;;;;;;;;;
69126;2015;;;;;;;;;;;
69126;2016;;;;;;;;;;;
69126;2017;;;;;;;;;;;
69126;2018;;;;;;;;;;;
69126;2019;;;;;;;;;;;
69126;2020;;;;;;;;;;;
69126;2021;;;;;;;;;;;
69127;2014;85.6;81.5;;21.1;10.2;2.7;1.9;0.3;0.5;-19.6;4.1
69127;2015;;;84.4;21.2;10.8;2.7;1.8;0.4;0.6;-19.1;3.9
69127;2016;;;84.7;21.8;10.1;2.9;1.7;0.5;0.7;-19.5;4.5
69127;2017;;;85.6;21.4;9.6;3.0;1.7;0.6;0.7;-19.6;4.6
69127;2018;;;86.1;21.9;10.5;2.9;1.6;0.7;0.6;-21.4;5.2
69127;2019;;;85.1;22.5;9.9;3.3;1.7;1.0;0.6;-20.8;4.9
69127;2020;;;85.0;22.8;8.8;3.4;1.5;1.2;0.7;-20.0;4.3
69127;2021;;;86.0;23.3;7.4;3.1;1.5;1.0;0.6;-19.8;5.0
69130;2014;;;;;;;;;;;
69130;2015;;;;;;;;;;;
69130;2016;;;;;;;;;;;
69130;2017;;;;;;;;;;;
69130;2018;;;;;;;;;;;
69130;2019;;;;;;;;;;;
69130;2020;;;;;;;;;;;
69130;2021;;;;;;;;;;;
69131;2014;80.5;75.7;;21.9;12.3;3.0;2.3;0.3;0.5;-17.7;4.8
69131;2015;;;79.0;22.4;13.3;3.0;2.1;0.4;0.5;-17.7;5.0
69131;2016;;;79.8;22.9;12.5;2.8;1.9;0.5;0.4;-18.0;5.5
69131;2017;;;79.6;23.9;11.7;2.8;1.9;0.5;0.4;-18.0;4.7
69131;2018;;;82.2;23.1;11.6;2.8;1.8;0.6;0.4;-19.7;5.0
69131;2019;;;82.0;23.2;10.1;3.0;1.7;0.9;0.4;-18.3;5.2
69131;2020;;;80.5;23.4;10.6;3.0;1.7;1.0;0.3;-17.5;4.6
69131;2021;;;80.7;23.5;10.9;2.6;1.5;0.8;0.3;-17.7;4.5
69132;2014;;;;;;;;;;;
69132;2015;;;;;;;;;;;
69132;2016;;;;;;;;;;;
69132;2017;;;;;;;;;;;
69132;2018;;;;;;;;;;;
69132;2019;;;;;;;;;;;
69132;2020;;;;;;;;;;;
69132;2021;;;;;;;;;;;
69133;2014;81.3;76.3;;22.6;14.3;2.4;1.7;0.4;0.3;-20.6;5.0
69133;2015;;;81.1;23.0;15.1;2.2;1.5;0.4;0.4;-21.4;4.9
69133;2016;;;81.1;22.9;14.5;2.3;1.4;0.5;0.4;-20.8;4.7
69133;2017;;;82.2;22.6;14.5;2.2;1.3;0.5;0.4;-21.5;4.9
69133;2018;;;84.2;22.7;13.8;2.1;1.3;0.5;0.3;-22.8;4.6
69133;2019;;;83.3;23.0;14.6;2.2;1.2;0.7;0.3;-23.1;4.8
69133;2020;;;81.3;22.3;17.3;2.3;1.2;0.8;0.3;-23.2;3.8
69133;2021;;;83.7;22.8;15.3;1.9;1.0;0.6;0.3;-23.7;4.4
69134;2014;;;;;;;;;;;
69134;2015;;;;;;;;;;;
69134;2016;;;;;;;;;;;
69134;2017;;;;;;;;;;;
69134;2018;;;;;;;;;;;
69134;2019;;;;;;;;;;;
69134;2020;;;;;;;;;;;
69134;2021;;;;;;;;;;;
69135;2014;;;;;;;;;;;
69135;2015;;;;;;;;;;;
69135;2016;;;;;;;;;;;
69135;2017;;;;;;;;;;;
69135;2018;;;;;;;;;;;
69135;2019;;;;;;;;;;;
69135;2020;;;;;;;;;;;
69135;2021;;;;;;;;;;;
69136;2014;74.8;70.1;;28.1;13.9;2.8;2.0;0.4;0.4;-19.6;4.7
69136;2015;;;74.5;28.5;13.6;2.7;1.9;0.4;0.4;-19.3;4.3
69136;2016;;;74.7;28.3;13.0;2.7;1.9;0.5;0.4;-18.7;4.0
69136;2017;;;75.0;27.9;12.9;2.6;1.8;0.5;0.3;-18.4;4.1
69136;2018;;;76.9;26.9;13.0;2.8;1.8;0.6;0.4;-19.6;4.1
69136;2019;;;77.1;27.3;11.8;3.0;1.8;0.8;0.4;-19.2;4.0
69136;2020;;;76.2;27.2;11.6;3.1;1.7;1.0;0.4;-18.1;4.3
69136;2021;;;79.1;26.4;10.2;2.7;1.5;0.8;0.4;-18.4;4.8
69137;2014;;;;;;;;;;;
69137;2015;;;;;;;;;;;
69137;2016;;;;;;;;;;;
69137;2017;;;;;;;;;;;
69137;2018;;;;;;;;;;;
69137;2019;;;;;;;;;;;
69137;2020;;;;;;;;;;;
69137;2021;;;;;;;;;;;
69138;2014;;;;;;;;;;;
69138;2015;;;;;;;;;;;
69138;2016;;;;;;;;;;;
69138;2017;;;;;;;;;;;
69138;2018;;;;;;;;;;;
69138;2019;;;;;;;;;;;
69138;2020;;;;;;;;;;;
69138;2021;;;;;;;;;;;
69139;2014;;;;;;;;;;;
69139;2015;;;;;;;;;;;
69139;2016;;;;;;;;;;;
69139;2017;;;;;;;;;;;
69139;2018;;;;;;;;;;;
69139;2019;;;;;;;;;;;
69139;2020;;;;;;;;;;;
69139;2021;;;;;;;;;;;
69140;2014;81.5;74.7;;23.7;12.7;2.4;1.8;0.4;0.3;-20.3;6.8
69140;2015;;;81.0;24.0;13.5;2.2;1.5;0.3;0.3;-20.7;6.1
69140;2016;;;82.2;23.5;13.1;2.2;1.5;0.4;0.3;-21.0;6.1
69140;2017;;;82.6;23.8;12.0;2.2;1.5;0.4;0.3;-20.6;6.1
69140;2018;;;82.5;23.6;14.6;2.1;1.4;0.4;0.3;-22.8;6.1
69140;2019;;;79.9;24.4;15.1;2.1;1.3;0.5;0.3;-21.5;5.6
69140;2020;;;82.4;24.6;11.4;2.2;1.3;0.6;0.3;-20.6;5.4
69140;2021;;;82.0;23.4;13.2;2.0;1.2;0.5;0.3;-20.6;6.3
69141;2014;75.8;70.9;;26.2;13.2;3.0;1.9;0.5;0.6;-18.2;4.9
69141;2015;;;76.8;26.6;11.8;2.9;1.8;0.5;0.6;-18.1;5.3
69141;2016;;;76.9;26.7;11.4;3.0;1.7;0.7;0.6;-18.0;5.1
69141;2017;;;77.3;26.9;10.7;3.0;1.7;0.7;0.6;-17.9;5.5
69141;2018;;;78.1;27.1;11.3;2.8;1.6;0.7;0.5;-19.3;4.5
69141;2019;;;77.6;27.2;10.1;3.1;1.6;1.0;0.5;-18.0;4.6
69141;2020;;;77.1;27.4;9.8;3.0;1.5;1.0;0.5;-17.3;4.0
69141;2021;;;77.2;27.3;10.6;2.8;1.4;0.9;0.5;-17.9;4.2
69142;2014;70.7;65.1;;30.3;12.2;5.8;2.2;1.9;1.7;-19.0;5.6
69142;2015;;;70.1;29.8;13.3;6.0;2.2;2.0;1.8;-19.2;5.7
69142;2016;;;71.6;29.2;12.7;5.8;2.0;2.1;1.7;-19.3;6.2
69142;2017;;;74.0;28.2;12.0;5.7;2.0;2.1;1.6;-19.9;5.2
69142;2018;;;74.9;27.4;12.9;5.5;1.9;2.2;1.4;-20.7;6.7
69142;2019;;;73.7;27.1;13.2;6.0;1.9;2.7;1.4;-20.0;7.2
69142;2020;;;75.5;26.3;11.6;6.4;2.0;3.0;1.4;-19.8;6.9
69142;2021;;;76.1;26.7;10.6;6.0;1.8;2.9;1.3;-19.4;6.4
69143;2014;70.5;67.7;;31.1;8.6;5.7;2.3;1.7;1.8;-15.9;2.8
69143;2015;;;69.9;31.0;9.6;5.6;2.1;1.8;1.7;-16.1;2.4
69143;2016;;;70.3;31.2;8.8;5.7;2.0;2.0;1.6;-16.0;2.2
69143;2017;;;71.5;30.1;8.8;5.7;2.1;2.0;1.6;-16.1;2.4
69143;2018;;;73.5;29.7;8.6;5.5;2.0;2.1;1.4;-17.3;2.7
69143;2019;;;72.0;29.9;8.3;6.1;2.1;2.6;1.4;-16.3;2.7
69143;2020;;;71.7;29.4;8.3;6.1;2.0;2.8;1.3;-15.5;2.5
69143;2021;;;74.7;28.5;7.3;5.5;1.9;2.5;1.1;-16.0;3.0
69145;2014;;;;;;;;;;;
69145;2015;;;;;;;;;;;
69145;2016;;;;;;;;;;;
69145;2017;;;;;;;;;;;
69145;2018;;;;;;;;;;;
69145;2019;;;;;;;;;;;
69145;2020;;;;;;;;;;;
69145;2021;;;;;;;;;;;
69148;2014;79.7;74.0;;23.2;15.6;2.6;1.7;0.4;0.5;-21.1;5.7
69148;2015;;;81.8;22.0;14.5;2.3;1.5;0.3;0.4;-20.6;6.3
69148;2016;;;82.7;22.3;13.4;2.4;1.5;0.4;0.4;-20.8;6.1
69148;2017;;;83.3;21.9;13.9;2.3;1.4;0.5;0.4;-21.4;6.6
69148;2018;;;86.2;20.8;12.5;2.2;1.3;0.5;0.4;-21.7;6.1
69148;2019;;;84.8;20.5;13.2;2.5;1.4;0.7;0.4;-21.0;5.5
69148;2020;;;83.4;20.6;13.7;2.2;1.2;0.7;0.3;-19.9;5.4
69148;2021;;;82.9;21.0;15.1;2.0;1.1;0.6;0.3;-21.0;5.4
69149;2014;75.0;71.8;;27.9;8.0;5.7;2.4;1.6;1.6;-16.6;3.2
69149;2015;;;75.1;27.6;8.4;5.6;2.3;1.7;1.6;-16.7;3.2
69149;2016;;;75.9;27.5;7.8;5.6;2.2;1.9;1.5;-16.8;3.1
69149;2017;;;76.4;27.2;7.6;5.6;2.2;1.9;1.5;-16.8;3.0
69149;2018;;;77.9;26.9;7.3;5.6;2.2;2.1;1.3;-17.7;3.1
69149;2019;;;77.4;26.2;7.1;6.0;2.2;2.5;1.3;-16.7;3.4
69149;2020;;;77.5;26.0;6.4;6.1;2.1;2.7;1.3;-16.0;3.2
69149;2021;;;79.0;25.4;6.4;5.4;1.9;2.4;1.1;-16.2;3.5
69151;2014;;;;;;;;;;;
69151;2015;;;;;;;;;;;
69151;2016;;;;;;;;;;;
69151;2017;;;;;;;;;;;
69151;2018;;;;;;;;;;;
69151;2019;;;;;;;;;;;
69151;2020;;;;;;;;;;;
69151;2021;;;;;;;;;;;
69153;2014;;;;;;;;;;;
69153;2015;;;;;;;;;;;
69153;2016;;;;;;;;;;;
69153;2017;;;;;;;;;;;
69153;2018;;;;;;;;;;;
69153;2019;;;;;;;;;;;
69153;2020;;;;;;;;;;;
69153;2021;;;;;;;;;;;
69154;2014;84.0;78.3;;19.8;12.6;2.9;2.1;0.3;0.4;-19.3;5.7
69154;2015;;;84.0;20.3;13.0;2.8;1.9;0.4;0.4;-20.1;5.3
69154;2016;;;84.6;20.6;12.1;2.6;1.8;0.5;0.4;-19.9;6.0
69154;2017;;;83.5;20.8;12.4;2.7;1.8;0.5;0.4;-19.4;6.0
69154;2018;;;85.1;20.5;12.5;2.7;1.8;0.5;0.4;-20.8;6.0
69154;2019;;;83.3;21.1;12.4;2.8;1.6;0.8;0.4;-19.6;6.0
69154;2020;;;82.1;20.9;13.1;2.7;1.5;0.9;0.3;-18.8;4.9
69154;2021;;;84.0;21.1;11.5;2.5;1.4;0.8;0.3;-19.1;4.9
69155;2014;;;;;;;;;;;
69155;2015;;;;;;;;;;;
69155;2016;;;;;;;;;;;
69155;2017;;;;;;;;;;;
69155;2018;;;;;;;;;;;
69155;2019;;;;;;;;;;;
69155;2020;;;;;;;;;;;
69155;2021;;;;;;;;;;;
69156;2014;78.0;71.8;;25.4;14.9;2.5;1.9;0.3;0.4;-20.8;6.2
69156;2015;;;77.4;24.4;16.5;2.3;1.7;0.2;0.4;-20.6;5.8
69156;2016;;;78.8;25.6;14.6;2.3;1.6;0.3;0.3;-21.3;5.7
69156;2017;;;79.2;25.5;14.3;2.1;1.5;0.3;0.3;-21.1;6.6
69156;2018;;;78.7;23.4;18.4;2.0;1.4;0.3;0.3;-22.5;5.8
69156;2019;;;80.0;24.5;15.7;2.1;1.3;0.5;0.3;-22.3;5.6
69156;2020;;;80.0;25.0;15.3;2.0;1.2;0.5;0.3;-22.3;5.4
69156;2021;;;80.5;24.5;14.9;2.0;1.1;0.6;0.3;-21.9;5.2
69157;2014;71.7;67.2;;29.3;9.1;4.4;2.6;0.8;0.9;-14.5;4.5
69157;2015;;;71.0;30.1;8.9;4.4;2.4;1.0;1.0;-14.4;4.2
69157;2016;;;74.8;27.8;9.3;3.7;2.2;0.8;0.6;-15.6;5.8
69157;2017;;;74.7;27.9;9.3;3.6;2.2;0.8;0.6;-15.5;5.9
69157;2018;;;75.6;27.6;9.8;3.7;2.2;0.9;0.6;-16.7;5.7
69157;2019;;;75.0;27.7;9.7;3.7;2.1;1.1;0.5;-16.1;6.0
69157;2020;;;74.9;27.2;9.0;3.7;2.1;1.1;0.5;-14.8;5.4
69157;2021;;;76.7;27.4;8.3;3.4;1.9;1.0;0.5;-15.8;5.1
69160;2014;;;;;;;;;;;
69160;2015;;;;;;;;;;;
69160;2016;;;;;;;;;;;
69160;2017;;;;;;;;;;;
69160;2018;;;;;;;;;;;
69160;2019;;;;;;;;;;;
69160;2020;;;;;;;;;;;
69160;2021;;;;;;;;;;;
69161;2014;;;;;;;;;;;
69161;2015;;;;;;;;;;;
69161;2016;;;;;;;;;;;
69161;2017;;;;;;;;;;;
69161;2018;;;;;;;;;;;
69161;2019;;;;;;;;;;;
69161;2020;;;;;;;;;;;
69161;2021;;;;;;;;;;;
69162;2014;;;;;;;;;;;
69162;2015;;;;;;;;;;;
69162;2016;;;;;;;;;;;
69162;2017;;;;;;;;;;;
69162;2018;;;;;;;;;;;
69162;2019;;;;;;;;;;;
69162;2020;;;;;;;;;;;
69162;2021;;;;;;;;;;;
69163;2014;80.3;76.5;;23.1;9.5;3.1;2.2;0.4;0.5;-16.0;3.8
69163;2015;;;80.5;23.3;8.8;3.3;2.3;0.5;0.5;-15.9;3.5
69163;2016;;;81.7;23.1;7.6;3.2;2.2;0.6;0.4;-15.6;3.7
69163;2017;;;81.3;23.4;7.8;3.3;2.2;0.7;0.4;-15.8;3.7
69163;2018;;;81.3;24.0;9.0;3.1;2.0;0.7;0.4;-17.4;3.4
69163;2019;;;81.4;24.0;8.4;3.1;1.9;0.9;0.3;-16.9;3.1
69163;2020;;;80.5;24.3;8.5;3.1;1.8;1.0;0.3;-16.4;3.1
69163;2021;;;81.7;23.7;8.2;2.9;1.7;0.9;0.3;-16.5;3.4
69164;2014;;;;;;;;;;;
69164;2015;;;;;;;;;;;
69164;2016;;;;;;;;;;;
69164;2017;;;;;;;;;;;
69164;2018;;;;;;;;;;;
69164;2019;;;;;;;;;;;
69164;2020;;;;;;;;;;;
69164;2021;;;;;;;;;;;
69165;2014;;;;;;;;;;;
69165;2015;;;;;;;;;;;
69165;2016;;;;;;;;;;;
69165;2017;;;;;;;;;;;
69165;2018;;;;;;;;;;;
69165;2019;;;;;;;;;;;
69165;2020;;;;;;;;;;;
69165;2021;;;;;;;;;;;
69166;2014;;;;;;;;;;;
69166;2015;;;;;;;;;;;
69166;2016;;;;;;;;;;;
69166;2017;;;;;;;;;;;
69166;2018;;;;;;;;;;;
69166;2019;;;;;;;;;;;
69166;2020;;;;;;;;;;;
69166;2021;;;;;;;;;;;
69167;2014;;;;;;;;;;;
69167;2015;;;;;;;;;;;
69167;2016;;;;;;;;;;;
69167;2017;;;;;;;;;;;
69167;2018;;;;;;;;;;;
69167;2019;;;;;;;;;;;
69167;2020;;;;;;;;;;;
69167;2021;;;;;;;;;;;
69168;2014;;;;;;;;;;;
69168;2015;;;;;;;;;;;
69168;2016;;;;;;;;;;;
69168;2017;;;;;;;;;;;
69168;2018;;;;;;;;;;;
69168;2019;;;;;;;;;;;
69168;2020;;;;;;;;;;;
69168;2021;;;;;;;;;;;
69169;2014;;;;;;;;;;;
69169;2015;;;;;;;;;;;
69169;2016;;;;;;;;;;;
69169;2017;;;;;;;;;;;
69169;2018;;;;;;;;;;;
69169;2019;;;;;;;;;;;
69169;2020;;;;;;;;;;;
69169;2021;;;;;;;;;;;
69170;2014;;;;;;;;;;;
69170;2015;;;;;;;;;;;
69170;2016;;;;;;;;;;;
69170;2017;;;;;;;;;;;
69170;2018;;;;;;;;;;;
69170;2019;;;;;;;;;;;
69170;2020;;;;;;;;;;;
69170;2021;;;;;;;;;;;
69171;2014;77.2;74.0;;25.3;9.0;4.4;2.4;0.9;1.1;-15.9;3.2
69171;2015;;;77.2;25.8;8.2;4.7;2.3;1.2;1.1;-15.9;3.3
69171;2016;;;77.4;25.9;8.4;4.5;2.3;1.2;1.0;-16.2;3.0
69171;2017;;;78.0;25.6;8.0;4.2;2.2;1.1;0.9;-15.8;3.1
69171;2018;;;78.0;26.0;9.0;4.3;2.0;1.3;1.0;-17.3;3.3
69171;2019;;;77.8;26.0;8.0;4.7;2.0;1.8;0.9;-16.5;3.7
69171;2020;;;77.2;25.7;7.9;4.5;2.1;1.6;0.8;-15.3;3.5
69171;2021;;;77.4;25.4;9.1;4.0;1.9;1.4;0.7;-15.9;3.9
69172;2014;;;;;;;;;;;
69172;2015;;;;;;;;;;;
69172;2016;;;;;;;;;;;
69172;2017;;;;;;;;;;;
69172;2018;;;;;;;;;;;
69172;2019;;;;;;;;;;;
69172;2020;;;;;;;;;;;
69172;2021;;;;;;;;;;;
69173;2014;;;;;;;;;;;
69173;2015;;;;;;;;;;;
69173;2016;;;;;;;;;;;
69173;2017;;;;;;;;;;;
69173;2018;;;;;;;;;;;
69173;2019;;;;;;;;;;;
69173;2020;;;;;;;;;;;
69173;2021;;;;;;;;;;;
69174;2014;;;;;;;;;;;
69174;2015;;;;;;;;;;;
69174;2016;;;;;;;;;;;
69174;2017;;;;;;;;;;;
69174;2018;;;;;;;;;;;
69174;2019;;;;;;;;;;;
69174;2020;;;;;;;;;;;
69174;2021;;;;;;;;;;;
69175;2014;74.2;70.4;;25.1;13.6;3.6;2.4;0.7;0.6;-16.5;3.8
69175;2015;;;74.8;25.6;12.4;3.5;2.1;0.8;0.6;-16.3;3.5
69175;2016;;;75.1;26.2;11.2;3.6;2.0;0.9;0.6;-16.1;3.7
69175;2017;;;75.1;26.1;11.6;3.4;1.9;0.9;0.6;-16.2;4.2
69175;2018;;;76.4;26.4;11.6;3.4;1.8;1.0;0.6;-17.8;3.8
69175;2019;;;75.6;27.4;11.0;3.3;1.7;1.1;0.5;-17.3;4.0
69175;2020;;;75.4;27.0;10.8;3.4;1.5;1.3;0.6;-16.6;4.5
69175;2021;;;75.4;27.1;11.1;3.0;1.5;1.0;0.5;-16.6;3.8
69176;2014;83.6;78.7;;20.9;9.9;3.3;2.5;0.4;0.5;-17.7;4.9
69176;2015;;;83.7;20.6;10.1;3.2;2.3;0.4;0.5;-17.6;4.5
69176;2016;;;83.6;20.6;9.8;3.4;2.3;0.6;0.5;-17.4;4.5
69176;2017;;;83.4;21.1;9.8;3.1;2.1;0.6;0.4;-17.4;4.1
69176;2018;;;84.1;21.6;9.8;3.2;2.1;0.7;0.4;-18.7;4.1
69176;2019;;;83.1;22.0;9.6;3.3;2.0;0.9;0.4;-18.0;3.4
69176;2020;;;82.6;22.5;8.9;3.2;1.9;0.9;0.4;-17.2;3.9
69176;2021;;;83.2;22.0;9.4;2.8;1.7;0.8;0.3;-17.4;4.7
69177;2014;79.3;74.9;;25.6;9.3;3.2;2.3;0.5;0.4;-17.4;4.4
69177;2015;;;78.8;26.3;9.5;3.0;2.1;0.4;0.5;-17.6;4.4
69177;2016;;;80.5;26.1;7.6;3.0;2.1;0.5;0.4;-17.2;4.5
69177;2017;;;80.1;26.2;8.1;2.8;1.9;0.5;0.4;-17.2;4.6
69177;2018;;;83.0;24.7;9.4;2.5;1.6;0.6;0.3;-19.6;4.8
69177;2019;;;82.3;24.7;8.3;2.8;1.7;0.8;0.3;-18.1;3.7
69177;2020;;;80.4;24.5;9.9;2.7;1.6;0.8;0.3;-17.5;3.9
69177;2021;;;81.4;23.5;9.7;2.6;1.5;0.8;0.3;-17.2;4.2
69178;2014;;;;;;;;;;;
69178;2015;;;;;;;;;;;
69178;2016;;;;;;;;;;;
69178;2017;;;;;;;;;;;
69178;2018;;;;;;;;;;;
69178;2019;;;;;;;;;;;
69178;2020;;;;;;;;;;;
69178;2021;;;;;;;;;;;
69179;2014;;;;;;;;;;;
69179;2015;;;;;;;;;;;
69179;2016;;;82.9;22.6;9.1;2.6;1.7;0.5;0.4;-17.2;5.4
69179;2017;;;82.8;22.7;9.0;2.7;1.7;0.6;0.4;-17.2;5.6
69179;2018;;;83.2;23.0;9.9;2.5;1.6;0.6;0.3;-18.6;6.6
69179;2019;;;83.0;23.4;8.8;2.7;1.7;0.7;0.3;-17.9;5.4
69179;2020;;;81.3;23.9;9.3;2.7;1.6;0.8;0.3;-17.2;5.4
69179;2021;;;83.6;23.5;8.4;2.3;1.5;0.6;0.2;-17.8;5.2
69180;2014;;;;;;;;;;;
69180;2015;;;;;;;;;;;
69180;2016;;;;;;;;;;;
69180;2017;;;;;;;;;;;
69180;2018;;;;;;;;;;;
69180;2019;;;;;;;;;;;
69180;2020;;;;;;;;;;;
69180;2021;;;;;;;;;;;
69181;2014;;;;;;;;;;;
69181;2015;;;;;;;;;;;
69181;2016;;;;;;;;;;;
69181;2017;;;;;;;;;;;
69181;2018;;;;;;;;;;;
69181;2019;;;;;;;;;;;
69181;2020;;;;;;;;;;;
69181;2021;;;;;;;;;;;
69182;2014;;;;;;;;;;;
69182;2015;;;;;;;;;;;
69182;2016;;;;;;;;;;;
69182;2017;;;;;;;;;;;
69182;2018;;;;;;;;;;;
69182;2019;;;;;;;;;;;
69182;2020;;;;;;;;;;;
69182;2021;;;;;;;;;;;
69183;2014;;;;;;;;;;;
69183;2015;;;;;;;;;;;
69183;2016;;;;;;;;;;;
69183;2017;;;;;;;;;;;
69183;2018;;;;;;;;;;;
69183;2019;;;;;;;;;;;
69183;2020;;;;;;;;;;;
69183;2021;;;;;;;;;;;
69184;2014;;;;;;;;;;;
69184;2015;;;;;;;;;;;
69184;2016;;;;;;;;;;;
69184;2017;;;;;;;;;;;
69184;2018;;;;;;;;;;;
69184;2019;;;;;;;;;;;
69184;2020;;;;;;;;;;;
69184;2021;;;;;;;;;;;
69186;2014;;;;;;;;;;;
69186;2015;;;;;;;;;;;
69186;2016;;;;;;;;;;;
69186;2017;;;;;;;;;;;
69186;2018;;;;;;;;;;;
69186;2019;;;;;;;;;;;
69186;2020;;;;;;;;;;;
69186;2021;;;;;;;;;;;
69187;2014;;;;;;;;;;;
69187;2015;;;;;;;;;;;
69187;2016;;;;;;;;;;;
69187;2017;;;;;;;;;;;
69187;2018;;;;;;;;;;;
69187;2019;;;;;;;;;;;
69187;2020;;;;;;;;;;;
69187;2021;;;;;;;;;;;
69188;2014;;;;;;;;;;;
69188;2015;;;;;;;;;;;
69188;2016;;;;;;;;;;;
69188;2017;;;;;;;;;;;
69188;2018;;;;;;;;;;;
69188;2019;;;;;;;;;;;
69188;2020;;;;;;;;;;;
69188;2021;;;;;;;;;;;
69189;2014;;;;;;;;;;;
69189;2015;;;;;;;;;;;
69189;2016;;;;;;;;;;;
69189;2017;;;;;;;;;;;
69189;2018;;;;;;;;;;;
69189;2019;;;69.3;33.3;13.0;3.7;1.2;1.6;0.9;-19.3;5.7
69189;2020;;;67.4;35.2;11.9;3.7;1.1;1.7;0.9;-18.2;5.5
69189;2021;;;69.0;35.9;11.0;3.5;1.1;1.6;0.8;-19.4;5.7
69190;2014;82.8;77.9;;22.0;13.6;2.0;1.5;0.3;0.3;-20.4;4.9
69190;2015;;;82.6;22.7;13.4;2.2;1.5;0.4;0.3;-20.9;4.9
69190;2016;;;84.3;22.5;11.4;2.1;1.4;0.4;0.3;-20.3;4.8
69190;2017;;;83.3;22.7;12.6;2.1;1.4;0.4;0.3;-20.7;4.8
69190;2018;;;84.6;24.0;11.2;2.1;1.3;0.5;0.3;-21.9;5.0
69190;2019;;;82.4;23.5;12.9;2.3;1.4;0.6;0.3;-21.1;4.4
69190;2020;;;81.5;24.2;12.4;2.4;1.4;0.7;0.3;-20.5;4.4
69190;2021;;;82.8;24.4;12.7;1.9;1.2;0.5;0.2;-21.8;4.7
69191;2014;79.8;69.9;;25.3;24.5;1.5;0.9;0.3;0.3;-31.1;9.9
69191;2015;;;81.6;23.9;24.1;1.3;0.7;0.3;0.3;-30.9;9.3
69191;2016;;;83.6;23.4;23.6;1.2;0.6;0.4;0.3;-31.8;8.7
69191;2017;;;80.4;24.9;23.8;1.5;0.7;0.5;0.3;-30.6;8.3
69191;2018;;;79.7;23.0;28.6;1.4;0.6;0.5;0.3;-32.7;8.4
69191;2019;;;73.0;21.8;36.7;1.4;0.6;0.5;0.3;-32.9;7.4
69191;2020;;;83.0;23.7;25.7;1.7;0.7;0.7;0.3;-34.1;8.5
69191;2021;;;76.8;21.1;29.7;1.5;0.6;0.6;0.3;-29.1;7.7
69192;2014;;;;;;;;;;;
69192;2015;;;;;;;;;;;
69192;2016;;;;;;;;;;;
69192;2017;;;;;;;;;;;
69192;2018;;;;;;;;;;;
69192;2019;;;;;;;;;;;
69192;2020;;;;;;;;;;;
69192;2021;;;;;;;;;;;
69193;2014;;;;;;;;;;;
69193;2015;;;;;;;;;;;
69193;2016;;;;;;;;;;;
69193;2017;;;;;;;;;;;
69193;2018;;;;;;;;;;;
69193;2019;;;;;;;;;;;
69193;2020;;;;;;;;;;;
69193;2021;;;;;;;;;;;
69194;2014;77.0;67.7;;25.7;26.0;1.4;0.9;0.2;0.2;-30.1;9.3
69194;2015;;;77.1;25.3;26.3;1.2;0.7;0.3;0.2;-29.9;9.9
69194;2016;;;78.6;25.6;24.7;1.2;0.6;0.4;0.2;-30.1;9.5
69194;2017;;;82.3;24.4;23.3;1.1;0.6;0.3;0.2;-31.1;8.7
69194;2018;;;80.4;23.1;28.0;1.0;0.5;0.3;0.2;-32.5;8.1
69194;2019;;;82.0;24.0;25.1;1.1;0.5;0.4;0.2;-32.2;8.3
69194;2020;;;82.0;24.2;23.8;1.2;0.5;0.5;0.2;-31.2;7.3
69194;2021;;;79.1;22.4;28.0;1.1;0.5;0.4;0.2;-30.6;7.6
69196;2014;;;;;;;;;;;
69196;2015;;;;;;;;;;;
69196;2016;;;;;;;;;;;
69196;2017;;;;;;;;;;;
69196;2018;;;;;;;;;;;
69196;2019;;;;;;;;;;;
69196;2020;;;;;;;;;;;
69196;2021;;;;;;;;;;;
69197;2014;79.0;72.9;;20.4;12.5;4.4;2.9;0.7;0.8;-16.3;6.1
69197;2015;;;79.2;19.9;12.0;4.3;2.7;0.7;0.8;-15.4;5.9
69197;2016;;;79.4;20.2;11.7;4.1;2.5;0.9;0.8;-15.4;6.2
69197;2017;;;80.6;20.1;10.4;4.1;2.6;0.9;0.6;-15.2;6.0
69197;2018;;;81.0;20.7;11.3;3.8;2.3;0.9;0.6;-16.8;6.1
69197;2019;;;82.0;20.5;9.6;4.1;2.3;1.2;0.6;-16.2;6.3
69197;2020;;;81.3;20.3;10.3;3.9;2.1;1.3;0.5;-15.8;6.1
69197;2021;;;82.8;20.9;8.5;3.6;2.1;1.0;0.5;-15.8;7.2
69198;2014;;;;;;;;;;;
69198;2015;;;;;;;;;;;
69198;2016;;;;;;;;;;;
69198;2017;;;;;;;;;;;
69198;2018;;;;;;;;;;;
69198;2019;;;;;;;;;;;
69198;2020;;;;;;;;;;;
69198;2021;;;;;;;;;;;
69199;2014;66.0;64.2;;26.2;4.6;14.4;5.6;4.5;4.3;-11.2;1.8
69199;2015;;;66.2;25.5;4.5;14.9;5.6;4.9;4.4;-11.1;1.8
69199;2016;;;66.0;25.4;4.3;15.4;5.8;5.2;4.4;-11.1;1.7
69199;2017;;;66.4;25.0;4.0;15.5;6.0;5.2;4.3;-10.9;1.9
69199;2018;;;68.3;24.4;3.8;15.3;6.0;5.5;3.8;-11.8;2.0
69199;2019;;;67.5;23.2;3.8;16.5;6.3;6.4;3.8;-11.0;1.9
69199;2020;;;66.7;22.9;3.5;16.8;6.1;7.2;3.5;-9.9;2.0
69199;2021;;;70.5;21.8;3.1;15.0;5.7;6.2;3.1;-10.4;2.5
69200;2014;;;;;;;;;;;
69200;2015;;;;;;;;;;;
69200;2016;;;;;;;;;;;
69200;2017;;;;;;;;;;;
69200;2018;;;;;;;;;;;
69200;2019;;;;;;;;;;;
69200;2020;;;;;;;;;;;
69200;2021;;;;;;;;;;;
69201;2014;;;;;;;;;;;
69201;2015;;;;;;;;;;;
69201;2016;;;;;;;;;;;
69201;2017;;;;;;;;;;;
69201;2018;;;;;;;;;;;
69201;2019;;;;;;;;;;;
69201;2020;;;;;;;;;;;
69201;2021;;;;;;;;;;;
69202;2014;73.4;66.8;;30.0;16.9;2.8;1.5;0.6;0.6;-23.1;6.6
69202;2015;;;72.6;29.8;17.9;2.7;1.4;0.6;0.6;-23.0;6.7
69202;2016;;;73.4;30.1;17.1;2.7;1.3;0.8;0.6;-23.3;6.2
69202;2017;;;73.9;29.9;16.7;2.7;1.3;0.8;0.6;-23.2;6.7
69202;2018;;;75.4;29.4;17.2;2.7;1.3;0.9;0.5;-24.7;6.6
69202;2019;;;73.4;29.6;18.0;3.0;1.3;1.1;0.6;-24.0;6.0
69202;2020;;;74.7;29.7;15.6;3.2;1.3;1.3;0.6;-23.2;5.7
69202;2021;;;75.0;28.9;16.4;2.8;1.2;1.1;0.5;-23.1;6.1
69203;2014;;;;;;;;;;;
69203;2015;;;;;;;;;;;
69203;2016;;;;;;;;;;;
69203;2017;;;;;;;;;;;
69203;2018;;;;;;;;;;;
69203;2019;;;;;;;;;;;
69203;2020;;;;;;;;;;;
69203;2021;;;;;;;;;;;
69204;2014;75.1;69.8;;28.6;12.1;3.9;2.0;1.0;0.9;-19.7;5.3
69204;2015;;;73.8;29.1;12.5;3.9;1.9;1.0;0.9;-19.3;5.1
69204;2016;;;74.4;29.5;11.4;3.9;1.9;1.1;0.9;-19.2;4.9
69204;2017;;;74.5;29.5;11.3;4.0;1.9;1.2;0.9;-19.3;4.9
69204;2018;;;75.7;29.5;11.4;3.9;1.8;1.3;0.8;-20.5;5.0
69204;2019;;;74.8;29.0;11.9;4.2;1.8;1.6;0.8;-19.9;5.0
69204;2020;;;74.9;29.2;10.9;4.4;1.8;1.8;0.8;-19.4;4.4
69204;2021;;;75.9;28.6;11.1;4.0;1.7;1.6;0.7;-19.6;5.1
69205;2014;79.9;74.6;;26.9;11.2;2.4;1.6;0.4;0.5;-20.4;5.3
69205;2015;;;79.3;27.0;11.9;2.4;1.5;0.4;0.5;-20.6;4.8
69205;2016;;;79.5;27.7;11.2;2.5;1.4;0.6;0.5;-20.9;4.6
69205;2017;;;78.8;28.1;11.6;2.5;1.4;0.6;0.5;-21.0;4.3
69205;2018;;;79.3;27.9;12.5;2.7;1.6;0.6;0.5;-22.4;4.3
69205;2019;;;79.6;27.4;11.8;2.9;1.6;0.8;0.5;-21.7;4.2
69205;2020;;;78.5;27.2;11.7;2.9;1.5;0.9;0.5;-20.3;3.8
69205;2021;;;79.9;26.7;10.9;2.8;1.5;0.9;0.4;-20.3;4.1
69206;2014;75.9;70.9;;23.9;15.3;3.8;2.2;0.9;0.7;-18.9;5.0
69206;2015;;;75.2;24.3;14.4;3.9;2.1;1.0;0.8;-17.8;5.6
69206;2016;;;75.7;24.2;14.1;3.8;1.9;1.2;0.6;-17.8;5.6
69206;2017;;;76.4;24.9;13.1;3.6;2.0;1.0;0.6;-18.0;5.1
69206;2018;;;77.3;24.8;13.0;3.5;1.9;1.1;0.5;-18.6;6.0
69206;2019;;;77.5;25.0;11.6;3.7;1.9;1.3;0.5;-17.8;6.5
69206;2020;;;76.5;25.1;11.9;3.6;1.8;1.4;0.4;-17.1;6.2
69206;2021;;;76.4;23.3;14.2;3.5;1.8;1.3;0.4;-17.4;6.1
69207;2014;81.7;78.4;;22.1;10.1;4.4;2.6;0.7;1.0;-18.3;3.3
69207;2015;;;81.1;22.3;10.2;4.4;2.5;0.9;1.0;-18.0;3.8
69207;2016;;;81.6;22.8;9.8;4.4;2.4;1.0;1.0;-18.6;3.3
69207;2017;;;82.3;22.5;9.7;4.1;2.2;1.0;0.9;-18.6;3.3
69207;2018;;;83.6;21.8;10.3;3.9;2.1;1.0;0.8;-19.6;3.6
69207;2019;;;82.2;23.4;9.2;4.1;2.0;1.3;0.8;-18.9;3.3
69207;2020;;;83.6;22.4;8.8;4.3;2.0;1.5;0.8;-19.1;3.1
69207;2021;;;85.7;21.1;7.9;4.1;2.0;1.3;0.8;-18.8;3.7
69208;2014;82.4;77.2;;21.2;11.7;2.9;2.1;0.4;0.3;-18.2;5.2
69208;2015;;;82.1;21.8;11.2;2.7;2.0;0.4;0.3;-17.8;5.4
69208;2016;;;83.1;22.6;10.0;2.6;1.8;0.4;0.4;-18.3;5.9
69208;2017;;;82.3;23.2;10.4;2.4;1.6;0.5;0.3;-18.3;4.9
69208;2018;;;84.3;22.9;10.5;2.2;1.5;0.4;0.3;-19.9;5.3
69208;2019;;;84.1;23.0;10.1;2.3;1.4;0.6;0.3;-19.5;5.9
69208;2020;;;83.0;23.4;10.2;2.3;1.4;0.7;0.2;-18.9;5.3
69208;2021;;;82.3;22.0;12.5;2.1;1.4;0.5;0.2;-18.9;5.9
69209;2014;;;;;;;;;;;
69209;2015;;;;;;;;;;;
69209;2016;;;;;;;;;;;
69209;2017;;;;;;;;;;;
69209;2018;;;;;;;;;;;
69209;2019;;;;;;;;;;;
69209;2020;;;;;;;;;;;
69209;2021;;;;;;;;;;;
69212;2014;;;;;;;;;;;
69212;2015;;;;;;;;;;;
69212;2016;;;;;;;;;;;
69212;2017;;;;;;;;;;;
69212;2018;;;;;;;;;;;
69212;2019;;;;;;;;;;;
69212;2020;;;;;;;;;;;
69212;2021;;;;;;;;;;;
69214;2014;;;;;;;;;;;
69214;2015;;;;;;;;;;;
69214;2016;;;;;;;;;;;
69214;2017;;;;;;;;;;;
69214;2018;;;;;;;;;;;
69214;2019;;;;;;;;;;;
69214;2020;;;;;;;;;;;
69214;2021;;;;;;;;;;;
69215;2014;;;;;;;;;;;
69215;2015;;;;;;;;;;;
69215;2016;;;;;;;;;;;
69215;2017;;;;;;;;;;;
69215;2018;;;;;;;;;;;
69215;2019;;;;;;;;;;;
69215;2020;;;;;;;;;;;
69215;2021;;;;;;;;;;;
69216;2014;;;;;;;;;;;
69216;2015;;;;;;;;;;;
69216;2016;;;;;;;;;;;
69216;2017;;;;;;;;;;;
69216;2018;;;;;;;;;;;
69216;2019;;;;;;;;;;;
69216;2020;;;;;;;;;;;
69216;2021;;;;;;;;;;;
69217;2014;;;;;;;;;;;
69217;2015;;;;;;;;;;;
69217;2016;;;;;;;;;;;
69217;2017;;;;;;;;;;;
69217;2018;;;;;;;;;;;
69217;2019;;;;;;;;;;;
69217;2020;;;;;;;;;;;
69217;2021;;;;;;;;;;;
69218;2014;;;;;;;;;;;
69218;2015;;;;;;;;;;;
69218;2016;;;;;;;;;;;
69218;2017;;;;;;;;;;;
69218;2018;;;;;;;;;;;
69218;2019;;;;;;;;;;;
69218;2020;;;;;;;;;;;
69218;2021;;;;;;;;;;;
69219;2014;82.4;76.3;;23.3;11.8;2.6;1.9;0.3;0.4;-20.1;6.1
69219;2015;;;83.0;22.7;11.6;2.6;1.7;0.4;0.4;-19.9;6.5
69219;2016;;;82.4;23.9;11.2;2.4;1.5;0.5;0.4;-19.9;6.3
69219;2017;;;81.5;24.4;11.6;2.4;1.6;0.4;0.4;-19.9;5.5
69219;2018;;;81.3;25.1;12.5;2.4;1.6;0.4;0.4;-21.3;5.7
69219;2019;;;76.3;24.0;17.4;2.4;1.5;0.6;0.3;-20.1;5.8
69219;2020;;;76.5;25.2;15.1;2.5;1.5;0.7;0.3;-19.3;5.0
69219;2021;;;77.4;26.8;12.7;2.4;1.4;0.7;0.3;-19.3;5.6
69220;2014;;;;;;;;;;;
69220;2015;;;;;;;;;;;
69220;2016;;;;;;;;;;;
69220;2017;;;;;;;;;;;
69220;2018;;;;;;;;;;;
69220;2019;;;;;;;;;;;
69220;2020;;;;;;;;;;;
69220;2021;;;;;;;;;;;
69225;2014;;;;;;;;;;;
69225;2015;;;;;;;;;;;
69225;2016;;;;;;;;;;;
69225;2017;;;;;;;;;;;
69225;2018;;;;;;;;;;;
69225;2019;;;;;;;;;;;
69225;2020;;;;;;;;;;;
69225;2021;;;;;;;;;;;
69227;2014;71.6;64.5;;26.1;13.8;4.2;2.7;0.6;0.9;-15.7;7.1
69227;2015;;;72.1;26.4;13.5;3.9;2.4;0.6;0.9;-15.9;6.4
69227;2016;;;71.6;27.1;12.6;4.1;2.3;0.8;0.9;-15.4;6.4
69227;2017;;;72.6;26.6;12.3;3.9;2.3;0.8;0.8;-15.4;6.0
69227;2018;;;72.9;26.4;13.6;3.9;2.2;0.9;0.8;-16.8;6.6
69227;2019;;;73.4;26.6;12.1;4.0;2.2;1.1;0.7;-16.1;6.8
69227;2020;;;72.3;27.2;11.3;3.9;2.1;1.2;0.6;-14.7;6.2
69227;2021;;;74.7;26.4;11.3;3.3;1.8;1.0;0.5;-15.7;6.7
69228;2014;77.2;71.3;;24.4;11.2;3.8;2.4;0.6;0.7;-16.6;5.9
69228;2015;;;77.2;24.9;10.8;3.6;2.1;0.8;0.7;-16.5;5.6
69228;2016;;;78.5;23.1;11.1;3.6;2.2;0.9;0.5;-16.3;6.9
69228;2017;;;78.6;23.4;11.2;3.4;2.1;0.8;0.5;-16.6;6.2
69228;2018;;;79.0;23.8;12.0;2.9;1.8;0.7;0.4;-17.7;6.5
69228;2019;;;78.0;24.1;11.8;3.2;1.8;1.0;0.4;-17.1;5.7
69228;2020;;;77.4;24.3;11.1;3.4;1.8;1.2;0.4;-16.2;5.8
69228;2021;;;78.8;24.4;10.1;3.2;1.7;1.1;0.4;-16.5;6.0
69229;2014;;;;;;;;;;;
69229;2015;;;;;;;;;;;
69229;2016;;;;;;;;;;;
69229;2017;;;;;;;;;;;
69229;2018;;;;;;;;;;;
69229;2019;;;;;;;;;;;
69229;2020;;;;;;;;;;;
69229;2021;;;;;;;;;;;
69230;2014;;;;;;;;;;;
69230;2015;;;;;;;;;;;
69230;2016;;;;;;;;;;;
69230;2017;;;;;;;;;;;
69230;2018;;;;;;;;;;;
69230;2019;;;;;;;;;;;
69230;2020;;;;;;;;;;;
69230;2021;;;;;;;;;;;
69231;2014;83.5;80.7;;22.3;6.4;3.8;2.6;0.5;0.6;-16.0;2.8
69231;2015;;;82.9;22.9;6.6;3.6;2.4;0.6;0.6;-16.0;3.3
69231;2016;;;84.1;22.0;6.1;3.6;2.3;0.8;0.6;-15.8;3.8
69231;2017;;;83.7;22.9;5.8;3.3;2.1;0.7;0.5;-15.7;3.7
69231;2018;;;84.6;23.0;6.2;3.3;2.0;0.8;0.5;-17.1;3.6
69231;2019;;;83.5;24.3;5.4;3.6;2.0;1.1;0.5;-16.8;3.5
69231;2020;;;81.7;24.1;6.5;3.6;1.9;1.2;0.5;-15.9;3.7
69231;2021;;;82.9;24.6;5.9;3.0;1.6;1.0;0.4;-16.4;3.9
69233;2014;;;;;;;;;;;
69233;2015;;;;;;;;;;;
69233;2016;;;;;;;;;;;
69233;2017;;;;;;;;;;;
69233;2018;;;;;;;;;;;
69233;2019;;;;;;;;;;;
69233;2020;;;;;;;;;;;
69233;2021;;;;;;;;;;;
69234;2014;;;;;;;;;;;
69234;2015;;;;;;;;;;;
69234;2016;;;;;;;;;;;
69234;2017;;;;;;;;;;;
69234;2018;;;;;;;;;;;
69234;2019;;;;;;;;;;;
69234;2020;;;;;;;;;;;
69234;2021;;;;;;;;;;;
69235;2014;;;;;;;;;;;
69235;2015;;;;;;;;;;;
69235;2016;;;;;;;;;;;
69235;2017;;;;;;;;;;;
69235;2018;;;;;;;;;;;
69235;2019;;;;;;;;;;;
69235;2020;;;;;;;;;;;
69235;2021;;;;;;;;;;;
69236;2014;;;;;;;;;;;
69236;2015;;;;;;;;;;;
69236;2016;;;;;;;;;;;
69236;2017;;;;;;;;;;;
69236;2018;;;;;;;;;;;
69236;2019;;;;;;;;;;;
69236;2020;;;;;;;;;;;
69236;2021;;;;;;;;;;;
69238;2014;60.8;57.6;;36.4;8.9;6.4;2.9;1.7;1.8;-12.5;3.2
69238;2015;;;60.3;36.6;9.4;6.3;2.8;1.7;1.8;-12.6;3.0
69238;2016;;;60.7;37.0;8.7;6.3;2.8;1.8;1.6;-12.7;2.7
69238;2017;;;61.7;36.3;8.4;6.1;2.8;1.8;1.5;-12.5;2.9
69238;2018;;;62.5;36.4;8.5;6.2;2.7;2.1;1.4;-13.6;2.8
69238;2019;;;61.3;37.0;7.8;6.6;2.6;2.6;1.4;-12.7;2.6
69238;2020;;;61.7;35.8;7.8;6.3;2.4;2.6;1.3;-11.6;2.6
69238;2021;;;63.7;35.6;7.2;5.7;2.3;2.4;1.0;-12.2;3.0
69239;2014;;;;;;;;;;;
69239;2015;;;;;;;;;;;
69239;2016;;;;;;;;;;;
69239;2017;;;;;;;;;;;
69239;2018;;;;;;;;;;;
69239;2019;;;;;;;;;;;
69239;2020;;;;;;;;;;;
69239;2021;;;;;;;;;;;
69240;2014;;;;;;;;;;;
69240;2015;;;;;;;;;;;
69240;2016;;;;;;;;;;;
69240;2017;;;;;;;;;;;
69240;2018;;;;;;;;;;;
69240;2019;;;;;;;;;;;
69240;2020;;;;;;;;;;;
69240;2021;;;;;;;;;;;
69241;2014;81.2;73.7;;21.6;12.8;3.0;2.2;0.5;0.4;-18.6;7.5
69241;2015;;;82.4;22.0;12.0;2.7;1.9;0.5;0.4;-19.1;7.5
69241;2016;;;82.5;21.9;11.6;2.6;1.7;0.6;0.4;-18.6;8.8
69241;2017;;;82.1;22.3;12.3;2.4;1.6;0.5;0.3;-19.1;8.5
69241;2018;;;82.6;23.1;11.9;2.6;1.7;0.6;0.3;-20.2;8.5
69241;2019;;;81.7;23.4;11.3;2.5;1.5;0.7;0.3;-18.9;8.3
69241;2020;;;81.3;23.9;11.0;2.5;1.4;0.8;0.3;-18.7;7.1
69241;2021;;;83.7;22.8;10.7;2.3;1.3;0.7;0.3;-19.5;7.3
69242;2014;;;;;;;;;;;
69242;2015;;;;;;;;;;;
69242;2016;;;;;;;;;;;
69242;2017;;;;;;;;;;;
69242;2018;;;;;;;;;;;
69242;2019;;;;;;;;;;;
69242;2020;;;;;;;;;;;
69242;2021;;;;;;;;;;;
69243;2014;63.7;60.6;;31.2;8.1;9.7;3.6;3.3;2.7;-12.7;3.1
69243;2015;;;63.2;31.4;8.3;9.8;3.5;3.4;2.8;-12.7;3.2
69243;2016;;;63.5;31.6;7.4;10.1;3.6;3.8;2.7;-12.6;3.2
69243;2017;;;63.8;31.3;7.1;10.1;3.6;3.9;2.6;-12.3;2.9
69243;2018;;;65.0;31.1;7.4;10.1;3.6;4.0;2.5;-13.6;2.9
69243;2019;;;64.7;30.4;6.8;10.7;3.5;4.8;2.4;-12.6;3.1
69243;2020;;;64.3;30.0;6.7;10.7;3.3;5.2;2.2;-11.7;2.8
69243;2021;;;66.1;30.2;6.4;9.7;3.0;4.8;1.9;-12.4;2.7
69244;2014;79.3;74.0;;25.4;14.2;3.1;1.7;0.7;0.8;-22.0;5.3
69244;2015;;;79.1;25.4;14.5;3.0;1.5;0.7;0.8;-22.0;5.7
69244;2016;;;79.9;25.2;13.8;3.1;1.5;0.8;0.8;-22.0;5.3
69244;2017;;;80.4;25.0;13.8;3.0;1.4;0.9;0.7;-22.2;5.2
69244;2018;;;80.8;25.5;14.1;2.8;1.3;0.9;0.6;-23.2;5.2
69244;2019;;;80.6;24.8;14.1;3.1;1.3;1.2;0.6;-22.6;4.9
69244;2020;;;80.1;25.1;13.4;3.2;1.3;1.3;0.6;-21.8;4.2
69244;2021;;;78.3;23.4;17.4;2.8;1.1;1.1;0.6;-21.9;4.6
69245;2014;;;;;;;;;;;
69245;2015;;;;;;;;;;;
69245;2016;;;;;;;;;;;
69245;2017;;;;;;;;;;;
69245;2018;;;;;;;;;;;
69245;2019;;;;;;;;;;;
69245;2020;;;;;;;;;;;
69245;2021;;;;;;;;;;;
69246;2014;;;;;;;;;;;
69246;2015;;;;;;;;;;;
69246;2016;;;;;;;;;;;
69246;2017;;;;;;;;;;;
69246;2018;;;;;;;;;;;
69246;2019;;;;;;;;;;;
69246;2020;;;;;;;;;;;
69246;2021;;;;;;;;;;;
69248;2014;60.7;55.8;;36.2;9.3;6.5;3.0;1.9;1.6;-12.7;4.9
69248;2015;;;61.0;36.6;8.7;6.3;2.7;2.0;1.5;-12.6;4.8
69248;2016;;;61.4;36.6;8.1;6.5;2.7;2.2;1.6;-12.6;4.7
69248;2017;;;61.7;36.6;7.7;6.6;2.8;2.3;1.5;-12.6;4.6
69248;2018;;;63.1;36.5;7.8;6.5;2.6;2.5;1.4;-13.9;4.9
69248;2019;;;62.0;36.6;7.3;7.2;2.8;3.0;1.4;-13.1;4.9
69248;2020;;;60.5;37.0;7.2;7.5;2.8;3.4;1.3;-12.2;3.8
69248;2021;;;63.5;36.0;6.0;7.0;2.6;3.2;1.2;-12.5;4.1
69249;2014;81.5;75.7;;19.6;12.5;3.5;2.3;0.6;0.6;-17.1;5.8
69249;2015;;;81.6;19.2;13.2;3.2;2.1;0.5;0.6;-17.2;6.5
69249;2016;;;81.9;19.0;13.0;3.2;2.1;0.7;0.5;-17.1;6.5
69249;2017;;;81.3;19.6;13.6;3.0;1.9;0.7;0.4;-17.5;6.1
69249;2018;;;81.8;19.6;14.1;3.0;1.9;0.7;0.4;-18.5;6.5
69249;2019;;;81.3;19.2;13.8;3.3;1.9;1.0;0.4;-17.6;6.2
69249;2020;;;82.1;19.1;12.5;3.3;1.8;1.1;0.4;-17.0;6.2
69249;2021;;;83.7;19.1;11.2;2.9;1.6;0.9;0.4;-16.9;6.2
69250;2014;73.9;68.4;;30.8;14.4;2.1;1.2;0.4;0.4;-21.2;5.5
69250;2015;;;73.4;31.4;14.7;2.0;1.2;0.4;0.5;-21.5;4.9
69250;2016;;;74.0;31.2;13.8;2.0;1.1;0.5;0.5;-21.0;4.1
69250;2017;;;74.6;31.0;13.8;1.8;1.0;0.4;0.4;-21.2;4.1
69250;2018;;;75.9;30.7;14.1;1.7;1.0;0.4;0.3;-22.4;3.9
69250;2019;;;76.3;29.9;13.8;1.9;1.0;0.6;0.3;-21.9;3.3
69250;2020;;;77.0;30.0;12.9;2.0;1.0;0.7;0.3;-21.9;3.5
69250;2021;;;78.1;29.0;13.1;1.8;0.9;0.6;0.3;-22.0;3.6
69252;2014;;;;;;;;;;;
69252;2015;;;;;;;;;;;
69252;2016;;;;;;;;;;;
69252;2017;;;;;;;;;;;
69252;2018;;;;;;;;;;;
69252;2019;;;;;;;;;;;
69252;2020;;;;;;;;;;;
69252;2021;;;;;;;;;;;
69253;2014;;;;;;;;;;;
69253;2015;;;;;;;;;;;
69253;2016;;;;;;;;;;;
69253;2017;;;;;;;;;;;
69253;2018;;;;;;;;;;;
69253;2019;;;;;;;;;;;
69253;2020;;;;;;;;;;;
69253;2021;;;;;;;;;;;
69254;2014;;;;;;;;;;;
69254;2015;;;;;;;;;;;
69254;2016;;;;;;;;;;;
69254;2017;;;;;;;;;;;
69254;2018;;;;;;;;;;;
69254;2019;;;;;;;;;;;
69254;2020;;;;;;;;;;;
69254;2021;;;;;;;;;;;
69255;2014;78.6;72.4;;23.5;12.9;3.3;2.3;0.4;0.6;-18.3;6.2
69255;2015;;;77.4;23.3;14.3;3.2;2.1;0.4;0.6;-18.2;5.5
69255;2016;;;77.6;24.2;13.2;3.2;2.0;0.6;0.6;-18.2;5.8
69255;2017;;;78.5;23.9;12.6;3.2;2.0;0.6;0.6;-18.2;5.2
69255;2018;;;79.5;24.2;12.6;3.0;1.9;0.6;0.5;-19.3;5.2
69255;2019;;;78.1;24.4;12.8;3.3;1.9;0.9;0.5;-18.6;4.9
69255;2020;;;77.1;23.9;13.8;3.4;1.9;1.0;0.5;-18.2;5.0
69255;2021;;;77.9;23.7;11.8;3.3;1.8;1.0;0.5;-16.7;5.4
69256;2014;69.4;67.3;;21.6;4.8;15.3;6.4;4.6;4.3;-11.1;2.1
69256;2015;;;69.1;21.6;4.9;15.6;6.4;4.9;4.3;-11.2;2.0
69256;2016;;;69.5;21.6;4.2;16.0;6.4;5.3;4.3;-11.3;1.9
69256;2017;;;69.4;21.2;4.1;16.4;6.6;5.6;4.2;-11.1;1.9
69256;2018;;;71.2;20.9;3.9;16.1;6.6;5.8;3.7;-12.1;2.1
69256;2019;;;70.6;20.2;4.0;16.5;6.4;6.5;3.6;-11.3;2.4
69256;2020;;;70.0;19.8;4.0;16.8;6.2;7.3;3.3;-10.6;2.2
69256;2021;;;73.5;19.0;3.6;15.1;5.7;6.5;2.9;-11.2;2.6
69257;2014;;;;;;;;;;;
69257;2015;;;;;;;;;;;
69257;2016;;;;;;;;;;;
69257;2017;;;;;;;;;;;
69257;2018;;;;;;;;;;;
69257;2019;;;;;;;;;;;
69257;2020;;;;;;;;;;;
69257;2021;;;;;;;;;;;
69258;2014;;;;;;;;;;;
69258;2015;;;;;;;;;;;
69258;2016;;;;;;;;;;;
69258;2017;;;;;;;;;;;
69258;2018;;;;;;;;;;;
69258;2019;;;;;;;;;;;
69258;2020;;;;;;;;;;;
69258;2021;;;;;;;;;;;
69259;2014;66.7;64.9;;26.6;5.4;13.6;5.4;4.3;3.9;-12.3;1.8
69259;2015;;;66.8;26.1;5.8;13.7;5.3;4.5;3.9;-12.4;1.7
69259;2016;;;66.9;26.0;5.1;14.3;5.5;4.9;4.0;-12.3;1.7
69259;2017;;;67.0;25.4;4.9;14.8;5.7;5.2;3.9;-12.1;1.7
69259;2018;;;68.3;25.0;4.9;14.7;5.7;5.5;3.5;-12.9;1.7
69259;2019;;;67.5;24.2;4.5;15.7;5.8;6.4;3.5;-11.9;1.8
69259;2020;;;67.1;23.5;4.0;16.2;5.8;7.1;3.3;-10.8;1.7
69259;2021;;;70.3;22.7;3.6;14.7;5.4;6.3;3.0;-11.3;2.2
69260;2014;79.3;74.8;;24.4;11.8;4.3;2.3;1.0;1.0;-19.8;4.5
69260;2015;;;79.5;23.8;12.0;4.5;2.2;1.2;1.1;-19.8;4.0
69260;2016;;;80.5;23.8;10.7;4.4;2.0;1.3;1.1;-19.4;3.8
69260;2017;;;81.7;23.5;9.4;4.6;2.1;1.4;1.1;-19.2;3.1
69260;2018;;;82.8;22.7;10.8;4.3;2.0;1.4;0.9;-20.6;4.4
69260;2019;;;83.2;21.3;10.1;4.6;2.0;1.7;0.9;-19.2;7.0
69260;2020;;;81.9;22.0;9.9;4.7;2.0;1.9;0.8;-18.5;3.2
69260;2021;;;82.3;22.0;10.9;4.0;1.8;1.5;0.7;-19.2;4.2
69261;2014;;;;;;;;;;;
69261;2015;;;;;;;;;;;
69261;2016;;;;;;;;;;;
69261;2017;;;;;;;;;;;
69261;2018;;;;;;;;;;;
69261;2020;;;;;;;;;;;
69261;2021;;;;;;;;;;;
69263;2014;;;;;;;;;;;
69263;2015;;;;;;;;;;;
69263;2016;;;;;;;;;;;
69263;2017;;;;;;;;;;;
69263;2018;;;;;;;;;;;
69263;2019;;;;;;;;;;;
69263;2020;;;;;;;;;;;
69263;2021;;;;;;;;;;;
69264;2014;68.7;65.7;;27.6;7.9;9.9;3.6;3.1;3.3;-14.1;3.0
69264;2015;;;67.4;27.8;9.0;10.0;3.5;3.2;3.2;-14.2;2.9
69264;2016;;;67.8;28.2;7.9;10.2;3.6;3.5;3.1;-14.1;2.7
69264;2017;;;67.7;28.5;7.9;10.1;3.6;3.5;3.0;-14.2;2.7
69264;2018;;;69.2;28.9;7.0;10.0;3.6;3.7;2.7;-15.1;2.8
69264;2019;;;67.9;28.8;7.0;10.5;3.5;4.4;2.6;-14.2;2.8
69264;2020;;;67.1;28.9;6.6;10.7;3.5;4.8;2.4;-13.3;2.5
69264;2021;;;69.9;28.5;5.8;9.4;3.2;4.1;2.1;-13.6;2.8
69265;2014;;;;;;;;;;;
69265;2015;;;;;;;;;;;
69265;2016;;;;;;;;;;;
69265;2017;;;;;;;;;;;
69265;2018;;;;;;;;;;;
69265;2019;;;;;;;;;;;
69265;2020;;;;;;;;;;;
69265;2021;;;;;;;;;;;
69266;2014;77.9;75.0;;22.8;7.7;7.5;2.9;2.2;2.4;-15.9;2.9
69266;2015;;;77.8;22.8;7.8;7.6;2.8;2.4;2.4;-16.0;2.9
69266;2016;;;78.3;22.7;7.2;7.8;2.7;2.7;2.4;-16.0;2.9
69266;2017;;;78.8;22.3;7.0;7.8;2.7;2.8;2.3;-15.9;3.0
69266;2018;;;80.8;21.7;6.9;7.7;2.7;2.9;2.1;-17.1;3.0
69266;2019;;;79.5;21.8;6.8;8.3;2.7;3.5;2.1;-16.4;3.2
69266;2020;;;79.9;20.8;6.1;8.6;2.6;3.9;2.1;-15.4;3.1
69266;2021;;;81.7;20.3;6.0;7.7;2.4;3.5;1.8;-15.7;3.6
69267;2014;76.4;60.7;;21.8;14.1;4.3;2.6;0.9;0.8;-16.6;15.7
69267;2015;;;74.8;22.6;14.9;4.4;2.5;1.0;0.9;-16.7;13.6
69267;2016;;;75.1;23.0;14.5;4.1;2.2;1.1;0.7;-16.7;13.9
69267;2017;;;75.9;22.7;13.8;3.9;2.2;1.0;0.7;-16.3;15.3
69267;2018;;;77.2;23.0;14.7;3.6;2.0;1.1;0.5;-18.5;15.3
69267;2019;;;75.0;23.6;14.7;4.2;2.0;1.5;0.7;-17.5;13.7
69267;2020;;;74.4;24.3;15.0;3.7;1.9;1.3;0.5;-17.4;13.1
69267;2021;;;;;;;;;;;
69268;2014;86.9;79.3;;20.1;13.3;2.4;1.6;0.4;0.4;-22.7;7.6
69268;2015;;;86.8;20.1;13.1;2.3;1.4;0.5;0.4;-22.3;7.9
69268;2016;;;86.1;21.3;12.3;2.5;1.4;0.6;0.5;-22.2;7.2
69268;2017;;;84.8;22.3;13.4;2.2;1.3;0.5;0.4;-22.7;6.6
69268;2018;;;85.0;22.6;14.3;2.2;1.2;0.6;0.4;-24.1;6.6
69268;2019;;;83.7;21.9;15.6;2.2;1.1;0.7;0.4;-23.4;6.5
69268;2020;;;84.3;23.0;12.6;2.4;1.1;0.9;0.4;-22.3;6.1
69268;2021;;;81.4;23.5;16.1;2.0;1.0;0.7;0.3;-23.0;6.0
69269;2014;;;;;;;;;;;
69269;2015;;;;;;;;;;;
69269;2016;;;;;;;;;;;
69269;2017;;;;;;;;;;;
69269;2018;;;;;;;;;;;
69269;2019;;;;;;;;;;;
69269;2020;;;;;;;;;;;
69269;2021;;;;;;;;;;;
69270;2014;80.1;73.5;;24.1;14.9;2.0;1.5;0.3;0.3;-21.1;6.6
69270;2015;;;78.5;24.3;16.9;1.9;1.4;0.2;0.3;-21.6;5.5
69270;2016;;;79.5;23.9;15.3;1.9;1.3;0.4;0.2;-20.6;5.5
69270;2017;;;80.1;23.9;16.0;1.9;1.3;0.4;0.2;-21.9;5.1
69270;2018;;;81.2;23.3;16.2;1.8;1.2;0.4;0.2;-22.5;5.0
69270;2019;;;79.4;22.7;17.4;1.9;1.2;0.5;0.2;-21.4;4.7
69270;2020;;;80.1;23.2;16.0;1.9;1.2;0.5;0.2;-21.2;4.2
69270;2021;;;80.8;23.1;15.2;1.7;1.1;0.5;0.1;-20.8;4.4
69271;2014;78.2;73.9;;27.0;12.1;3.0;1.7;0.6;0.6;-20.3;4.3
69271;2015;;;78.9;27.3;11.5;3.0;1.7;0.7;0.6;-20.7;4.2
69271;2016;;;80.0;27.0;10.7;3.1;1.6;0.8;0.6;-20.8;4.8
69271;2017;;;80.0;26.9;10.7;3.0;1.6;0.8;0.6;-20.6;4.7
69271;2018;;;82.1;26.1;11.6;2.8;1.5;0.8;0.5;-22.6;4.3
69271;2019;;;80.0;26.9;12.3;3.0;1.5;1.0;0.5;-22.2;4.5
69271;2020;;;78.8;27.1;12.3;3.2;1.5;1.2;0.5;-21.4;4.2
69271;2021;;;79.7;26.5;11.3;3.0;1.4;1.1;0.5;-20.5;4.7
69272;2014;79.7;74.2;;25.4;10.4;2.9;1.9;0.5;0.5;-18.4;5.5
69272;2015;;;79.5;25.9;10.3;2.9;1.8;0.5;0.5;-18.6;5.7
69272;2016;;;80.1;25.8;10.0;2.8;1.7;0.6;0.5;-18.7;5.8
69272;2017;;;80.7;25.1;10.2;2.7;1.6;0.6;0.5;-18.7;5.6
69272;2018;;;81.9;25.0;10.2;2.7;1.6;0.6;0.5;-19.8;6.1
69272;2019;;;80.6;25.4;9.7;3.1;1.7;0.9;0.5;-18.8;5.1
69272;2020;;;79.0;26.0;9.4;3.4;1.8;1.1;0.5;-17.8;4.1
69272;2021;;;78.9;26.1;10.1;3.2;1.7;1.0;0.5;-18.3;4.4
69273;2014;76.2;73.4;;27.5;8.7;4.1;2.6;0.7;0.7;-16.5;2.8
69273;2015;;;75.9;27.7;9.0;3.9;2.4;0.8;0.8;-16.5;2.9
69273;2016;;;75.0;28.8;8.8;4.1;2.4;1.0;0.8;-16.7;2.8
69273;2017;;;75.3;28.6;8.5;4.2;2.4;1.1;0.7;-16.6;2.7
69273;2018;;;76.6;28.7;8.3;4.2;2.4;1.1;0.7;-17.8;2.9
69273;2019;;;74.7;28.8;8.7;4.6;2.4;1.5;0.7;-16.8;3.0
69273;2020;;;76.0;28.4;7.9;4.8;2.4;1.7;0.7;-17.1;2.8
69273;2021;;;77.1;27.9;7.5;4.4;2.3;1.5;0.6;-16.9;2.9
69275;2014;74.6;71.8;;25.8;7.8;6.9;3.2;2.0;1.8;-15.1;2.8
69275;2015;;;73.5;25.9;9.2;6.9;3.1;2.0;1.8;-15.5;2.8
69275;2016;;;73.9;26.5;7.5;7.3;3.1;2.4;1.8;-15.2;2.9
69275;2017;;;73.7;26.4;7.7;7.4;3.2;2.5;1.7;-15.2;2.8
69275;2018;;;74.8;26.4;7.5;7.5;3.2;2.7;1.6;-16.2;3.0
69275;2019;;;73.8;26.1;7.5;7.9;3.1;3.2;1.6;-15.3;3.0
69275;2020;;;72.3;25.9;8.1;8.0;3.0;3.5;1.5;-14.3;2.8
69275;2021;;;73.6;24.8;9.3;7.2;2.7;3.2;1.3;-14.9;3.0
69276;2014;75.2;72.7;;26.5;6.9;6.2;3.3;1.6;1.3;-14.8;2.5
69276;2015;;;75.0;26.2;7.4;6.2;3.2;1.6;1.4;-14.8;2.6
69276;2016;;;75.3;26.6;6.6;6.4;3.1;1.9;1.4;-14.9;2.5
69276;2017;;;76.2;25.5;6.1;6.9;3.3;2.1;1.5;-14.7;2.4
69276;2018;;;76.5;25.9;6.1;7.0;3.3;2.3;1.4;-15.5;2.1
69276;2019;;;75.5;25.3;5.7;7.9;3.4;3.0;1.5;-14.4;2.2
69276;2020;;;74.7;24.8;5.6;8.1;3.3;3.3;1.5;-13.2;2.0
69276;2021;;;76.2;23.7;5.4;7.6;3.3;3.0;1.3;-12.9;2.6
69277;2014;83.6;79.5;;21.3;12.5;2.5;1.6;0.4;0.4;-19.9;4.1
69277;2015;;;83.1;21.7;12.5;2.4;1.5;0.4;0.4;-19.7;4.0
69277;2016;;;83.3;22.4;11.9;2.3;1.4;0.5;0.4;-19.9;3.8
69277;2017;;;82.7;23.0;11.9;2.3;1.4;0.5;0.4;-19.9;3.9
69277;2018;;;83.1;23.2;12.5;2.4;1.4;0.6;0.4;-21.2;4.1
69277;2019;;;82.0;23.2;12.8;2.5;1.3;0.8;0.4;-20.5;3.9
69277;2020;;;81.1;24.0;12.4;2.6;1.3;0.9;0.4;-20.1;3.5
69277;2021;;;82.6;23.5;11.9;2.4;1.2;0.8;0.4;-20.4;3.8
69278;2014;79.7;76.0;;24.3;9.2;4.1;2.4;0.9;0.9;-17.3;3.7
69278;2015;;;79.3;24.5;9.8;3.9;2.1;0.9;0.9;-17.5;3.9
69278;2016;;;79.2;25.2;9.4;4.0;2.1;1.0;0.9;-17.8;4.1
69278;2017;;;79.2;25.0;9.5;3.8;2.1;0.9;0.8;-17.5;4.0
69278;2018;;;80.9;24.9;9.3;3.8;2.0;1.0;0.8;-18.9;4.8
69278;2019;;;80.1;25.6;9.1;3.9;1.9;1.3;0.7;-18.7;4.8
69278;2020;;;79.0;25.7;9.1;4.0;1.9;1.4;0.7;-17.8;4.2
69278;2021;;;80.8;25.6;7.8;3.6;1.7;1.3;0.6;-17.8;4.6
69279;2014;81.3;75.9;;23.4;11.5;2.9;2.0;0.6;0.3;-19.1;5.4
69279;2015;;;81.8;24.3;10.1;2.8;1.9;0.6;0.3;-19.0;5.4
69279;2016;;;81.4;24.8;9.8;2.7;1.7;0.7;0.3;-18.7;5.0
69279;2017;;;81.0;25.1;9.7;2.8;1.8;0.7;0.3;-18.6;4.8
69279;2018;;;80.5;25.8;10.6;2.9;1.8;0.8;0.3;-19.8;4.8
69279;2019;;;81.3;26.1;9.3;2.9;1.7;0.9;0.3;-19.6;5.0
69279;2020;;;79.3;26.6;9.6;2.8;1.6;1.0;0.2;-18.3;4.1
69279;2021;;;79.7;26.6;9.0;2.6;1.5;0.9;0.2;-17.9;4.7
69280;2014;;;;;;;;;;;
69280;2015;;;;;;;;;;;
69280;2016;;;;;;;;;;;
69280;2017;;;;;;;;;;;
69280;2018;;;;;;;;;;;
69280;2019;;;;;;;;;;;
69280;2020;;;;;;;;;;;
69280;2021;;;;;;;;;;;
69281;2014;;;;;;;;;;;
69281;2015;;;;;;;;;;;
69281;2016;;;;;;;;;;;
69281;2017;;;;;;;;;;;
69281;2018;;;;;;;;;;;
69281;2019;;;;;;;;;;;
69281;2020;;;;;;;;;;;
69281;2021;;;;;;;;;;;
69282;2014;74.2;71.0;;28.0;9.0;5.3;2.9;1.2;1.2;-16.5;3.2
69282;2015;;;74.7;27.6;9.0;5.2;2.8;1.2;1.2;-16.5;3.3
69282;2016;;;75.0;27.5;8.5;5.4;2.8;1.4;1.2;-16.4;3.2
69282;2017;;;75.9;27.0;8.1;5.5;2.9;1.5;1.1;-16.5;3.3
69282;2018;;;77.4;26.5;8.2;5.4;2.8;1.6;1.0;-17.5;3.2
69282;2019;;;77.5;25.6;7.7;5.9;2.8;2.0;1.1;-16.7;3.5
69282;2020;;;76.6;25.2;8.2;6.0;2.7;2.3;1.0;-16.0;3.3
69282;2021;;;78.8;24.7;7.3;5.5;2.5;2.1;0.9;-16.3;3.6
69283;2014;79.6;75.9;;24.0;9.0;4.3;2.7;0.9;0.8;-16.9;3.7
69283;2015;;;79.5;24.0;8.8;4.6;2.7;1.0;0.9;-16.9;3.3
69283;2016;;;79.8;23.8;8.3;4.7;2.7;1.1;0.9;-16.6;3.4
69283;2017;;;79.5;23.6;8.7;4.7;2.6;1.2;0.9;-16.5;3.2
69283;2018;;;81.2;23.8;8.1;4.6;2.5;1.3;0.8;-17.7;3.1
69283;2019;;;80.2;23.8;8.0;5.0;2.5;1.7;0.8;-17.0;3.4
69283;2020;;;79.4;24.0;7.7;5.0;2.5;1.8;0.7;-16.1;3.2
69283;2021;;;80.2;23.6;7.7;4.7;2.3;1.7;0.7;-16.2;3.6
69284;2014;83.0;76.9;;21.2;15.5;2.3;1.7;0.3;0.3;-22.0;6.1
69284;2015;;;83.0;21.1;15.2;2.0;1.4;0.3;0.3;-21.3;7.0
69284;2016;;;83.0;22.2;14.3;2.0;1.3;0.4;0.3;-21.5;5.4
69284;2017;;;83.6;22.3;13.0;2.0;1.3;0.4;0.3;-20.9;5.9
69284;2018;;;84.5;22.5;14.1;1.9;1.2;0.4;0.3;-23.0;5.1
69284;2019;;;83.1;22.9;14.3;1.9;1.0;0.6;0.3;-22.2;5.2
69284;2020;;;84.7;24.2;11.5;1.9;1.0;0.6;0.3;-22.3;5.3
69284;2021;;;85.0;25.3;10.3;1.6;0.9;0.5;0.2;-22.2;5.6
69285;2014;78.9;74.3;;22.1;12.2;3.9;2.8;0.6;0.6;-17.1;4.6
69285;2015;;;79.2;23.0;11.0;3.9;2.7;0.6;0.6;-17.1;4.4
69285;2016;;;78.7;23.3;11.0;3.9;2.5;0.9;0.5;-16.9;4.4
69285;2017;;;79.0;23.8;10.5;3.6;2.4;0.7;0.5;-16.9;4.7
69285;2018;;;80.0;23.7;10.6;3.7;2.4;0.9;0.4;-18.0;5.0
69285;2019;;;80.2;23.1;10.3;3.9;2.3;1.2;0.4;-17.5;4.6
69285;2020;;;80.6;22.3;10.6;3.9;2.3;1.2;0.4;-17.4;4.8
69285;2021;;;81.9;21.7;12.0;3.3;2.0;1.0;0.3;-18.9;5.1
69286;2014;70.8;67.1;;26.3;8.3;9.8;4.1;2.9;2.9;-15.2;3.7
69286;2015;;;70.5;26.1;9.0;9.8;3.9;3.0;2.9;-15.4;3.7
69286;2016;;;70.6;26.2;8.4;10.2;4.0;3.3;2.9;-15.4;4.2
69286;2017;;;71.9;25.5;8.1;10.1;4.0;3.3;2.8;-15.6;3.8
69286;2018;;;73.3;25.1;8.3;9.9;4.0;3.5;2.4;-16.6;3.8
69286;2019;;;71.5;25.5;8.5;10.5;4.0;4.1;2.4;-16.0;4.2
69286;2020;;;71.6;25.0;7.7;10.8;3.9;4.7;2.2;-15.1;3.6
69286;2021;;;73.1;24.2;8.5;9.7;3.7;4.1;1.9;-15.5;3.8
69287;2014;84.0;79.5;;22.4;9.4;2.7;1.9;0.4;0.4;-18.5;4.5
69287;2015;;;84.7;22.5;8.7;2.5;1.7;0.4;0.4;-18.4;4.4
69287;2016;;;84.0;22.9;9.0;2.6;1.6;0.5;0.4;-18.5;4.1
69287;2017;;;83.6;23.4;9.1;2.4;1.6;0.5;0.3;-18.5;3.6
69287;2018;;;84.1;23.6;9.9;2.4;1.5;0.6;0.3;-20.0;4.0
69287;2019;;;83.3;23.8;9.7;2.5;1.5;0.7;0.3;-19.3;4.3
69287;2020;;;82.7;23.9;9.4;2.6;1.5;0.8;0.3;-18.6;4.0
69287;2021;;;82.4;23.0;10.8;2.4;1.4;0.7;0.3;-18.6;4.1
69288;2014;77.7;74.4;;26.0;11.6;2.9;2.0;0.5;0.4;-18.2;3.3
69288;2015;;;78.1;26.4;10.9;2.9;1.9;0.5;0.4;-18.3;3.4
69288;2016;;;77.7;26.7;10.9;2.9;1.8;0.7;0.4;-18.2;3.4
69288;2017;;;78.1;27.0;10.1;2.8;1.7;0.7;0.4;-18.0;3.5
69288;2018;;;78.7;27.0;11.3;2.6;1.6;0.6;0.4;-19.6;3.7
69288;2019;;;77.9;26.7;10.6;3.0;1.6;1.0;0.4;-18.2;3.9
69288;2020;;;77.1;27.0;10.5;3.0;1.5;1.1;0.4;-17.6;3.3
69288;2021;;;78.7;26.3;9.8;2.8;1.5;1.0;0.3;-17.6;3.6
69289;2014;81.8;75.1;;23.7;10.1;2.6;1.9;0.3;0.3;-18.2;6.7
69289;2015;;;82.9;24.1;9.1;2.4;1.7;0.4;0.4;-18.5;6.8
69289;2016;;;82.9;23.8;9.6;2.4;1.6;0.4;0.3;-18.7;6.6
69289;2017;;;83.4;23.8;9.4;2.3;1.6;0.4;0.3;-18.9;7.1
69289;2018;;;84.5;23.8;9.9;2.3;1.5;0.5;0.3;-20.5;7.2
69289;2019;;;82.9;23.9;10.2;2.5;1.5;0.7;0.3;-19.5;6.4
69289;2020;;;82.3;24.2;9.3;2.6;1.5;0.8;0.3;-18.4;6.6
69289;2021;;;82.8;23.5;10.6;2.3;1.3;0.7;0.3;-19.2;7.1
69290;2014;73.5;70.9;;26.4;7.8;7.3;3.5;1.9;1.9;-15.0;2.6
69290;2015;;;73.8;26.1;7.6;7.5;3.6;2.0;1.9;-15.0;2.6
69290;2016;;;74.2;25.9;6.9;7.8;3.6;2.3;1.9;-14.8;2.7
69290;2017;;;74.6;25.3;6.9;8.0;3.7;2.4;1.9;-14.8;2.6
69290;2018;;;76.1;24.9;6.7;8.1;3.7;2.6;1.8;-15.8;2.7
69290;2019;;;75.4;24.4;6.6;8.6;3.7;3.2;1.7;-15.0;2.6
69290;2020;;;75.3;23.9;6.1;8.7;3.6;3.5;1.6;-14.0;2.5
69290;2021;;;78.0;23.2;5.3;8.0;3.4;3.2;1.4;-14.5;2.8
69291;2014;80.2;76.2;;24.7;8.4;3.5;2.1;0.6;0.7;-16.8;4.0
69291;2015;;;80.6;24.2;8.4;3.6;2.1;0.7;0.7;-16.8;4.2
69291;2016;;;80.8;24.2;7.8;3.7;2.1;0.9;0.7;-16.5;4.1
69291;2017;;;80.7;24.4;8.2;3.5;2.0;0.8;0.7;-16.8;3.6
69291;2018;;;82.8;23.6;8.0;3.6;1.9;1.0;0.7;-18.0;4.1
69291;2019;;;81.7;23.0;8.9;3.8;1.9;1.3;0.6;-17.4;3.9
69291;2020;;;82.4;22.7;7.6;4.0;1.8;1.5;0.7;-16.7;4.0
69291;2021;;;83.7;23.0;6.8;3.6;1.8;1.3;0.5;-17.1;4.1
69292;2014;84.5;81.9;;20.3;6.2;5.1;2.7;1.1;1.3;-16.1;2.6
69292;2015;;;83.5;21.0;6.6;5.1;2.6;1.2;1.3;-16.2;2.6
69292;2016;;;83.5;21.2;6.3;5.1;2.5;1.4;1.3;-16.1;2.7
69292;2017;;;83.1;21.5;6.6;4.9;2.3;1.5;1.1;-16.1;2.4
69292;2018;;;85.3;20.5;6.2;5.1;2.4;1.5;1.2;-17.1;2.1
69292;2019;;;83.8;21.0;6.2;5.3;2.3;1.9;1.1;-16.3;2.5
69292;2020;;;82.2;21.4;6.0;5.5;2.3;2.2;1.0;-15.1;2.3
69292;2021;;;84.1;20.7;5.9;5.0;2.2;1.9;0.9;-15.7;2.6
69293;2014;86.4;79.9;;20.3;12.4;2.4;1.8;0.2;0.3;-21.5;6.5
69293;2015;;;86.9;20.3;12.2;2.1;1.6;0.2;0.3;-21.5;5.8
69293;2016;;;86.6;21.6;11.3;1.8;1.3;0.2;0.2;-21.3;6.1
69293;2017;;;88.0;20.5;11.7;1.5;1.1;0.2;0.2;-21.7;6.7
69293;2018;;;90.1;20.7;11.4;1.6;1.1;0.3;0.2;-23.8;6.5
69293;2019;;;88.3;20.3;13.0;1.7;1.0;0.4;0.3;-23.3;7.0
69293;2020;;;88.8;20.9;11.3;2.0;1.1;0.6;0.3;-23.0;6.6
69293;2021;;;88.3;19.7;13.4;1.5;0.9;0.4;0.2;-22.9;7.5
69294;2014;78.0;75.1;;27.1;9.2;3.1;2.0;0.7;0.5;-17.4;2.9
69294;2015;;;77.4;27.1;9.8;3.1;1.9;0.7;0.5;-17.4;3.1
69294;2016;;;76.6;27.1;10.3;3.2;1.9;0.8;0.5;-17.2;4.1
69294;2017;;;75.7;27.3;11.0;3.2;2.0;0.8;0.4;-17.2;2.7
69294;2018;;;77.6;26.6;11.1;3.4;2.0;0.9;0.5;-18.7;2.6
69294;2019;;;77.8;25.7;10.3;3.8;2.1;1.2;0.5;-17.6;3.0
69294;2020;;;77.6;25.5;8.8;4.1;2.1;1.4;0.6;-16.0;3.3
69294;2021;;;79.5;25.3;8.2;3.8;2.1;1.2;0.5;-16.8;3.5
69295;2014;;;;;;;;;;;
69295;2015;;;;;;;;;;;
69295;2016;;;;;;;;;;;
69295;2017;;;;;;;;;;;
69295;2018;;;;;;;;;;;
69295;2019;;;;;;;;;;;
69295;2020;;;;;;;;;;;
69295;2021;;;;;;;;;;;
69296;2014;78.6;74.0;;24.6;13.0;2.5;1.8;0.3;0.4;-18.7;4.6
69296;2015;;;78.6;24.4;13.3;2.6;1.7;0.4;0.5;-18.9;4.1
69296;2016;;;78.8;24.7;12.5;2.7;1.7;0.6;0.5;-18.7;4.2
69296;2017;;;78.9;25.0;11.8;3.0;1.8;0.7;0.5;-18.7;4.2
69296;2018;;;79.9;24.5;12.8;2.7;1.7;0.6;0.4;-19.9;4.3
69296;2019;;;79.9;24.5;12.3;2.9;1.8;0.8;0.3;-19.6;4.8
69296;2020;;;79.0;24.9;12.3;2.8;1.7;0.8;0.3;-19.0;4.3
69296;2021;;;79.9;23.9;12.6;2.4;1.5;0.7;0.2;-18.8;5.0
69297;2014;74.9;71.0;;28.5;11.1;3.3;2.1;0.6;0.5;-17.8;3.9
69297;2015;;;75.0;28.2;11.2;3.2;2.0;0.7;0.5;-17.6;3.6
69297;2016;;;75.8;28.3;10.0;3.4;1.9;0.8;0.6;-17.5;3.7
69297;2017;;;76.4;27.7;10.3;3.4;2.0;0.8;0.6;-17.8;3.7
69297;2018;;;78.8;26.9;9.9;3.3;1.9;0.9;0.5;-18.9;4.1
69297;2019;;;78.2;26.6;9.9;3.6;1.9;1.1;0.6;-18.3;4.1
69297;2020;;;77.5;26.4;10.3;3.8;1.9;1.3;0.6;-18.0;3.5
69297;2021;;;79.4;26.2;8.9;3.6;1.9;1.1;0.6;-18.1;4.0
69298;2014;82.5;77.4;;20.9;13.1;2.5;1.9;0.3;0.3;-19.0;5.1
69298;2015;;;83.3;20.8;12.4;2.5;1.9;0.3;0.3;-19.0;4.1
69298;2016;;;84.1;20.9;11.1;2.5;1.9;0.4;0.2;-18.6;4.0
69298;2017;;;84.8;20.6;10.7;2.4;1.8;0.4;0.2;-18.5;4.5
69298;2018;;;87.1;20.0;10.4;2.4;1.7;0.5;0.2;-19.9;4.3
69298;2019;;;86.0;20.4;10.8;2.4;1.6;0.6;0.2;-19.6;4.3
69298;2020;;;85.5;20.0;11.1;2.3;1.5;0.6;0.2;-18.9;4.0
69298;2021;;;83.8;20.2;13.2;2.1;1.3;0.6;0.2;-19.3;4.1
69299;2014;84.3;80.5;;19.9;8.6;3.0;2.1;0.5;0.4;-15.8;3.8
69299;2015;;;84.1;21.3;8.3;2.6;1.8;0.5;0.4;-16.3;3.9
69299;2016;;;83.0;21.7;8.4;2.7;1.7;0.7;0.3;-15.8;3.4
69299;2017;;;83.9;21.4;7.6;2.8;1.8;0.6;0.4;-15.7;3.5
69299;2018;;;84.4;21.7;8.3;2.8;1.8;0.7;0.3;-17.2;4.1
69299;2019;;;83.9;21.1;8.5;3.3;1.7;1.2;0.4;-16.8;3.7
69299;2020;;;83.3;21.3;7.9;3.4;1.7;1.3;0.4;-15.9;3.6
69299;2021;;;84.6;21.6;7.7;2.8;1.5;1.0;0.3;-16.7;4.1
